patient_id,pathway_index,n_valid_patches,n_deleted,attention_mass_top,baseline_risk,attention_delete_risk,attention_delete_abs_delta,random_delete_risk,random_delete_abs_delta,faithfulness_gain,faithfulness_ratio
TCGA-2F-A9KO,0,144,15,0.104221411049366,-9.814298629760742,-9.813495635986328,0.0008029937744140625,-9.814288139343262,1.049041748046875e-05,0.0007925033569335938,76.54545454545455
TCGA-2F-A9KO,1,144,15,0.1043134480714798,-9.814298629760742,-9.81558895111084,0.0012903213500976562,-9.8142728805542,2.574920654296875e-05,0.0012645721435546875,50.111111111111114
TCGA-2F-A9KO,2,144,15,0.10431711375713348,-9.814298629760742,-9.81558895111084,0.0012903213500976562,-9.81400203704834,0.00029659271240234375,0.0009937286376953125,4.35048231511254
TCGA-2F-A9KO,3,144,15,0.10422451049089432,-9.814298629760742,-9.813868522644043,0.00043010711669921875,-9.814728736877441,0.00043010711669921875,0.0,1.0
TCGA-2F-A9KO,4,144,15,0.10434279590845108,-9.814298629760742,-9.811915397644043,0.0023832321166992188,-9.814290046691895,8.58306884765625e-06,0.0023746490478515625,277.6666666666667
TCGA-2F-A9KO,5,144,15,0.1042252779006958,-9.814298629760742,-9.814197540283203,0.0001010894775390625,-9.814177513122559,0.00012111663818359375,-2.002716064453125e-05,0.8346456692913385
TCGA-2F-A9KO,6,144,15,0.10474015027284622,-9.814298629760742,-9.811846733093262,0.0024518966674804688,-9.814506530761719,0.0002079010009765625,0.0022439956665039062,11.793577981651376
TCGA-2F-A9KO,7,144,15,0.10423178225755692,-9.814298629760742,-9.812151908874512,0.0021467208862304688,-9.814372062683105,7.343292236328125e-05,0.0020732879638671875,29.233766233766232
TCGA-2F-A9KO,8,144,15,0.10435651987791061,-9.814298629760742,-9.815707206726074,0.0014085769653320312,-9.814416885375977,0.000118255615234375,0.0012903213500976562,11.911290322580646
TCGA-2F-A9KO,9,144,15,0.10424450039863586,-9.814298629760742,-9.815442085266113,0.0011434555053710938,-9.814387321472168,8.869171142578125e-05,0.0010547637939453125,12.89247311827957
TCGA-2F-A9KO,10,144,15,0.10423944145441055,-9.814298629760742,-9.815442085266113,0.0011434555053710938,-9.81381893157959,0.00047969818115234375,0.00066375732421875,2.3836978131212723
TCGA-2F-A9KO,11,144,15,0.10423126071691513,-9.814298629760742,-9.814197540283203,0.0001010894775390625,-9.814393997192383,9.5367431640625e-05,5.7220458984375e-06,1.06
TCGA-2F-A9KO,12,144,15,0.1046471893787384,-9.814298629760742,-9.811846733093262,0.0024518966674804688,-9.814499855041504,0.00020122528076171875,0.00225067138671875,12.184834123222748
TCGA-2F-A9KO,13,144,15,0.10423198342323303,-9.814298629760742,-9.813718795776367,0.000579833984375,-9.814291954040527,6.67572021484375e-06,0.0005731582641601562,86.85714285714286
TCGA-2F-A9KO,14,144,15,0.10425151884555817,-9.814298629760742,-9.8154935836792,0.0011949539184570312,-9.813820838928223,0.00047779083251953125,0.0007171630859375,2.500998003992016
TCGA-2F-A9KO,15,144,15,0.10436670482158661,-9.814298629760742,-9.811797142028809,0.0025014877319335938,-9.81440258026123,0.00010395050048828125,0.0023975372314453125,24.06422018348624
TCGA-2F-A9KO,16,144,15,0.10433089733123779,-9.814298629760742,-9.815707206726074,0.0014085769653320312,-9.814337730407715,3.910064697265625e-05,0.001369476318359375,36.02439024390244
TCGA-2F-A9KO,17,144,15,0.10433933883905411,-9.814298629760742,-9.81175708770752,0.0025415420532226562,-9.814719200134277,0.00042057037353515625,0.0021209716796875,6.043083900226757
TCGA-2F-A9KO,18,144,15,0.10456309467554092,-9.814298629760742,-9.811846733093262,0.0024518966674804688,-9.814141273498535,0.00015735626220703125,0.0022945404052734375,15.581818181818182
TCGA-2F-A9KO,19,144,15,0.1047508716583252,-9.814298629760742,-9.811846733093262,0.0024518966674804688,-9.814648628234863,0.00034999847412109375,0.002101898193359375,7.005449591280654
TCGA-2F-A9KO,20,144,15,0.10445838421583176,-9.814298629760742,-9.815656661987305,0.0013580322265625,-9.814281463623047,1.71661376953125e-05,0.0013408660888671875,79.11111111111111
TCGA-2F-A9KO,21,144,15,0.10421936213970184,-9.814298629760742,-9.813068389892578,0.0012302398681640625,-9.814379692077637,8.106231689453125e-05,0.0011491775512695312,15.176470588235293
TCGA-2F-A9KO,22,144,15,0.1042795330286026,-9.814298629760742,-9.81558895111084,0.0012903213500976562,-9.81406307220459,0.00023555755615234375,0.0010547637939453125,5.477732793522267
TCGA-2F-A9KO,23,144,15,0.10427218675613403,-9.814298629760742,-9.81558895111084,0.0012903213500976562,-9.814146995544434,0.00015163421630859375,0.0011386871337890625,8.50943396226415
TCGA-2F-A9KO,24,144,15,0.10428955405950546,-9.814298629760742,-9.81558895111084,0.0012903213500976562,-9.813645362854004,0.0006532669067382812,0.000637054443359375,1.9751824817518249
TCGA-2F-A9KO,25,144,15,0.10440151393413544,-9.814298629760742,-9.811797142028809,0.0025014877319335938,-9.814725875854492,0.00042724609375,0.0020742416381835938,5.854910714285714
TCGA-2F-A9KO,26,144,15,0.1042613834142685,-9.814298629760742,-9.81558895111084,0.0012903213500976562,-9.814507484436035,0.00020885467529296875,0.0010814666748046875,6.178082191780822
TCGA-2F-A9KO,27,144,15,0.10425320267677307,-9.814298629760742,-9.81558895111084,0.0012903213500976562,-9.81434154510498,4.291534423828125e-05,0.001247406005859375,30.066666666666666
TCGA-2F-A9KO,28,144,15,0.10431426018476486,-9.814298629760742,-9.81558895111084,0.0012903213500976562,-9.814129829406738,0.00016880035400390625,0.00112152099609375,7.6440677966101696
TCGA-2F-A9KO,29,144,15,0.10432522743940353,-9.814298629760742,-9.81558895111084,0.0012903213500976562,-9.814236640930176,6.198883056640625e-05,0.00122833251953125,20.815384615384616
TCGA-2F-A9KO,30,144,15,0.10437546670436859,-9.814298629760742,-9.815656661987305,0.0013580322265625,-9.814558982849121,0.00026035308837890625,0.0010976791381835938,5.216117216117216
TCGA-2F-A9KO,31,144,15,0.10457714647054672,-9.814298629760742,-9.811846733093262,0.0024518966674804688,-9.814469337463379,0.00017070770263671875,0.00228118896484375,14.363128491620111
TCGA-2F-A9KO,32,144,15,0.10423514991998672,-9.814298629760742,-9.813612937927246,0.0006856918334960938,-9.81452465057373,0.00022602081298828125,0.0004596710205078125,3.0337552742616034
TCGA-2F-A9KO,33,144,15,0.10428784042596817,-9.814298629760742,-9.811772346496582,0.0025262832641601562,-9.81409740447998,0.00020122528076171875,0.0023250579833984375,12.554502369668246
TCGA-2F-A9KO,34,144,15,0.10431459546089172,-9.814298629760742,-9.81558895111084,0.0012903213500976562,-9.814488410949707,0.00018978118896484375,0.0011005401611328125,6.798994974874372
TCGA-2F-A9KO,35,144,15,0.10422804951667786,-9.814298629760742,-9.814850807189941,0.0005521774291992188,-9.814162254333496,0.00013637542724609375,0.000415802001953125,4.048951048951049
TCGA-2F-A9KO,36,144,15,0.104300856590271,-9.814298629760742,-9.81558895111084,0.0012903213500976562,-9.814687728881836,0.00038909912109375,0.0009012222290039062,3.3161764705882355
TCGA-2F-A9KO,37,144,15,0.10431698709726334,-9.814298629760742,-9.81558895111084,0.0012903213500976562,-9.814287185668945,1.1444091796875e-05,0.0012788772583007812,112.75
TCGA-2F-A9KO,38,144,15,0.10445637255907059,-9.814298629760742,-9.811846733093262,0.0024518966674804688,-9.814249992370605,4.863739013671875e-05,0.00240325927734375,50.411764705882355
TCGA-2F-A9KO,39,144,15,0.10428567230701447,-9.814298629760742,-9.81558895111084,0.0012903213500976562,-9.814038276672363,0.00026035308837890625,0.00102996826171875,4.956043956043956
TCGA-2F-A9KO,40,144,15,0.10479017347097397,-9.814298629760742,-9.811846733093262,0.0024518966674804688,-9.813843727111816,0.00045490264892578125,0.0019969940185546875,5.389937106918239
TCGA-2F-A9KO,41,144,15,0.10446944832801819,-9.814298629760742,-9.811846733093262,0.0024518966674804688,-9.814412117004395,0.00011348724365234375,0.002338409423828125,21.605042016806724
TCGA-2F-A9KO,42,144,15,0.10430299490690231,-9.814298629760742,-9.81558895111084,0.0012903213500976562,-9.814265251159668,3.337860107421875e-05,0.0012569427490234375,38.65714285714286
TCGA-2F-A9KO,43,144,15,0.10426509380340576,-9.814298629760742,-9.81558895111084,0.0012903213500976562,-9.81423568725586,6.29425048828125e-05,0.0012273788452148438,20.5
TCGA-2F-A9KO,44,144,15,0.1043110340833664,-9.814298629760742,-9.81558895111084,0.0012903213500976562,-9.814071655273438,0.0002269744873046875,0.0010633468627929688,5.684873949579832
TCGA-2F-A9KO,45,144,15,0.10434584319591522,-9.814298629760742,-9.815707206726074,0.0014085769653320312,-9.814528465270996,0.00022983551025390625,0.001178741455078125,6.128630705394191
TCGA-2F-A9KO,46,144,15,0.10430195182561874,-9.814298629760742,-9.811772346496582,0.0025262832641601562,-9.814299583435059,9.5367431640625e-07,0.00252532958984375,2649.0
TCGA-2F-A9KO,47,144,15,0.10430468618869781,-9.814298629760742,-9.81558895111084,0.0012903213500976562,-9.81454086303711,0.0002422332763671875,0.0010480880737304688,5.326771653543307
TCGA-2F-A9KO,48,144,15,0.10440687835216522,-9.814298629760742,-9.815656661987305,0.0013580322265625,-9.814688682556152,0.00039005279541015625,0.0009679794311523438,3.4816625916870416
TCGA-2F-A9KO,49,144,15,0.1043291985988617,-9.814298629760742,-9.815707206726074,0.0014085769653320312,-9.814270973205566,2.765655517578125e-05,0.00138092041015625,50.93103448275862
TCGA-2F-A9KO,50,144,15,0.10429497808218002,-9.814298629760742,-9.81558895111084,0.0012903213500976562,-9.814374923706055,7.62939453125e-05,0.0012140274047851562,16.9125
TCGA-2F-A9KO,51,144,15,0.10434357821941376,-9.814298629760742,-9.815707206726074,0.0014085769653320312,-9.814552307128906,0.0002536773681640625,0.0011548995971679688,5.552631578947368
TCGA-2F-A9KO,52,144,15,0.10423977673053741,-9.814298629760742,-9.815442085266113,0.0011434555053710938,-9.81446361541748,0.00016498565673828125,0.0009784698486328125,6.930635838150289
TCGA-2F-A9KO,53,144,15,0.1043500155210495,-9.814298629760742,-9.815707206726074,0.0014085769653320312,-9.814136505126953,0.0001621246337890625,0.0012464523315429688,8.688235294117646
TCGA-2F-A9KO,54,144,15,0.10426420718431473,-9.814298629760742,-9.81558895111084,0.0012903213500976562,-9.814462661743164,0.000164031982421875,0.0011262893676757812,7.866279069767442
TCGA-2F-A9KO,55,144,15,0.1042485162615776,-9.814298629760742,-9.8154935836792,0.0011949539184570312,-9.814337730407715,3.910064697265625e-05,0.001155853271484375,30.5609756097561
TCGA-2F-A9KO,56,144,15,0.10448948293924332,-9.814298629760742,-9.815656661987305,0.0013580322265625,-9.814043045043945,0.000255584716796875,0.001102447509765625,5.313432835820896
TCGA-2F-A9KO,57,144,15,0.10432380437850952,-9.814298629760742,-9.81179141998291,0.0025072097778320312,-9.814188957214355,0.00010967254638671875,0.0023975372314453125,22.860869565217392
TCGA-2F-A9KO,58,144,15,0.10426520556211472,-9.814298629760742,-9.81558895111084,0.0012903213500976562,-9.814728736877441,0.00043010711669921875,0.0008602142333984375,3.0
TCGA-2F-A9KO,59,144,15,0.10423868894577026,-9.814298629760742,-9.815442085266113,0.0011434555053710938,-9.814270973205566,2.765655517578125e-05,0.0011157989501953125,41.3448275862069
TCGA-2F-A9KO,60,144,15,0.10439594835042953,-9.814298629760742,-9.815656661987305,0.0013580322265625,-9.814414978027344,0.0001163482666015625,0.0012416839599609375,11.672131147540984
TCGA-2F-A9KO,61,144,15,0.10428553074598312,-9.814298629760742,-9.81558895111084,0.0012903213500976562,-9.814393997192383,9.5367431640625e-05,0.0011949539184570312,13.53
TCGA-2F-A9KO,62,144,15,0.10438477993011475,-9.814298629760742,-9.815656661987305,0.0013580322265625,-9.81428050994873,1.811981201171875e-05,0.0013399124145507812,74.94736842105263
TCGA-2F-A9KO,63,144,15,0.10431776195764542,-9.814298629760742,-9.81558895111084,0.0012903213500976562,-9.81447696685791,0.00017833709716796875,0.0011119842529296875,7.235294117647059
TCGA-2F-A9KO,64,144,15,0.1043790876865387,-9.814298629760742,-9.815656661987305,0.0013580322265625,-9.81347942352295,0.0008192062377929688,0.0005388259887695312,1.6577415599534342
TCGA-2F-A9KO,65,144,15,0.10435938835144043,-9.814298629760742,-9.815707206726074,0.0014085769653320312,-9.814582824707031,0.0002841949462890625,0.0011243820190429688,4.956375838926174
TCGA-2F-A9KO,66,144,15,0.10443644970655441,-9.814298629760742,-9.815656661987305,0.0013580322265625,-9.8142728805542,2.574920654296875e-05,0.0013322830200195312,52.74074074074074
TCGA-2F-A9KO,67,144,15,0.10423200577497482,-9.814298629760742,-9.815119743347168,0.0008211135864257812,-9.814393997192383,9.5367431640625e-05,0.0007257461547851562,8.61
TCGA-2F-A9KO,68,144,15,0.10428893566131592,-9.814298629760742,-9.81558895111084,0.0012903213500976562,-9.814291954040527,6.67572021484375e-06,0.0012836456298828125,193.28571428571428
TCGA-2F-A9KO,69,144,15,0.10424219816923141,-9.814298629760742,-9.815442085266113,0.0011434555053710938,-9.814583778381348,0.00028514862060546875,0.000858306884765625,4.010033444816053
TCGA-2F-A9KO,70,144,15,0.10423632711172104,-9.814298629760742,-9.815119743347168,0.0008211135864257812,-9.81421947479248,7.915496826171875e-05,0.0007419586181640625,10.373493975903614
TCGA-2F-A9KO,71,144,15,0.10422836989164352,-9.814298629760742,-9.814197540283203,0.0001010894775390625,-9.814480781555176,0.00018215179443359375,-8.106231689453125e-05,0.5549738219895288
TCGA-2F-A9KO,72,144,15,0.10426715016365051,-9.814298629760742,-9.811877250671387,0.0024213790893554688,-9.814127922058105,0.00017070770263671875,0.00225067138671875,14.184357541899441
TCGA-2F-A9KO,73,144,15,0.10424920916557312,-9.814298629760742,-9.815536499023438,0.0012378692626953125,-9.814285278320312,1.33514404296875e-05,0.001224517822265625,92.71428571428571
TCGA-2F-A9KO,74,144,15,0.10431618988513947,-9.814298629760742,-9.81558895111084,0.0012903213500976562,-9.814308166503906,9.5367431640625e-06,0.0012807846069335938,135.3
TCGA-2F-A9KO,75,144,15,0.10424883663654327,-9.814298629760742,-9.81558895111084,0.0012903213500976562,-9.814635276794434,0.00033664703369140625,0.00095367431640625,3.8328611898016995
TCGA-2F-A9KO,76,144,15,0.10432528704404831,-9.814298629760742,-9.81558895111084,0.0012903213500976562,-9.81438159942627,8.296966552734375e-05,0.0012073516845703125,15.551724137931034
TCGA-2F-A9KO,77,144,15,0.10465046018362045,-9.814298629760742,-9.811846733093262,0.0024518966674804688,-9.814495086669922,0.0001964569091796875,0.0022554397583007812,12.480582524271844
TCGA-2F-A9KO,78,144,15,0.10438083112239838,-9.814298629760742,-9.811915397644043,0.0023832321166992188,-9.814167976379395,0.00013065338134765625,0.0022525787353515625,18.240875912408757
TCGA-2F-A9KO,79,144,15,0.10450691729784012,-9.814298629760742,-9.811846733093262,0.0024518966674804688,-9.814651489257812,0.0003528594970703125,0.0020990371704101562,6.948648648648649
TCGA-2F-A9KO,80,144,15,0.1042490303516388,-9.814298629760742,-9.81558895111084,0.0012903213500976562,-9.814288139343262,1.049041748046875e-05,0.0012798309326171875,123.0
TCGA-2F-A9KO,81,144,15,0.10425383597612381,-9.814298629760742,-9.811877250671387,0.0024213790893554688,-9.813990592956543,0.00030803680419921875,0.00211334228515625,7.860681114551084
TCGA-2F-A9KO,82,144,15,0.10445906966924667,-9.814298629760742,-9.815656661987305,0.0013580322265625,-9.814425468444824,0.00012683868408203125,0.0012311935424804688,10.706766917293233
TCGA-2F-A9KO,83,144,15,0.10432436317205429,-9.814298629760742,-9.815707206726074,0.0014085769653320312,-9.814141273498535,0.00015735626220703125,0.001251220703125,8.951515151515151
TCGA-2F-A9KO,84,144,15,0.10431600362062454,-9.814298629760742,-9.81558895111084,0.0012903213500976562,-9.814167022705078,0.0001316070556640625,0.0011587142944335938,9.804347826086957
TCGA-2F-A9KO,85,144,15,0.10436820238828659,-9.814298629760742,-9.815707206726074,0.0014085769653320312,-9.813977241516113,0.00032138824462890625,0.001087188720703125,4.382789317507418
TCGA-2F-A9KO,86,144,15,0.10465655475854874,-9.814298629760742,-9.811846733093262,0.0024518966674804688,-9.81455135345459,0.00025272369384765625,0.0021991729736328125,9.70188679245283
TCGA-2F-A9KO,87,144,15,0.10432019084692001,-9.814298629760742,-9.811845779418945,0.002452850341796875,-9.814196586608887,0.00010204315185546875,0.0023508071899414062,24.037383177570092
TCGA-2F-A9KO,88,144,15,0.1045026108622551,-9.814298629760742,-9.811846733093262,0.0024518966674804688,-9.814153671264648,0.00014495849609375,0.0023069381713867188,16.914473684210527
TCGA-2F-A9KO,89,144,15,0.10434849560260773,-9.814298629760742,-9.815707206726074,0.0014085769653320312,-9.814608573913574,0.00030994415283203125,0.0010986328125,4.544615384615384
TCGA-2F-A9KO,90,144,15,0.10423119366168976,-9.814298629760742,-9.815104484558105,0.0008058547973632812,-9.814515113830566,0.00021648406982421875,0.0005893707275390625,3.7224669603524227
TCGA-2F-A9KO,91,144,15,0.10422882437705994,-9.814298629760742,-9.8128023147583,0.0014963150024414062,-9.814043998718262,0.00025463104248046875,0.0012416839599609375,5.876404494382022
TCGA-2F-A9KO,92,144,15,0.10435393452644348,-9.814298629760742,-9.815707206726074,0.0014085769653320312,-9.814208030700684,9.059906005859375e-05,0.0013179779052734375,15.547368421052632
TCGA-2F-A9KO,93,144,15,0.10436689853668213,-9.814298629760742,-9.815707206726074,0.0014085769653320312,-9.814538955688477,0.000240325927734375,0.0011682510375976562,5.861111111111111
TCGA-2F-A9KO,94,144,15,0.1043122336268425,-9.814298629760742,-9.81558895111084,0.0012903213500976562,-9.814404487609863,0.00010585784912109375,0.0011844635009765625,12.18918918918919
TCGA-2F-A9KO,95,144,15,0.10428808629512787,-9.814298629760742,-9.81558895111084,0.0012903213500976562,-9.814173698425293,0.00012493133544921875,0.0011653900146484375,10.32824427480916
TCGA-2F-A9KO,96,144,15,0.10452072322368622,-9.814298629760742,-9.815656661987305,0.0013580322265625,-9.814064979553223,0.00023365020751953125,0.0011243820190429688,5.812244897959184
TCGA-2F-A9KO,97,144,15,0.10432208329439163,-9.814298629760742,-9.815707206726074,0.0014085769653320312,-9.814383506774902,8.487701416015625e-05,0.001323699951171875,16.59550561797753
TCGA-2F-A9KO,98,144,15,0.10432080924510956,-9.814298629760742,-9.81558895111084,0.0012903213500976562,-9.814497947692871,0.00019931793212890625,0.00109100341796875,6.473684210526316
TCGA-2F-A9KO,99,144,15,0.10435815155506134,-9.814298629760742,-9.815707206726074,0.0014085769653320312,-9.814587593078613,0.00028896331787109375,0.0011196136474609375,4.874587458745874
TCGA-2F-A9KO,100,144,15,0.10437490046024323,-9.814298629760742,-9.815656661987305,0.0013580322265625,-9.813751220703125,0.0005474090576171875,0.0008106231689453125,2.480836236933798
TCGA-2F-A9KO,101,144,15,0.10423722863197327,-9.814298629760742,-9.81210994720459,0.0021886825561523438,-9.814340591430664,4.1961669921875e-05,0.0021467208862304688,52.15909090909091
TCGA-2F-A9KO,102,144,15,0.10433141887187958,-9.814298629760742,-9.815707206726074,0.0014085769653320312,-9.814247131347656,5.14984130859375e-05,0.0013570785522460938,27.35185185185185
TCGA-2F-A9KO,103,144,15,0.10437486320734024,-9.814298629760742,-9.811797142028809,0.0025014877319335938,-9.814387321472168,8.869171142578125e-05,0.0024127960205078125,28.204301075268816
TCGA-2F-A9KO,104,144,15,0.1042461097240448,-9.814298629760742,-9.813014030456543,0.0012845993041992188,-9.814031600952148,0.00026702880859375,0.0010175704956054688,4.810714285714286
TCGA-2F-A9KO,105,144,15,0.10433405637741089,-9.814298629760742,-9.81558895111084,0.0012903213500976562,-9.813828468322754,0.00047016143798828125,0.000820159912109375,2.744421906693712
TCGA-2F-A9KO,106,144,15,0.10424243658781052,-9.814298629760742,-9.815442085266113,0.0011434555053710938,-9.814494132995605,0.00019550323486328125,0.0009479522705078125,5.848780487804878
TCGA-2F-A9KO,107,144,15,0.1043192595243454,-9.814298629760742,-9.811846733093262,0.0024518966674804688,-9.814539909362793,0.00024127960205078125,0.0022106170654296875,10.162055335968379
TCGA-2F-A9KO,108,144,15,0.10423250496387482,-9.814298629760742,-9.815104484558105,0.0008058547973632812,-9.814794540405273,0.00049591064453125,0.00030994415283203125,1.625
TCGA-2F-A9KO,109,144,15,0.10422934591770172,-9.814298629760742,-9.814912796020508,0.000614166259765625,-9.814257621765137,4.100799560546875e-05,0.0005731582641601562,14.976744186046512
TCGA-2F-A9KO,110,144,15,0.10427817702293396,-9.814298629760742,-9.81558895111084,0.0012903213500976562,-9.814444541931152,0.00014591217041015625,0.0011444091796875,8.843137254901961
TCGA-2F-A9KO,111,144,15,0.104376420378685,-9.814298629760742,-9.815656661987305,0.0013580322265625,-9.814249992370605,4.863739013671875e-05,0.0013093948364257812,27.92156862745098
TCGA-2F-A9KO,112,144,15,0.10423789173364639,-9.814298629760742,-9.815119743347168,0.0008211135864257812,-9.814823150634766,0.0005245208740234375,0.00029659271240234375,1.5654545454545454
TCGA-2F-A9KO,113,144,15,0.10423263162374496,-9.814298629760742,-9.814197540283203,0.0001010894775390625,-9.81454086303711,0.0002422332763671875,-0.000141143798828125,0.41732283464566927
TCGA-2F-A9KO,114,144,15,0.10439892113208771,-9.814298629760742,-9.815656661987305,0.0013580322265625,-9.814600944519043,0.00030231475830078125,0.0010557174682617188,4.492113564668769
TCGA-2F-A9KO,115,144,15,0.10425098985433578,-9.814298629760742,-9.81558895111084,0.0012903213500976562,-9.814026832580566,0.00027179718017578125,0.001018524169921875,4.747368421052632
TCGA-2F-A9KO,116,144,15,0.10422896593809128,-9.814298629760742,-9.813725471496582,0.0005731582641601562,-9.813959121704102,0.000339508056640625,0.00023365020751953125,1.6882022471910112
TCGA-2F-A9KO,117,144,15,0.10423225164413452,-9.814298629760742,-9.812500953674316,0.0017976760864257812,-9.81436538696289,6.67572021484375e-05,0.0017309188842773438,26.928571428571427
TCGA-2F-A9KO,118,144,15,0.10431645810604095,-9.814298629760742,-9.81558895111084,0.0012903213500976562,-9.814553260803223,0.00025463104248046875,0.0010356903076171875,5.067415730337078
TCGA-2F-A9KO,119,144,15,0.10422444343566895,-9.814298629760742,-9.81290340423584,0.0013952255249023438,-9.814451217651367,0.000152587890625,0.0012426376342773438,9.14375
TCGA-2F-A9KO,120,144,15,0.10427415370941162,-9.814298629760742,-9.811877250671387,0.0024213790893554688,-9.814629554748535,0.00033092498779296875,0.0020904541015625,7.31700288184438
TCGA-2F-A9KO,121,144,15,0.10427764058113098,-9.814298629760742,-9.81558895111084,0.0012903213500976562,-9.814360618591309,6.198883056640625e-05,0.00122833251953125,20.815384615384616
TCGA-2F-A9KO,122,144,15,0.10425904393196106,-9.814298629760742,-9.811877250671387,0.0024213790893554688,-9.814290046691895,8.58306884765625e-06,0.0024127960205078125,282.1111111111111
TCGA-2F-A9KO,123,144,15,0.10440783947706223,-9.814298629760742,-9.815656661987305,0.0013580322265625,-9.814638137817383,0.000339508056640625,0.001018524169921875,4.0
TCGA-2F-A9KO,124,144,15,0.1042545959353447,-9.814298629760742,-9.81558895111084,0.0012903213500976562,-9.813549995422363,0.0007486343383789062,0.00054168701171875,1.7235668789808918
TCGA-2F-A9KO,125,144,15,0.10439833253622055,-9.814298629760742,-9.815568923950195,0.001270294189453125,-9.814250946044922,4.76837158203125e-05,0.0012226104736328125,26.64
TCGA-2F-A9KO,126,144,15,0.10434684157371521,-9.814298629760742,-9.81175708770752,0.0025415420532226562,-9.814241409301758,5.7220458984375e-05,0.0024843215942382812,44.416666666666664
TCGA-2F-A9KO,127,144,15,0.10432104766368866,-9.814298629760742,-9.815707206726074,0.0014085769653320312,-9.814496040344238,0.00019741058349609375,0.0012111663818359375,7.1352657004830915
TCGA-2F-A9KO,128,144,15,0.10431866347789764,-9.814298629760742,-9.81558895111084,0.0012903213500976562,-9.814285278320312,1.33514404296875e-05,0.0012769699096679688,96.64285714285714
TCGA-2F-A9KO,129,144,15,0.10426531732082367,-9.814298629760742,-9.81558895111084,0.0012903213500976562,-9.81424617767334,5.245208740234375e-05,0.0012378692626953125,24.6
TCGA-2F-A9KO,130,144,15,0.10432825237512589,-9.814298629760742,-9.815707206726074,0.0014085769653320312,-9.814509391784668,0.00021076202392578125,0.00119781494140625,6.683257918552036
TCGA-2F-A9KO,131,144,15,0.10435980558395386,-9.814298629760742,-9.81175708770752,0.0025415420532226562,-9.81425952911377,3.910064697265625e-05,0.00250244140625,65.0
TCGA-2F-A9KO,132,144,15,0.1043357253074646,-9.814298629760742,-9.815707206726074,0.0014085769653320312,-9.814115524291992,0.00018310546875,0.0012254714965820312,7.692708333333333
TCGA-2F-A9KO,133,144,15,0.10428417474031448,-9.814298629760742,-9.81558895111084,0.0012903213500976562,-9.81460952758789,0.0003108978271484375,0.0009794235229492188,4.1503067484662575
TCGA-2F-A9KO,134,144,15,0.10456056147813797,-9.814298629760742,-9.811846733093262,0.0024518966674804688,-9.814393043518066,9.441375732421875e-05,0.00235748291015625,25.96969696969697
TCGA-2F-A9KO,135,144,15,0.10424129664897919,-9.814298629760742,-9.815442085266113,0.0011434555053710938,-9.814050674438477,0.000247955322265625,0.0008955001831054688,4.611538461538461
TCGA-2F-A9KO,136,144,15,0.10427173227071762,-9.814298629760742,-9.81558895111084,0.0012903213500976562,-9.814652442932129,0.00035381317138671875,0.0009365081787109375,3.646900269541779
TCGA-2F-A9KO,137,144,15,0.10427287966012955,-9.814298629760742,-9.81558895111084,0.0012903213500976562,-9.814432144165039,0.000133514404296875,0.0011568069458007812,9.664285714285715
TCGA-2F-A9KO,138,144,15,0.10431919991970062,-9.814298629760742,-9.81558895111084,0.0012903213500976562,-9.814303398132324,4.76837158203125e-06,0.001285552978515625,270.6
TCGA-2F-A9KO,139,144,15,0.10430395603179932,-9.814298629760742,-9.81558895111084,0.0012903213500976562,-9.814322471618652,2.384185791015625e-05,0.0012664794921875,54.12
TCGA-2F-A9KO,140,144,15,0.10423547029495239,-9.814298629760742,-9.815104484558105,0.0008058547973632812,-9.814620018005371,0.00032138824462890625,0.000484466552734375,2.507418397626113
TCGA-2F-A9KO,141,144,15,0.10426566749811172,-9.814298629760742,-9.81558895111084,0.0012903213500976562,-9.813895225524902,0.00040340423583984375,0.0008869171142578125,3.198581560283688
TCGA-2F-A9KO,142,144,15,0.1043844223022461,-9.814298629760742,-9.815707206726074,0.0014085769653320312,-9.814281463623047,1.71661376953125e-05,0.0013914108276367188,82.05555555555556
TCGA-2F-A9KO,143,144,15,0.1043488085269928,-9.814298629760742,-9.815707206726074,0.0014085769653320312,-9.814505577087402,0.00020694732666015625,0.001201629638671875,6.806451612903226
TCGA-2F-A9KO,144,144,15,0.10432187467813492,-9.814298629760742,-9.815707206726074,0.0014085769653320312,-9.814154624938965,0.00014400482177734375,0.0012645721435546875,9.781456953642385
TCGA-2F-A9KO,145,144,15,0.10458057373762131,-9.814298629760742,-9.815656661987305,0.0013580322265625,-9.81441879272461,0.0001201629638671875,0.0012378692626953125,11.301587301587302
TCGA-2F-A9KO,146,144,15,0.10423004627227783,-9.814298629760742,-9.814197540283203,0.0001010894775390625,-9.814555168151855,0.00025653839111328125,-0.00015544891357421875,0.3940520446096654
TCGA-2F-A9KO,147,144,15,0.10433020442724228,-9.814298629760742,-9.81558895111084,0.0012903213500976562,-9.814352989196777,5.435943603515625e-05,0.0012359619140625,23.736842105263158
TCGA-2F-A9KO,148,144,15,0.10423462092876434,-9.814298629760742,-9.815104484558105,0.0008058547973632812,-9.814504623413086,0.00020599365234375,0.0005998611450195312,3.912037037037037
TCGA-2F-A9KO,149,144,15,0.10423394292593002,-9.814298629760742,-9.814912796020508,0.000614166259765625,-9.814230918884277,6.771087646484375e-05,0.0005464553833007812,9.070422535211268
TCGA-2F-A9KO,150,144,15,0.10423394292593002,-9.814298629760742,-9.815104484558105,0.0008058547973632812,-9.814312934875488,1.430511474609375e-05,0.0007915496826171875,56.333333333333336
TCGA-2F-A9KO,151,144,15,0.10427012294530869,-9.814298629760742,-9.81558895111084,0.0012903213500976562,-9.81440544128418,0.0001068115234375,0.0011835098266601562,12.080357142857142
TCGA-2F-A9KO,152,144,15,0.10429809987545013,-9.814298629760742,-9.811797142028809,0.0025014877319335938,-9.814396858215332,9.822845458984375e-05,0.00240325927734375,25.466019417475728
TCGA-2F-A9KO,153,144,15,0.10426372289657593,-9.814298629760742,-9.81558895111084,0.0012903213500976562,-9.81432819366455,2.956390380859375e-05,0.0012607574462890625,43.645161290322584
TCGA-2F-A9KO,154,144,15,0.10425197333097458,-9.814298629760742,-9.8154935836792,0.0011949539184570312,-9.814202308654785,9.632110595703125e-05,0.0010986328125,12.405940594059405
TCGA-2F-A9KO,155,144,15,0.10428713262081146,-9.814298629760742,-9.81558895111084,0.0012903213500976562,-9.814061164855957,0.00023746490478515625,0.0010528564453125,5.433734939759036
TCGA-2F-A9KO,156,144,15,0.10424729436635971,-9.814298629760742,-9.81210994720459,0.0021886825561523438,-9.814153671264648,0.00014495849609375,0.0020437240600585938,15.098684210526315
TCGA-2F-A9KO,157,144,15,0.1042318344116211,-9.814298629760742,-9.814912796020508,0.000614166259765625,-9.814621925354004,0.00032329559326171875,0.00029087066650390625,1.8997050147492625
TCGA-2F-A9KO,158,144,15,0.10424260050058365,-9.814298629760742,-9.815442085266113,0.0011434555053710938,-9.81439208984375,9.34600830078125e-05,0.0010499954223632812,12.23469387755102
TCGA-2F-A9KO,159,144,15,0.10429313033819199,-9.814298629760742,-9.81558895111084,0.0012903213500976562,-9.814728736877441,0.00043010711669921875,0.0008602142333984375,3.0
TCGA-2F-A9KO,160,144,15,0.10433956235647202,-9.814298629760742,-9.81175708770752,0.0025415420532226562,-9.81434154510498,4.291534423828125e-05,0.002498626708984375,59.22222222222222
TCGA-2F-A9KO,161,144,15,0.10428869724273682,-9.814298629760742,-9.81558895111084,0.0012903213500976562,-9.814312934875488,1.430511474609375e-05,0.0012760162353515625,90.2
TCGA-2F-A9KO,162,144,15,0.10430961102247238,-9.814298629760742,-9.81175708770752,0.0025415420532226562,-9.814309120178223,1.049041748046875e-05,0.0025310516357421875,242.27272727272728
TCGA-2F-A9KO,163,144,15,0.10431072115898132,-9.814298629760742,-9.81179141998291,0.0025072097778320312,-9.814704895019531,0.0004062652587890625,0.0021009445190429688,6.171361502347418
TCGA-2F-A9KO,164,144,15,0.10460115969181061,-9.814298629760742,-9.811846733093262,0.0024518966674804688,-9.814066886901855,0.00023174285888671875,0.00222015380859375,10.580246913580247
TCGA-2F-A9KO,165,144,15,0.10436949878931046,-9.814298629760742,-9.815656661987305,0.0013580322265625,-9.81428050994873,1.811981201171875e-05,0.0013399124145507812,74.94736842105263
TCGA-2F-A9KO,166,144,15,0.10423259437084198,-9.814298629760742,-9.815119743347168,0.0008211135864257812,-9.814682960510254,0.00038433074951171875,0.0004367828369140625,2.1364764267990073
TCGA-2F-A9KO,167,144,15,0.10424119979143143,-9.814298629760742,-9.812041282653809,0.0022573471069335938,-9.814042091369629,0.00025653839111328125,0.0020008087158203125,8.799256505576208
TCGA-2F-A9KO,168,144,15,0.10423125326633453,-9.814298629760742,-9.813014030456543,0.0012845993041992188,-9.814223289489746,7.534027099609375e-05,0.001209259033203125,17.050632911392405
TCGA-2F-A9KO,169,144,15,0.1042812317609787,-9.814298629760742,-9.81558895111084,0.0012903213500976562,-9.814332008361816,3.337860107421875e-05,0.0012569427490234375,38.65714285714286
TCGA-2F-A9KO,170,144,15,0.10434866696596146,-9.814298629760742,-9.815707206726074,0.0014085769653320312,-9.814311027526855,1.239776611328125e-05,0.00139617919921875,113.61538461538461
TCGA-2F-A9KO,171,144,15,0.10424168407917023,-9.814298629760742,-9.812329292297363,0.0019693374633789062,-9.814093589782715,0.00020503997802734375,0.0017642974853515625,9.604651162790697
TCGA-2F-A9KO,172,144,15,0.10427592694759369,-9.814298629760742,-9.81558895111084,0.0012903213500976562,-9.81404972076416,0.00024890899658203125,0.001041412353515625,5.183908045977011
TCGA-2F-A9KO,173,144,15,0.1042669415473938,-9.814298629760742,-9.81558895111084,0.0012903213500976562,-9.813953399658203,0.0003452301025390625,0.0009450912475585938,3.7375690607734806
TCGA-2F-A9KO,174,144,15,0.10467929393053055,-9.814298629760742,-9.811846733093262,0.0024518966674804688,-9.81396770477295,0.00033092498779296875,0.0021209716796875,7.409221902017291
TCGA-2F-A9KO,175,144,15,0.10439233481884003,-9.814298629760742,-9.815656661987305,0.0013580322265625,-9.813687324523926,0.0006113052368164062,0.0007467269897460938,2.221528861154446
TCGA-2F-A9KO,176,144,15,0.1042601615190506,-9.814298629760742,-9.811806678771973,0.0024919509887695312,-9.81407642364502,0.00022220611572265625,0.002269744873046875,11.214592274678111
TCGA-2F-A9KO,177,144,15,0.10439974069595337,-9.814298629760742,-9.815656661987305,0.0013580322265625,-9.814321517944336,2.288818359375e-05,0.00133514404296875,59.333333333333336
TCGA-2F-A9KO,178,144,15,0.1042901799082756,-9.814298629760742,-9.811915397644043,0.0023832321166992188,-9.813851356506348,0.00044727325439453125,0.0019359588623046875,5.3283582089552235
TCGA-2F-A9KO,179,144,15,0.10425957292318344,-9.814298629760742,-9.81558895111084,0.0012903213500976562,-9.813804626464844,0.0004940032958984375,0.0007963180541992188,2.611969111969112
TCGA-2F-A9KO,180,144,15,0.10433253645896912,-9.814298629760742,-9.81558895111084,0.0012903213500976562,-9.814291000366211,7.62939453125e-06,0.0012826919555664062,169.125
TCGA-2F-A9KO,181,144,15,0.1042637899518013,-9.814298629760742,-9.81558895111084,0.0012903213500976562,-9.814460754394531,0.0001621246337890625,0.0011281967163085938,7.958823529411765
TCGA-2F-A9KO,182,144,15,0.1043352335691452,-9.814298629760742,-9.81558895111084,0.0012903213500976562,-9.814164161682129,0.00013446807861328125,0.001155853271484375,9.595744680851064
TCGA-2F-A9KO,183,144,15,0.10428433120250702,-9.814298629760742,-9.81558895111084,0.0012903213500976562,-9.813888549804688,0.0004100799560546875,0.0008802413940429688,3.146511627906977
TCGA-2F-A9KO,184,144,15,0.10469379276037216,-9.814298629760742,-9.811846733093262,0.0024518966674804688,-9.814345359802246,4.673004150390625e-05,0.0024051666259765625,52.46938775510204
TCGA-2F-A9KO,185,144,15,0.1043982058763504,-9.814298629760742,-9.815656661987305,0.0013580322265625,-9.813952445983887,0.00034618377685546875,0.0010118484497070312,3.922865013774105
TCGA-2F-A9KP,0,148,15,0.1030132919549942,9.869516372680664,9.898201942443848,0.028685569763183594,9.89997386932373,0.030457496643066406,-0.0017719268798828125,0.9418229639602969
TCGA-2F-A9KP,1,148,15,0.10300662368535995,9.869516372680664,9.898201942443848,0.028685569763183594,9.900105476379395,0.03058910369873047,-0.001903533935546875,0.9377708495713172
TCGA-2F-A9KP,2,148,15,0.10304754972457886,9.869516372680664,9.898201942443848,0.028685569763183594,9.686452865600586,0.18306350708007812,-0.15437793731689453,0.156697368146867
TCGA-2F-A9KP,3,148,15,0.10307279974222183,9.869516372680664,9.898201942443848,0.028685569763183594,9.716642379760742,0.15287399291992188,-0.12418842315673828,0.18764192139737992
TCGA-2F-A9KP,4,148,15,0.576339602470398,9.869516372680664,-2.7576944828033447,12.627210855484009,9.716876029968262,0.15264034271240234,12.474570512771606,82.72525225703664
TCGA-2F-A9KP,5,148,15,0.10302797704935074,9.869516372680664,9.898201942443848,0.028685569763183594,9.89944076538086,0.029924392700195312,-0.0012388229370117188,0.9586015679775639
TCGA-2F-A9KP,6,148,15,0.10311844199895859,9.869516372680664,9.898201942443848,0.028685569763183594,9.900635719299316,0.031119346618652344,-0.00243377685546875,0.9217921608286599
TCGA-2F-A9KP,7,148,15,0.10297684371471405,9.869516372680664,9.898201942443848,0.028685569763183594,9.686102867126465,0.18341350555419922,-0.15472793579101562,0.15639835069128497
TCGA-2F-A9KP,8,148,15,0.10318136215209961,9.869516372680664,9.898201942443848,0.028685569763183594,9.901503562927246,0.03198719024658203,-0.0033016204833984375,0.8967830416505173
TCGA-2F-A9KP,9,148,15,0.10298852622509003,9.869516372680664,9.898201942443848,0.028685569763183594,9.899422645568848,0.029906272888183594,-0.001220703125,0.9591823718868586
TCGA-2F-A9KP,10,148,15,0.7876443266868591,9.869516372680664,-2.757713556289673,12.627229928970337,9.899815559387207,0.03029918670654297,12.596930742263794,416.75144786125713
TCGA-2F-A9KP,11,148,15,0.1030380129814148,9.869516372680664,9.898201942443848,0.028685569763183594,9.89963436126709,0.03011798858642578,-0.0014324188232421875,0.9524397580823913
TCGA-2F-A9KP,12,148,15,0.10320586711168289,9.869516372680664,9.898201942443848,0.028685569763183594,9.900663375854492,0.031147003173828125,-0.0024614334106445312,0.9209736680955297
TCGA-2F-A9KP,13,148,15,0.10308261960744858,9.869516372680664,9.898201942443848,0.028685569763183594,9.90040111541748,0.030884742736816406,-0.0021991729736328125,0.9287941948432916
TCGA-2F-A9KP,14,148,15,0.10304558277130127,9.869516372680664,9.898201942443848,0.028685569763183594,9.718207359313965,0.15130901336669922,-0.12262344360351562,0.18958268991989108
TCGA-2F-A9KP,15,148,15,0.6337447762489319,9.869516372680664,-2.757704257965088,12.627220630645752,9.899881362915039,0.030364990234375,12.596855640411377,415.84800565326634
TCGA-2F-A9KP,16,148,15,0.10300858318805695,9.869516372680664,9.898201942443848,0.028685569763183594,9.899675369262695,0.03015899658203125,-0.0014734268188476562,0.9511447002276752
TCGA-2F-A9KP,17,148,15,0.10294236987829208,9.869516372680664,9.898201942443848,0.028685569763183594,9.899343490600586,0.029827117919921875,-0.0011415481567382812,0.961727842435094
TCGA-2F-A9KP,18,148,15,0.10306701809167862,9.869516372680664,9.898201942443848,0.028685569763183594,9.89953899383545,0.030022621154785156,-0.0013370513916015625,0.9554652012324895
TCGA-2F-A9KP,19,148,15,0.10313963145017624,9.869516372680664,9.898201942443848,0.028685569763183594,9.899823188781738,0.03030681610107422,-0.001621246337890625,0.9465055539821895
TCGA-2F-A9KP,20,148,15,0.10305467247962952,9.869516372680664,9.898201942443848,0.028685569763183594,9.899413108825684,0.02989673614501953,-0.0012111663818359375,0.9594883409359151
TCGA-2F-A9KP,21,148,15,0.6798624396324158,9.869516372680664,-2.7576277256011963,12.62714409828186,9.900049209594727,0.0305328369140625,12.596611261367798,413.55947807346325
TCGA-2F-A9KP,22,148,15,0.10302181541919708,9.869516372680664,9.898201942443848,0.028685569763183594,9.900071144104004,0.030554771423339844,-0.00186920166015625,0.938824557570461
TCGA-2F-A9KP,23,148,15,0.10296754539012909,9.869516372680664,9.898201942443848,0.028685569763183594,9.686461448669434,0.18305492401123047,-0.15436935424804688,0.15670471536413697
TCGA-2F-A9KP,24,148,15,0.683106005191803,9.869516372680664,-2.757721185684204,12.627237558364868,9.899947166442871,0.03043079376220703,12.596806764602661,414.9493324767307
TCGA-2F-A9KP,25,148,15,0.10292211920022964,9.869516372680664,9.898201942443848,0.028685569763183594,9.899422645568848,0.029906272888183594,-0.001220703125,0.9591823718868586
TCGA-2F-A9KP,26,148,15,0.10302609950304031,9.869516372680664,9.898201942443848,0.028685569763183594,9.900239944458008,0.03072357177734375,-0.0020380020141601562,0.9336665011174572
TCGA-2F-A9KP,27,148,15,0.9998459815979004,9.869516372680664,-2.7549521923065186,12.624468564987183,9.899524688720703,0.030008316040039062,12.594460248947144,420.69900050848537
TCGA-2F-A9KP,28,148,15,0.10306131839752197,9.869516372680664,9.898201942443848,0.028685569763183594,9.901079177856445,0.03156280517578125,-0.0028772354125976562,0.9088409475465313
TCGA-2F-A9KP,29,148,15,0.10309909284114838,9.869516372680664,9.898201942443848,0.028685569763183594,9.899917602539062,0.030401229858398438,-0.0017156600952148438,0.9435660957400088
TCGA-2F-A9KP,30,148,15,0.10322236269712448,9.869516372680664,9.898201942443848,0.028685569763183594,9.899699211120605,0.030182838439941406,-0.0014972686767578125,0.9503933773578944
TCGA-2F-A9KP,31,148,15,0.10316428542137146,9.869516372680664,9.898201942443848,0.028685569763183594,9.899088859558105,0.029572486877441406,-0.0008869171142578125,0.9700087071495372
TCGA-2F-A9KP,32,148,15,0.10313380509614944,9.869516372680664,9.898201942443848,0.028685569763183594,9.686578750610352,0.1829376220703125,-0.1542520523071289,0.15680519643006088
TCGA-2F-A9KP,33,148,15,0.10318242013454437,9.869516372680664,9.898201942443848,0.028685569763183594,9.899493217468262,0.029976844787597656,-0.0012912750244140625,0.9569242515827315
TCGA-2F-A9KP,34,148,15,0.1030442863702774,9.869516372680664,9.898201942443848,0.028685569763183594,9.687076568603516,0.18243980407714844,-0.15375423431396484,0.15723306604217416
TCGA-2F-A9KP,35,148,15,0.10296428203582764,9.869516372680664,9.898201942443848,0.028685569763183594,9.900217056274414,0.03070068359375,-0.0020151138305664062,0.9343625745526839
TCGA-2F-A9KP,36,148,15,0.10299193114042282,9.869516372680664,9.898201942443848,0.028685569763183594,9.900187492370605,0.030671119689941406,-0.0019855499267578125,0.9352632069898325
TCGA-2F-A9KP,37,148,15,0.10300090163946152,9.869516372680664,9.898201942443848,0.028685569763183594,9.89980411529541,0.030287742614746094,-0.0016021728515625,0.9471016089927264
TCGA-2F-A9KP,38,148,15,0.10301870852708817,9.869516372680664,9.898201942443848,0.028685569763183594,9.686003684997559,0.18351268768310547,-0.15482711791992188,0.15631382290427018
TCGA-2F-A9KP,39,148,15,0.10299676656723022,9.869516372680664,9.898201942443848,0.028685569763183594,9.899863243103027,0.03034687042236328,-0.0016613006591796875,0.9452562773011534
TCGA-2F-A9KP,40,148,15,0.10310862958431244,9.869516372680664,9.898201942443848,0.028685569763183594,9.716485977172852,0.1530303955078125,-0.1243448257446289,0.18745014458071593
TCGA-2F-A9KP,41,148,15,0.1030811294913292,9.869516372680664,9.898201942443848,0.028685569763183594,9.900582313537598,0.031065940856933594,-0.00238037109375,0.9233768227168073
TCGA-2F-A9KP,42,148,15,0.10306084901094437,9.869516372680664,9.898201942443848,0.028685569763183594,9.900801658630371,0.03128528594970703,-0.0025997161865234375,0.9169029111415943
TCGA-2F-A9KP,43,148,15,0.10297300666570663,9.869516372680664,9.898201942443848,0.028685569763183594,9.90013599395752,0.03061962127685547,-0.001934051513671875,0.9368362039430653
TCGA-2F-A9KP,44,148,15,0.10295230895280838,9.869516372680664,9.898201942443848,0.028685569763183594,9.899320602416992,0.029804229736328125,-0.0011186599731445312,0.9624664021502624
TCGA-2F-A9KP,45,148,15,0.10301166772842407,9.869516372680664,9.898201942443848,0.028685569763183594,9.68653392791748,0.1829824447631836,-0.154296875,0.15676678601768898
TCGA-2F-A9KP,46,148,15,0.10302139818668365,9.869516372680664,9.898201942443848,0.028685569763183594,9.900452613830566,0.030936241149902344,-0.00225067138671875,0.9272480656000494
TCGA-2F-A9KP,47,148,15,0.10300395637750626,9.869516372680664,9.898201942443848,0.028685569763183594,9.68648624420166,0.1830301284790039,-0.1543445587158203,0.15672594452925945
TCGA-2F-A9KP,48,148,15,0.103009894490242,9.869516372680664,9.898201942443848,0.028685569763183594,9.717917442321777,0.15159893035888672,-0.12291336059570312,0.18922013298692147
TCGA-2F-A9KP,49,148,15,0.1030026525259018,9.869516372680664,9.898201942443848,0.028685569763183594,9.899334907531738,0.02981853485107422,-0.001132965087890625,0.9620046694598139
TCGA-2F-A9KP,50,148,15,0.10299842059612274,9.869516372680664,9.898201942443848,0.028685569763183594,9.716912269592285,0.1526041030883789,-0.12391853332519531,0.1879737777861102
TCGA-2F-A9KP,51,148,15,0.10299268364906311,9.869516372680664,9.898201942443848,0.028685569763183594,9.899405479431152,0.02988910675048828,-0.0012035369873046875,0.9597332567563256
TCGA-2F-A9KP,52,148,15,0.10297782719135284,9.869516372680664,9.898201942443848,0.028685569763183594,9.899699211120605,0.030182838439941406,-0.0014972686767578125,0.9503933773578944
TCGA-2F-A9KP,53,148,15,0.10306433588266373,9.869516372680664,9.898201942443848,0.028685569763183594,9.899504661560059,0.02998828887939453,-0.0013027191162109375,0.9565590713944984
TCGA-2F-A9KP,54,148,15,0.10301198065280914,9.869516372680664,9.898201942443848,0.028685569763183594,9.899664878845215,0.03014850616455078,-0.0014629364013671875,0.9514756587479835
TCGA-2F-A9KP,55,148,15,0.1030530035495758,9.869516372680664,9.898201942443848,0.028685569763183594,9.899605751037598,0.030089378356933594,-0.00140380859375,0.9533453773255999
TCGA-2F-A9KP,56,148,15,0.10318618267774582,9.869516372680664,9.898201942443848,0.028685569763183594,9.899545669555664,0.030029296875,-0.0013437271118164062,0.9552527947154471
TCGA-2F-A9KP,57,148,15,0.6718679070472717,9.869516372680664,-2.7571210861206055,12.62663745880127,9.90085506439209,0.03133869171142578,12.595298767089844,402.9088889565138
TCGA-2F-A9KP,58,148,15,0.7035984396934509,9.869516372680664,-2.757606267929077,12.627122640609741,9.900450706481934,0.03093433380126953,12.596188306808472,408.1911936985541
TCGA-2F-A9KP,59,148,15,0.7018676996231079,9.869516372680664,-2.7577240467071533,12.627240419387817,9.899474143981934,0.02995777130126953,12.597282648086548,421.50132906758347
TCGA-2F-A9KP,60,148,15,0.10303390771150589,9.869516372680664,9.898201942443848,0.028685569763183594,9.900724411010742,0.031208038330078125,-0.0025224685668945312,0.9191724728028359
TCGA-2F-A9KP,61,148,15,0.10297251492738724,9.869516372680664,9.898201942443848,0.028685569763183594,9.900540351867676,0.03102397918701172,-0.002338409423828125,0.9246257416003197
TCGA-2F-A9KP,62,148,15,0.10299286991357803,9.869516372680664,9.898201942443848,0.028685569763183594,9.900317192077637,0.030800819396972656,-0.0021152496337890625,0.9313248908567359
TCGA-2F-A9KP,63,148,15,0.10296362638473511,9.869516372680664,9.898201942443848,0.028685569763183594,9.899588584899902,0.03007221221923828,-0.0013866424560546875,0.9538895759997463
TCGA-2F-A9KP,64,148,15,0.10299652814865112,9.869516372680664,9.898201942443848,0.028685569763183594,9.899863243103027,0.03034687042236328,-0.0016613006591796875,0.9452562773011534
TCGA-2F-A9KP,65,148,15,0.10296636819839478,9.869516372680664,9.898201942443848,0.028685569763183594,9.900108337402344,0.030591964721679688,-0.0019063949584960938,0.9376831473283871
TCGA-2F-A9KP,66,148,15,0.5185019373893738,9.869516372680664,-2.7576615810394287,12.627177953720093,9.71642017364502,0.15309619903564453,12.474081754684448,82.47871621411174
TCGA-2F-A9KP,67,148,15,0.10301162302494049,9.869516372680664,9.898201942443848,0.028685569763183594,9.900041580200195,0.03052520751953125,-0.0018396377563476562,0.9397338165458635
TCGA-2F-A9KP,68,148,15,0.10297565907239914,9.869516372680664,9.898201942443848,0.028685569763183594,9.90006160736084,0.03054523468017578,-0.0018596649169921875,0.939117674607387
TCGA-2F-A9KP,69,148,15,0.10298590362071991,9.869516372680664,9.898201942443848,0.028685569763183594,9.899635314941406,0.030118942260742188,-0.0014333724975585938,0.9524096004052942
TCGA-2F-A9KP,70,148,15,0.7219751477241516,9.869516372680664,-2.7566370964050293,12.626153469085693,9.899702072143555,0.030185699462890625,12.595967769622803,418.28262037154053
TCGA-2F-A9KP,71,148,15,0.6230596899986267,9.869516372680664,-2.7577199935913086,12.627236366271973,9.718141555786133,0.15137481689453125,12.475861549377441,83.41702157149338
TCGA-2F-A9KP,72,148,15,0.6975723505020142,9.869516372680664,-2.7575831413269043,12.627099514007568,9.90048885345459,0.03097248077392578,12.596127033233643,407.6877020660775
TCGA-2F-A9KP,73,148,15,0.1029442697763443,9.869516372680664,9.898201942443848,0.028685569763183594,9.717607498168945,0.15190887451171875,-0.12322330474853516,0.1888340615740043
TCGA-2F-A9KP,74,148,15,0.12622930109500885,9.869516372680664,-2.7576558589935303,12.627172231674194,9.899077415466309,0.02956104278564453,12.59761118888855,427.15584572700584
TCGA-2F-A9KP,75,148,15,0.10295664519071579,9.869516372680664,9.898201942443848,0.028685569763183594,9.901455879211426,0.03193950653076172,-0.003253936767578125,0.8981218834910871
TCGA-2F-A9KP,76,148,15,0.10302290320396423,9.869516372680664,9.898201942443848,0.028685569763183594,9.686720848083496,0.18279552459716797,-0.15410995483398438,0.15692709012651623
TCGA-2F-A9KP,77,148,15,0.10311178117990494,9.869516372680664,9.898201942443848,0.028685569763183594,9.900214195251465,0.03069782257080078,-0.0020122528076171875,0.9344496567150269
TCGA-2F-A9KP,78,148,15,0.10295994579792023,9.869516372680664,9.898201942443848,0.028685569763183594,9.901117324829102,0.0316009521484375,-0.0029153823852539062,0.9077438435538387
TCGA-2F-A9KP,79,148,15,0.10309544205665588,9.869516372680664,9.898201942443848,0.028685569763183594,9.686580657958984,0.1829357147216797,-0.1542501449584961,0.15680683133321516
TCGA-2F-A9KP,80,148,15,0.10295309126377106,9.869516372680664,9.898201942443848,0.028685569763183594,9.900028228759766,0.030511856079101562,-0.0018262863159179688,0.9401450271925986
TCGA-2F-A9KP,81,148,15,0.10292355716228485,9.869516372680664,9.898201942443848,0.028685569763183594,9.900101661682129,0.030585289001464844,-0.00189971923828125,0.9378878114184154
TCGA-2F-A9KP,82,148,15,0.10321337729692459,9.869516372680664,9.898201942443848,0.028685569763183594,9.716544151306152,0.15297222137451172,-0.12428665161132812,0.18752143039718708
TCGA-2F-A9KP,83,148,15,0.10304950177669525,9.869516372680664,9.898201942443848,0.028685569763183594,9.899174690246582,0.02965831756591797,-0.000972747802734375,0.9672015177336892
TCGA-2F-A9KP,84,148,15,0.10297981649637222,9.869516372680664,9.898201942443848,0.028685569763183594,9.900607109069824,0.031090736389160156,-0.0024051666259765625,0.9226404098033802
TCGA-2F-A9KP,85,148,15,0.10318344831466675,9.869516372680664,9.898201942443848,0.028685569763183594,9.900139808654785,0.030623435974121094,-0.0019378662109375,0.9367195042197378
TCGA-2F-A9KP,86,148,15,0.10309554636478424,9.869516372680664,9.898201942443848,0.028685569763183594,9.900313377380371,0.03079700469970703,-0.0021114349365234375,0.9314402502090237
TCGA-2F-A9KP,87,148,15,0.10299926996231079,9.869516372680664,9.898201942443848,0.028685569763183594,9.900362014770508,0.03084564208984375,-0.0021600723266601562,0.9299715557754143
TCGA-2F-A9KP,88,148,15,0.1031007170677185,9.869516372680664,9.898201942443848,0.028685569763183594,9.900126457214355,0.030610084533691406,-0.0019245147705078125,0.9371280805059663
TCGA-2F-A9KP,89,148,15,0.10305275022983551,9.869516372680664,9.898201942443848,0.028685569763183594,9.717174530029297,0.1523418426513672,-0.1236562728881836,0.18829737952448322
TCGA-2F-A9KP,90,148,15,0.747876763343811,9.869516372680664,-2.7566370964050293,12.626153469085693,9.899717330932617,0.030200958251953125,12.59595251083374,418.07128647214853
TCGA-2F-A9KP,91,148,15,0.1029774397611618,9.869516372680664,9.898201942443848,0.028685569763183594,9.900364875793457,0.03084850311279297,-0.002162933349609375,0.9298853062107769
TCGA-2F-A9KP,92,148,15,0.10304336994886398,9.869516372680664,9.898201942443848,0.028685569763183594,9.899558067321777,0.03004169464111328,-0.0013561248779296875,0.9548585759182249
TCGA-2F-A9KP,93,148,15,0.1029944196343422,9.869516372680664,9.898201942443848,0.028685569763183594,9.899806022644043,0.030289649963378906,-0.0016040802001953125,0.9470419697112812
TCGA-2F-A9KP,94,148,15,0.7197856307029724,9.869516372680664,-2.7565202713012695,12.626036643981934,9.899857521057129,0.030341148376464844,12.595695495605469,416.1357535753575
TCGA-2F-A9KP,95,148,15,0.10309953987598419,9.869516372680664,9.898201942443848,0.028685569763183594,9.716540336608887,0.15297603607177734,-0.12429046630859375,0.18751675425636039
TCGA-2F-A9KP,96,148,15,0.10319916903972626,9.869516372680664,9.898201942443848,0.028685569763183594,9.899928092956543,0.030411720275878906,-0.0017261505126953125,0.9432406158863558
TCGA-2F-A9KP,97,148,15,0.1029740646481514,9.869516372680664,9.898201942443848,0.028685569763183594,9.899553298950195,0.03003692626953125,-0.0013513565063476562,0.95501016002032
TCGA-2F-A9KP,98,148,15,0.10300356149673462,9.869516372680664,9.898201942443848,0.028685569763183594,9.900074005126953,0.030557632446289062,-0.0018720626831054688,0.9387366581361962
TCGA-2F-A9KP,99,148,15,0.10301271826028824,9.869516372680664,9.898201942443848,0.028685569763183594,9.90131664276123,0.031800270080566406,-0.0031147003173828125,0.9020542810016494
TCGA-2F-A9KP,100,148,15,0.10303392261266708,9.869516372680664,9.898201942443848,0.028685569763183594,9.900309562683105,0.030793190002441406,-0.0021076202392578125,0.9315556381430209
TCGA-2F-A9KP,101,148,15,0.10294578224420547,9.869516372680664,9.898201942443848,0.028685569763183594,9.900151252746582,0.03063488006591797,-0.001949310302734375,0.9363695794290695
TCGA-2F-A9KP,102,148,15,0.10304990410804749,9.869516372680664,9.898201942443848,0.028685569763183594,9.686430931091309,0.18308544158935547,-0.15439987182617188,0.15667859505466744
TCGA-2F-A9KP,103,148,15,0.10311490297317505,9.869516372680664,9.898201942443848,0.028685569763183594,9.899327278137207,0.02981090545654297,-0.001125335693359375,0.9622508717489363
TCGA-2F-A9KP,104,148,15,0.10319408774375916,9.869516372680664,9.898201942443848,0.028685569763183594,9.900272369384766,0.030755996704101562,-0.0020704269409179688,0.9326821705426357
TCGA-2F-A9KP,105,148,15,0.10304075479507446,9.869516372680664,9.898201942443848,0.028685569763183594,9.89971923828125,0.030202865600585938,-0.0015172958374023438,0.9497631828228608
TCGA-2F-A9KP,106,148,15,0.102948859333992,9.869516372680664,9.898201942443848,0.028685569763183594,-2.7570536136627197,12.626569986343384,-12.5978844165802,0.0022718418219840595
TCGA-2F-A9KP,107,148,15,0.7852351665496826,9.869516372680664,-2.7569077014923096,12.626424074172974,9.900105476379395,0.03058910369873047,12.595834970474243,412.77522213561963
TCGA-2F-A9KP,108,148,15,0.10299801826477051,9.869516372680664,9.898201942443848,0.028685569763183594,9.899796485900879,0.030280113220214844,-0.00159454345703125,0.947340241252244
TCGA-2F-A9KP,109,148,15,0.10296249389648438,9.869516372680664,9.898201942443848,0.028685569763183594,9.900517463684082,0.03100109100341797,-0.002315521240234375,0.9253083951148984
TCGA-2F-A9KP,110,148,15,0.102999746799469,9.869516372680664,9.898201942443848,0.028685569763183594,9.900530815124512,0.031014442443847656,-0.0023288726806640625,0.9249100581162941
TCGA-2F-A9KP,111,148,15,0.10298717767000198,9.869516372680664,9.898201942443848,0.028685569763183594,9.900071144104004,0.030554771423339844,-0.00186920166015625,0.938824557570461
TCGA-2F-A9KP,112,148,15,0.9952690005302429,9.869516372680664,-2.7550532817840576,12.624569654464722,9.899747848510742,0.030231475830078125,12.594338178634644,417.5968690851735
TCGA-2F-A9KP,113,148,15,0.1029825508594513,9.869516372680664,9.898201942443848,0.028685569763183594,9.899903297424316,0.030386924743652344,-0.00170135498046875,0.9440102940714936
TCGA-2F-A9KP,114,148,15,0.10307571291923523,9.869516372680664,9.898201942443848,0.028685569763183594,9.901126861572266,0.03161048889160156,-0.0029249191284179688,0.9074699812948772
TCGA-2F-A9KP,115,148,15,0.6226348876953125,9.869516372680664,-2.7577199935913086,12.627236366271973,9.899407386779785,0.029891014099121094,12.597345352172852,422.4425549564496
TCGA-2F-A9KP,116,148,15,0.10311419516801834,9.869516372680664,9.898201942443848,0.028685569763183594,9.900078773498535,0.030562400817871094,-0.0018768310546875,0.9385901956501389
TCGA-2F-A9KP,117,148,15,0.5884218215942383,9.869516372680664,-2.7576944828033447,12.627210855484009,9.686317443847656,0.1831989288330078,12.444011926651001,68.92622645732907
TCGA-2F-A9KP,118,148,15,0.10314499586820602,9.869516372680664,9.898201942443848,0.028685569763183594,9.899321556091309,0.02980518341064453,-0.0011196136474609375,0.9624356061818066
TCGA-2F-A9KP,119,148,15,0.10299918055534363,9.869516372680664,9.898201942443848,0.028685569763183594,9.686559677124023,0.18295669555664062,-0.15427112579345703,0.15678884927336795
TCGA-2F-A9KP,120,148,15,0.1030145063996315,9.869516372680664,9.898201942443848,0.028685569763183594,9.900391578674316,0.030875205993652344,-0.00218963623046875,0.9290810810810811
TCGA-2F-A9KP,121,148,15,0.10302631556987762,9.869516372680664,9.898201942443848,0.028685569763183594,9.716591835021973,0.1529245376586914,-0.12423896789550781,0.18757990184156206
TCGA-2F-A9KP,122,148,15,0.573624849319458,9.869516372680664,-2.7577478885650635,12.627264261245728,9.898953437805176,0.02943706512451172,12.597827196121216,428.9579891145884
TCGA-2F-A9KP,123,148,15,0.10307027399539948,9.869516372680664,9.898201942443848,0.028685569763183594,9.899153709411621,0.02963733673095703,-0.0009517669677734375,0.9678862181034206
TCGA-2F-A9KP,124,148,15,0.10298290103673935,9.869516372680664,9.898201942443848,0.028685569763183594,9.900227546691895,0.03071117401123047,-0.002025604248046875,0.9340434121044623
TCGA-2F-A9KP,125,148,15,0.1031460389494896,9.869516372680664,9.898201942443848,0.028685569763183594,9.899580955505371,0.03006458282470703,-0.0013790130615234375,0.954131641554322
TCGA-2F-A9KP,126,148,15,0.6834844350814819,9.869516372680664,-2.757128953933716,12.62664532661438,9.900001525878906,0.030485153198242188,12.596160173416138,414.18999092786083
TCGA-2F-A9KP,127,148,15,0.10295560956001282,9.869516372680664,9.898201942443848,0.028685569763183594,9.89997673034668,0.030460357666015625,-0.0017747879028320312,0.9417345021916093
TCGA-2F-A9KP,128,148,15,0.10312438756227493,9.869516372680664,9.898201942443848,0.028685569763183594,9.899240493774414,0.02972412109375,-0.0010385513305664062,0.965060318275154
TCGA-2F-A9KP,129,148,15,0.10277023911476135,9.869516372680664,9.898221969604492,0.028705596923828125,9.899338722229004,0.029822349548339844,-0.0011167526245117188,0.9625531642736082
TCGA-2F-A9KP,130,148,15,0.10302621871232986,9.869516372680664,9.898201942443848,0.028685569763183594,9.90014362335205,0.03062725067138672,-0.001941680908203125,0.936602833566869
TCGA-2F-A9KP,131,148,15,0.10304675996303558,9.869516372680664,9.898201942443848,0.028685569763183594,9.899888038635254,0.030371665954589844,-0.00168609619140625,0.9444845668351807
TCGA-2F-A9KP,132,148,15,0.10310471802949905,9.869516372680664,9.898201942443848,0.028685569763183594,9.89982795715332,0.03031158447265625,-0.0016260147094726562,0.9463566574377045
TCGA-2F-A9KP,133,148,15,0.102956123650074,9.869516372680664,9.898201942443848,0.028685569763183594,9.89998722076416,0.030470848083496094,-0.0017852783203125,0.9414102844981378
TCGA-2F-A9KP,134,148,15,0.10303863883018494,9.869516372680664,9.898201942443848,0.028685569763183594,9.716646194458008,0.15287017822265625,-0.12418460845947266,0.18764660378300144
TCGA-2F-A9KP,135,148,15,0.10300575941801071,9.869516372680664,9.898201942443848,0.028685569763183594,9.900116920471191,0.030600547790527344,-0.00191497802734375,0.9374201389971016
TCGA-2F-A9KP,136,148,15,0.10309026390314102,9.869516372680664,9.898201942443848,0.028685569763183594,9.90014934539795,0.030632972717285156,-0.0019474029541015625,0.9364278820709193
TCGA-2F-A9KP,137,148,15,0.6214222311973572,9.869516372680664,-2.757716417312622,12.627232789993286,9.900059700012207,0.03054332733154297,12.596689462661743,413.4203406500765
TCGA-2F-A9KP,138,148,15,0.1030801460146904,9.869516372680664,9.898201942443848,0.028685569763183594,9.899455070495605,0.029938697814941406,-0.0012531280517578125,0.9581435351830025
TCGA-2F-A9KP,139,148,15,0.10297109931707382,9.869516372680664,9.898201942443848,0.028685569763183594,9.900691032409668,0.031174659729003906,-0.0024890899658203125,0.9201566276117349
TCGA-2F-A9KP,140,148,15,0.10294535756111145,9.869516372680664,9.898201942443848,0.028685569763183594,9.89975643157959,0.03024005889892578,-0.0015544891357421875,0.9485950361096219
TCGA-2F-A9KP,141,148,15,0.1030258908867836,9.869516372680664,9.898201942443848,0.028685569763183594,9.89970874786377,0.03019237518310547,-0.001506805419921875,0.9500931804542152
TCGA-2F-A9KP,142,148,15,0.10310203582048416,9.869516372680664,9.898201942443848,0.028685569763183594,9.900651931762695,0.03113555908203125,-0.0024499893188476562,0.9213121783876501
TCGA-2F-A9KP,143,148,15,0.1031048595905304,9.869516372680664,9.898201942443848,0.028685569763183594,9.717371940612793,0.1521444320678711,-0.1234588623046875,0.18854169931363024
TCGA-2F-A9KP,144,148,15,0.1029888242483139,9.869516372680664,9.898201942443848,0.028685569763183594,9.90079402923584,0.03127765655517578,-0.0025920867919921875,0.9171265664542488
TCGA-2F-A9KP,145,148,15,0.10314732044935226,9.869516372680664,9.898201942443848,0.028685569763183594,9.89934253692627,0.02982616424560547,-0.001140594482421875,0.9617585931254996
TCGA-2F-A9KP,146,148,15,0.1029876321554184,9.869516372680664,9.898201942443848,0.028685569763183594,9.8997220993042,0.030205726623535156,-0.0015201568603515625,0.9496732232500869
TCGA-2F-A9KP,147,148,15,0.10298804193735123,9.869516372680664,9.898201942443848,0.028685569763183594,9.899877548217773,0.030361175537109375,-0.0016756057739257812,0.9448109058927001
TCGA-2F-A9KP,148,148,15,0.6615613698959351,9.869516372680664,-2.7576396465301514,12.627156019210815,9.6862154006958,0.18330097198486328,12.443855047225952,68.8875562550402
TCGA-2F-A9KP,149,148,15,0.10302030295133591,9.869516372680664,9.898201942443848,0.028685569763183594,9.900479316711426,0.03096294403076172,-0.002277374267578125,0.9264483937536575
TCGA-2F-A9KP,150,148,15,0.1029624417424202,9.869516372680664,9.898201942443848,0.028685569763183594,9.899659156799316,0.030142784118652344,-0.00145721435546875,0.951656278672446
TCGA-2F-A9KP,151,148,15,0.9999222755432129,9.869516372680664,-2.7550532817840576,12.624569654464722,9.687849998474121,0.18166637420654297,12.442903280258179,69.49315584463308
TCGA-2F-A9KP,152,148,15,0.1030380129814148,9.869516372680664,9.898201942443848,0.028685569763183594,9.899373054504395,0.02985668182373047,-0.001171112060546875,0.960775545405181
TCGA-2F-A9KP,153,148,15,0.10297282040119171,9.869516372680664,9.898201942443848,0.028685569763183594,9.899604797363281,0.030088424682617188,-0.0014028549194335938,0.9533755942947703
TCGA-2F-A9KP,154,148,15,0.10300104320049286,9.869516372680664,9.898201942443848,0.028685569763183594,9.900275230407715,0.03075885772705078,-0.0020732879638671875,0.9325954174805444
TCGA-2F-A9KP,155,148,15,0.10297980159521103,9.869516372680664,9.898201942443848,0.028685569763183594,9.717206001281738,0.15231037139892578,-0.12362480163574219,0.18833628662129248
TCGA-2F-A9KP,156,148,15,0.10298134386539459,9.869516372680664,9.898201942443848,0.028685569763183594,9.899626731872559,0.03011035919189453,-0.0014247894287109375,0.9526810882716245
TCGA-2F-A9KP,157,148,15,0.10298934578895569,9.869516372680664,9.898201942443848,0.028685569763183594,9.899893760681152,0.03037738800048828,-0.0016918182373046875,0.944306658713465
TCGA-2F-A9KP,158,148,15,0.10298401117324829,9.869516372680664,9.898201942443848,0.028685569763183594,9.899487495422363,0.02997112274169922,-0.001285552978515625,0.9571069462564037
TCGA-2F-A9KP,159,148,15,0.9999994039535522,9.869516372680664,-2.755068063735962,12.624584436416626,9.899856567382812,0.030340194702148438,12.594244241714478,416.10096969887474
TCGA-2F-A9KP,160,148,15,0.10302644968032837,9.869516372680664,9.898201942443848,0.028685569763183594,9.90060043334961,0.031084060668945312,-0.0023984909057617188,0.9228385592440327
TCGA-2F-A9KP,161,148,15,0.784244179725647,9.869516372680664,-2.756688356399536,12.6262047290802,9.900668144226074,0.031151771545410156,12.59505295753479,405.3125746211541
TCGA-2F-A9KP,162,148,15,0.10296966135501862,9.869516372680664,9.898201942443848,0.028685569763183594,9.686617851257324,0.18289852142333984,-0.15421295166015625,0.1568387187602655
TCGA-2F-A9KP,163,148,15,0.10295292735099792,9.869516372680664,9.898201942443848,0.028685569763183594,9.686142921447754,0.18337345123291016,-0.15468788146972656,0.1564325128327812
TCGA-2F-A9KP,164,148,15,0.10313460975885391,9.869516372680664,9.898201942443848,0.028685569763183594,9.90090560913086,0.03138923645019531,-0.0027036666870117188,0.9138664398128455
TCGA-2F-A9KP,165,148,15,0.10297366231679916,9.869516372680664,9.898201942443848,0.028685569763183594,9.899797439575195,0.03028106689453125,-0.0015954971313476562,0.947310405643739
TCGA-2F-A9KP,166,148,15,0.10294957458972931,9.869516372680664,9.898201942443848,0.028685569763183594,9.89945125579834,0.02993488311767578,-0.0012493133544921875,0.9582656344579311
TCGA-2F-A9KP,167,148,15,0.10296282917261124,9.869516372680664,9.898201942443848,0.028685569763183594,9.899630546569824,0.030114173889160156,-0.0014286041259765625,0.95256040789182
TCGA-2F-A9KP,168,148,15,0.10306639969348907,9.869516372680664,9.898201942443848,0.028685569763183594,9.89998722076416,0.030470848083496094,-0.0017852783203125,0.9414102844981378
TCGA-2F-A9KP,169,148,15,0.10287830233573914,9.869516372680664,9.898201942443848,0.028685569763183594,9.900335311889648,0.030818939208984375,-0.0021333694458007812,0.9307773239262285
TCGA-2F-A9KP,170,148,15,0.10308702290058136,9.869516372680664,9.898201942443848,0.028685569763183594,9.89972972869873,0.030213356018066406,-0.0015277862548828125,0.9494334143492945
TCGA-2F-A9KP,171,148,15,0.1030556708574295,9.869516372680664,9.898201942443848,0.028685569763183594,9.90097713470459,0.03146076202392578,-0.0027751922607421875,0.911788778077541
TCGA-2F-A9KP,172,148,15,0.1029590293765068,9.869516372680664,9.898201942443848,0.028685569763183594,9.900809288024902,0.03129291534423828,-0.0026073455810546875,0.9166793648858684
TCGA-2F-A9KP,173,148,15,0.10298728942871094,9.869516372680664,9.898201942443848,0.028685569763183594,9.71634578704834,0.15317058563232422,-0.12448501586914062,0.18727857992291935
TCGA-2F-A9KP,174,148,15,0.10311371088027954,9.869516372680664,9.898201942443848,0.028685569763183594,9.90002727508545,0.030510902404785156,-0.0018253326416015625,0.9401744131528772
TCGA-2F-A9KP,175,148,15,0.10287982225418091,9.869516372680664,9.898201942443848,0.028685569763183594,9.899065017700195,0.02954864501953125,-0.0008630752563476562,0.9707913761941648
TCGA-2F-A9KP,176,148,15,0.10308728367090225,9.869516372680664,9.898201942443848,0.028685569763183594,9.899613380432129,0.030097007751464844,-0.00141143798828125,0.9531037105104725
TCGA-2F-A9KP,177,148,15,0.10308387875556946,9.869516372680664,9.898201942443848,0.028685569763183594,9.89960765838623,0.030091285705566406,-0.0014057159423828125,0.9532849491332045
TCGA-2F-A9KP,178,148,15,0.10294267535209656,9.869516372680664,9.898201942443848,0.028685569763183594,9.901571273803711,0.032054901123046875,-0.0033693313598632812,0.8948887302153993
TCGA-2F-A9KP,179,148,15,0.10299450904130936,9.869516372680664,9.898201942443848,0.028685569763183594,9.90021800994873,0.030701637268066406,-0.0020160675048828125,0.9343335507719069
TCGA-2F-A9KP,180,148,15,0.1031547337770462,9.869516372680664,9.898201942443848,0.028685569763183594,9.89993953704834,0.03042316436767578,-0.0017375946044921875,0.9428858029528855
TCGA-2F-A9KP,181,148,15,0.10299103707075119,9.869516372680664,9.898201942443848,0.028685569763183594,9.900172233581543,0.030655860900878906,-0.0019702911376953125,0.9357287291958314
TCGA-2F-A9KP,182,148,15,0.10302214324474335,9.869516372680664,9.898201942443848,0.028685569763183594,9.71635913848877,0.15315723419189453,-0.12447166442871094,0.1872949058824262
TCGA-2F-A9KP,183,148,15,0.10297282040119171,9.869516372680664,9.898201942443848,0.028685569763183594,9.686732292175293,0.1827840805053711,-0.1540985107421875,0.15693691531490167
TCGA-2F-A9KP,184,148,15,0.10313110053539276,9.869516372680664,9.898201942443848,0.028685569763183594,9.899535179138184,0.03001880645751953,-0.0013332366943359375,0.9555866188010294
TCGA-2F-A9KP,185,148,15,0.10304827988147736,9.869516372680664,9.898201942443848,0.028685569763183594,9.8997163772583,0.03020000457763672,-0.001514434814453125,0.9498531594404269
TCGA-2F-A9KQ,0,109,11,0.2255031168460846,-69.37918853759766,-68.85367584228516,0.5255126953125,-69.3738784790039,0.00531005859375,0.52020263671875,98.96551724137932
TCGA-2F-A9KQ,1,109,11,0.17790831625461578,-69.37918853759766,-69.78047943115234,0.4012908935546875,-69.46691131591797,0.0877227783203125,0.313568115234375,4.5745347016872495
TCGA-2F-A9KQ,2,109,11,0.18437466025352478,-69.37918853759766,-69.7796630859375,0.40047454833984375,-69.38627624511719,0.00708770751953125,0.3933868408203125,56.502691065662
TCGA-2F-A9KQ,3,109,11,0.18658699095249176,-69.37918853759766,-69.7796630859375,0.40047454833984375,-69.38615417480469,0.00696563720703125,0.3935089111328125,57.492880613362544
TCGA-2F-A9KQ,4,109,11,0.22443240880966187,-69.37918853759766,-68.85367584228516,0.5255126953125,-69.6205825805664,0.24139404296875,0.28411865234375,2.1769911504424777
TCGA-2F-A9KQ,5,109,11,0.15363837778568268,-69.37918853759766,-68.85315704345703,0.526031494140625,-69.30998992919922,0.0691986083984375,0.4568328857421875,7.601764057331863
TCGA-2F-A9KQ,6,109,11,0.1867874711751938,-69.37918853759766,-69.77976989746094,0.40058135986328125,-69.3821029663086,0.0029144287109375,0.39766693115234375,137.4476439790576
TCGA-2F-A9KQ,7,109,11,0.18085016310214996,-69.37918853759766,-69.7796630859375,0.40047454833984375,-69.54258728027344,0.16339874267578125,0.2370758056640625,2.450903487883457
TCGA-2F-A9KQ,8,109,11,0.22764348983764648,-69.37918853759766,-68.85367584228516,0.5255126953125,-69.28810119628906,0.09108734130859375,0.43442535400390625,5.769327414356312
TCGA-2F-A9KQ,9,109,11,0.18524618446826935,-69.37918853759766,-69.7796630859375,0.40047454833984375,-69.30132293701172,0.0778656005859375,0.32260894775390625,5.143151087595532
TCGA-2F-A9KQ,10,109,11,0.2248832732439041,-69.37918853759766,-68.85367584228516,0.5255126953125,-69.12163543701172,0.2575531005859375,0.2679595947265625,2.04040523727709
TCGA-2F-A9KQ,11,109,11,0.18522480130195618,-69.37918853759766,-69.7796630859375,0.40047454833984375,-69.3821792602539,0.00299072265625,0.39748382568359375,133.90561224489795
TCGA-2F-A9KQ,12,109,11,0.18688936531543732,-69.37918853759766,-69.77976989746094,0.40058135986328125,-69.22896575927734,0.1502227783203125,0.25035858154296875,2.666582021330625
TCGA-2F-A9KQ,13,109,11,0.1549515575170517,-69.37918853759766,-68.85315704345703,0.526031494140625,-69.37411499023438,0.00507354736328125,0.5209579467773438,103.6812030075188
TCGA-2F-A9KQ,14,109,11,0.18656358122825623,-69.37918853759766,-69.7796630859375,0.40047454833984375,-69.37724304199219,0.00194549560546875,0.398529052734375,205.8470588235294
TCGA-2F-A9KQ,15,109,11,0.22510820627212524,-69.37918853759766,-68.85367584228516,0.5255126953125,-69.54642486572266,0.167236328125,0.3582763671875,3.1423357664233578
TCGA-2F-A9KQ,16,109,11,0.18640519678592682,-69.37918853759766,-69.7796630859375,0.40047454833984375,-69.55552673339844,0.17633819580078125,0.2241363525390625,2.2710595768615067
TCGA-2F-A9KQ,17,109,11,0.2207922488451004,-69.37918853759766,-68.85149383544922,0.5276947021484375,-69.209228515625,0.16996002197265625,0.35773468017578125,3.1048166270144093
TCGA-2F-A9KQ,18,109,11,0.18667852878570557,-69.37918853759766,-69.7796630859375,0.40047454833984375,-69.3915786743164,0.01239013671875,0.38808441162109375,32.32204433497537
TCGA-2F-A9KQ,19,109,11,0.1867748200893402,-69.37918853759766,-69.77976989746094,0.40058135986328125,-69.29967498779297,0.0795135498046875,0.32106781005859375,5.037900594895413
TCGA-2F-A9KQ,20,109,11,0.1867804229259491,-69.37918853759766,-69.7796630859375,0.40047454833984375,-69.30213928222656,0.07704925537109375,0.32342529296875,5.197643331022873
TCGA-2F-A9KQ,21,109,11,0.1366693079471588,-69.37918853759766,-68.85248565673828,0.526702880859375,-69.30036926269531,0.07881927490234375,0.44788360595703125,6.682412157583971
TCGA-2F-A9KQ,22,109,11,0.1333485245704651,-69.37918853759766,-69.78047943115234,0.4012908935546875,-69.38174438476562,0.00255584716796875,0.39873504638671875,157.0089552238806
TCGA-2F-A9KQ,23,109,11,0.18555131554603577,-69.37918853759766,-69.7796630859375,0.40047454833984375,-69.46976470947266,0.090576171875,0.30989837646484375,4.421411725067386
TCGA-2F-A9KQ,24,109,11,0.22298668324947357,-69.37918853759766,-68.85149383544922,0.5276947021484375,-69.5427017211914,0.16351318359375,0.3641815185546875,3.227230309817096
TCGA-2F-A9KQ,25,109,11,0.22435344755649567,-69.37918853759766,-68.85149383544922,0.5276947021484375,-69.4720687866211,0.0928802490234375,0.434814453125,5.681452275340891
TCGA-2F-A9KQ,26,109,11,0.13220453262329102,-69.37918853759766,-69.78047943115234,0.4012908935546875,-69.37885284423828,0.000335693359375,0.4009552001953125,1195.409090909091
TCGA-2F-A9KQ,27,109,11,0.22590139508247375,-69.37918853759766,-68.85367584228516,0.5255126953125,-69.4598617553711,0.0806732177734375,0.4448394775390625,6.514091167013429
TCGA-2F-A9KQ,28,109,11,0.18672595918178558,-69.37918853759766,-69.7796630859375,0.40047454833984375,-69.22378540039062,0.15540313720703125,0.2450714111328125,2.577004271196426
TCGA-2F-A9KQ,29,109,11,0.18597300350666046,-69.37918853759766,-69.7796630859375,0.40047454833984375,-69.3896713256836,0.0104827880859375,0.38999176025390625,38.20305676855895
TCGA-2F-A9KQ,30,109,11,0.22438354790210724,-69.37918853759766,-68.85149383544922,0.5276947021484375,-69.30779266357422,0.0713958740234375,0.456298828125,7.391109211369951
TCGA-2F-A9KQ,31,109,11,0.18684199452400208,-69.37918853759766,-69.77976989746094,0.40058135986328125,-69.21851348876953,0.160675048828125,0.23990631103515625,2.4931149097815766
TCGA-2F-A9KQ,32,109,11,0.1259177029132843,-69.37918853759766,-68.85456848144531,0.5246200561523438,-69.3895492553711,0.0103607177734375,0.5142593383789062,50.635493372606774
TCGA-2F-A9KQ,33,109,11,0.13675405085086823,-69.37918853759766,-69.78170013427734,0.4025115966796875,-69.37137603759766,0.0078125,0.3946990966796875,51.521484375
TCGA-2F-A9KQ,34,109,11,0.16399556398391724,-69.37918853759766,-68.85315704345703,0.526031494140625,-69.30536651611328,0.073822021484375,0.45220947265625,7.125671765192228
TCGA-2F-A9KQ,35,109,11,0.18339723348617554,-69.37918853759766,-69.7796630859375,0.40047454833984375,-69.4623031616211,0.0831146240234375,0.31735992431640625,4.818340370846338
TCGA-2F-A9KQ,36,109,11,0.22149303555488586,-69.37918853759766,-68.85149383544922,0.5276947021484375,-69.3839340209961,0.0047454833984375,0.52294921875,111.19935691318328
TCGA-2F-A9KQ,37,109,11,0.16301923990249634,-69.37918853759766,-69.78047943115234,0.4012908935546875,-69.54010009765625,0.16091156005859375,0.24037933349609375,2.4938599402588784
TCGA-2F-A9KQ,38,109,11,0.18660345673561096,-69.37918853759766,-69.7796630859375,0.40047454833984375,-69.45822143554688,0.07903289794921875,0.321441650390625,5.067187952505068
TCGA-2F-A9KQ,39,109,11,0.22686266899108887,-69.37918853759766,-68.85367584228516,0.5255126953125,-69.54705047607422,0.1678619384765625,0.3576507568359375,3.130624488682847
TCGA-2F-A9KQ,40,109,11,0.2292478233575821,-69.37918853759766,-68.85315704345703,0.526031494140625,-69.46448516845703,0.085296630859375,0.44073486328125,6.167084078711985
TCGA-2F-A9KQ,41,109,11,0.1866363137960434,-69.37918853759766,-69.7796630859375,0.40047454833984375,-69.14199829101562,0.23719024658203125,0.1632843017578125,1.6884106918845894
TCGA-2F-A9KQ,42,109,11,0.18453125655651093,-69.37918853759766,-69.7796630859375,0.40047454833984375,-69.3746109008789,0.00457763671875,0.39589691162109375,87.485
TCGA-2F-A9KQ,43,109,11,0.17166316509246826,-69.37918853759766,-69.78047943115234,0.4012908935546875,-69.45953369140625,0.08034515380859375,0.32094573974609375,4.994587408603172
TCGA-2F-A9KQ,44,109,11,0.18531444668769836,-69.37918853759766,-69.7796630859375,0.40047454833984375,-69.2342300415039,0.14495849609375,0.25551605224609375,2.7626842105263156
TCGA-2F-A9KQ,45,109,11,0.22277817130088806,-69.37918853759766,-68.85149383544922,0.5276947021484375,-69.38690185546875,0.00771331787109375,0.5199813842773438,68.41345202769536
TCGA-2F-A9KQ,46,109,11,0.18664035201072693,-69.37918853759766,-69.7796630859375,0.40047454833984375,-69.46149444580078,0.082305908203125,0.31816864013671875,4.865684093437152
TCGA-2F-A9KQ,47,109,11,0.22504884004592896,-69.37918853759766,-68.85149383544922,0.5276947021484375,-69.21800994873047,0.1611785888671875,0.36651611328125,3.2739751964404054
TCGA-2F-A9KQ,48,109,11,0.22919361293315887,-69.37918853759766,-68.85315704345703,0.526031494140625,-69.46527099609375,0.08608245849609375,0.43994903564453125,6.110786138438359
TCGA-2F-A9KQ,49,109,11,0.18165239691734314,-69.37918853759766,-69.7796630859375,0.40047454833984375,-69.38431549072266,0.005126953125,0.39534759521484375,78.11160714285714
TCGA-2F-A9KQ,50,109,11,0.22498157620429993,-69.37918853759766,-68.85149383544922,0.5276947021484375,-69.3016586303711,0.0775299072265625,0.450164794921875,6.806337335170242
TCGA-2F-A9KQ,51,109,11,0.16073569655418396,-69.37918853759766,-68.85315704345703,0.526031494140625,-69.38520050048828,0.006011962890625,0.52001953125,87.49746192893402
TCGA-2F-A9KQ,52,109,11,0.18636375665664673,-69.37918853759766,-69.7796630859375,0.40047454833984375,-69.22733306884766,0.15185546875,0.24861907958984375,2.6372086012861735
TCGA-2F-A9KQ,53,109,11,0.18672171235084534,-69.37918853759766,-69.7796630859375,0.40047454833984375,-69.53971099853516,0.1605224609375,0.23995208740234375,2.494819391634981
TCGA-2F-A9KQ,54,109,11,0.1850704848766327,-69.37918853759766,-69.7796630859375,0.40047454833984375,-69.39289093017578,0.013702392578125,0.38677215576171875,29.226614699331847
TCGA-2F-A9KQ,55,109,11,0.1862293779850006,-69.37918853759766,-69.7796630859375,0.40047454833984375,-69.4729232788086,0.0937347412109375,0.30673980712890625,4.272423897118672
TCGA-2F-A9KQ,56,109,11,0.14935661852359772,-69.37918853759766,-68.85456848144531,0.5246200561523438,-69.21460723876953,0.164581298828125,0.36003875732421875,3.187604301872798
TCGA-2F-A9KQ,57,109,11,0.22263643145561218,-69.37918853759766,-68.85149383544922,0.5276947021484375,-69.53789520263672,0.1587066650390625,0.368988037109375,3.324968753004519
TCGA-2F-A9KQ,58,109,11,0.22364214062690735,-69.37918853759766,-68.85149383544922,0.5276947021484375,-69.14398193359375,0.23520660400390625,0.29248809814453125,2.243536929514418
TCGA-2F-A9KQ,59,109,11,0.22427484393119812,-69.37918853759766,-68.85149383544922,0.5276947021484375,-69.46551513671875,0.08632659912109375,0.44136810302734375,6.112770658418029
TCGA-2F-A9KQ,60,109,11,0.1861794888973236,-69.37918853759766,-69.7796630859375,0.40047454833984375,-69.2249755859375,0.15421295166015625,0.2462615966796875,2.5968930886063424
TCGA-2F-A9KQ,61,109,11,0.1620902270078659,-69.37918853759766,-68.85315704345703,0.526031494140625,-69.38999938964844,0.01081085205078125,0.5152206420898438,48.65772759350741
TCGA-2F-A9KQ,62,109,11,0.2244025021791458,-69.37918853759766,-68.85149383544922,0.5276947021484375,-69.38348388671875,0.00429534912109375,0.5233993530273438,122.8525754884547
TCGA-2F-A9KQ,63,109,11,0.1748255342245102,-69.37918853759766,-69.78047943115234,0.4012908935546875,-69.29911041259766,0.080078125,0.3212127685546875,5.011242378048781
TCGA-2F-A9KQ,64,109,11,0.1867716759443283,-69.37918853759766,-69.7796630859375,0.40047454833984375,-69.38750457763672,0.0083160400390625,0.39215850830078125,48.15688073394495
TCGA-2F-A9KQ,65,109,11,0.22592486441135406,-69.37918853759766,-68.85367584228516,0.5255126953125,-69.54379272460938,0.16460418701171875,0.36090850830078125,3.1925840092699884
TCGA-2F-A9KQ,66,109,11,0.226826474070549,-69.37918853759766,-68.85367584228516,0.5255126953125,-69.3852767944336,0.0060882568359375,0.5194244384765625,86.3157894736842
TCGA-2F-A9KQ,67,109,11,0.18580928444862366,-69.37918853759766,-69.7796630859375,0.40047454833984375,-69.37995910644531,0.00077056884765625,0.3997039794921875,519.7128712871287
TCGA-2F-A9KQ,68,109,11,0.15679046511650085,-69.37918853759766,-68.85315704345703,0.526031494140625,-69.5447769165039,0.16558837890625,0.360443115234375,3.1767416144489493
TCGA-2F-A9KQ,69,109,11,0.1500040888786316,-69.37918853759766,-68.85248565673828,0.526702880859375,-69.38282012939453,0.003631591796875,0.5230712890625,145.03361344537817
TCGA-2F-A9KQ,70,109,11,0.16852915287017822,-69.37918853759766,-69.78047943115234,0.4012908935546875,-69.22647857666016,0.1527099609375,0.2485809326171875,2.6277977617905677
TCGA-2F-A9KQ,71,109,11,0.179798424243927,-69.37918853759766,-69.7796630859375,0.40047454833984375,-69.4655532836914,0.08636474609375,0.31410980224609375,4.637014134275619
TCGA-2F-A9KQ,72,109,11,0.16375695168972015,-69.37918853759766,-69.78047943115234,0.4012908935546875,-69.30538940429688,0.07379913330078125,0.32749176025390625,5.437609841827768
TCGA-2F-A9KQ,73,109,11,0.22331923246383667,-69.37918853759766,-68.85149383544922,0.5276947021484375,-69.37984466552734,0.0006561279296875,0.52703857421875,804.2558139534884
TCGA-2F-A9KQ,74,109,11,0.22465693950653076,-69.37918853759766,-68.85149383544922,0.5276947021484375,-69.30498504638672,0.0742034912109375,0.4534912109375,7.1114538350812255
TCGA-2F-A9KQ,75,109,11,0.224366694688797,-69.37918853759766,-68.85149383544922,0.5276947021484375,-69.4587173461914,0.07952880859375,0.4481658935546875,6.635264773599386
TCGA-2F-A9KQ,76,109,11,0.11235688626766205,-69.37918853759766,-68.85317993164062,0.5260086059570312,-69.37822723388672,0.0009613037109375,0.5250473022460938,547.1825396825396
TCGA-2F-A9KQ,77,109,11,0.18676643073558807,-69.37918853759766,-69.77976989746094,0.40058135986328125,-69.2263412475586,0.1528472900390625,0.24773406982421875,2.6207946490965357
TCGA-2F-A9KQ,78,109,11,0.1449984461069107,-69.37918853759766,-68.85248565673828,0.526702880859375,-69.29281616210938,0.08637237548828125,0.44033050537109375,6.098047875629361
TCGA-2F-A9KQ,79,109,11,0.1855248063802719,-69.37918853759766,-69.7796630859375,0.40047454833984375,-69.63306427001953,0.253875732421875,0.14659881591796875,1.5774432023079696
TCGA-2F-A9KQ,80,109,11,0.22404755651950836,-69.37918853759766,-68.85149383544922,0.5276947021484375,-69.38593292236328,0.006744384765625,0.5209503173828125,78.2420814479638
TCGA-2F-A9KQ,81,109,11,0.22128480672836304,-69.37918853759766,-68.85149383544922,0.5276947021484375,-69.2973403930664,0.08184814453125,0.4458465576171875,6.4472408650260995
TCGA-2F-A9KQ,82,109,11,0.228067547082901,-69.37918853759766,-68.85367584228516,0.5255126953125,-69.39055633544922,0.0113677978515625,0.5141448974609375,46.22818791946309
TCGA-2F-A9KQ,83,109,11,0.18477731943130493,-69.37918853759766,-69.7796630859375,0.40047454833984375,-69.46707153320312,0.08788299560546875,0.312591552734375,4.556905981421998
TCGA-2F-A9KQ,84,109,11,0.1866091936826706,-69.37918853759766,-69.7796630859375,0.40047454833984375,-69.20966339111328,0.169525146484375,0.23094940185546875,2.3623312331233124
TCGA-2F-A9KQ,85,109,11,0.18674315512180328,-69.37918853759766,-69.7796630859375,0.40047454833984375,-69.38214874267578,0.002960205078125,0.39751434326171875,135.28608247422682
TCGA-2F-A9KQ,86,109,11,0.18665450811386108,-69.37918853759766,-69.7796630859375,0.40047454833984375,-69.22506713867188,0.15412139892578125,0.2463531494140625,2.5984357210039106
TCGA-2F-A9KQ,87,109,11,0.1931675225496292,-69.37918853759766,-68.85456848144531,0.5246200561523438,-69.47074127197266,0.091552734375,0.43306732177734375,5.73025
TCGA-2F-A9KQ,88,109,11,0.18679179251194,-69.37918853759766,-69.77976989746094,0.40058135986328125,-69.2184066772461,0.1607818603515625,0.23979949951171875,2.4914586694505076
TCGA-2F-A9KQ,89,109,11,0.18285807967185974,-69.37918853759766,-69.7796630859375,0.40047454833984375,-69.37763977050781,0.00154876708984375,0.39892578125,258.57635467980293
TCGA-2F-A9KQ,90,109,11,0.2238348424434662,-69.37918853759766,-68.85149383544922,0.5276947021484375,-69.46820831298828,0.089019775390625,0.4386749267578125,5.927836818649297
TCGA-2F-A9KQ,91,109,11,0.18614806234836578,-69.37918853759766,-69.7796630859375,0.40047454833984375,-69.1396713256836,0.2395172119140625,0.16095733642578125,1.6720073899471237
TCGA-2F-A9KQ,92,109,11,0.18655379116535187,-69.37918853759766,-69.7796630859375,0.40047454833984375,-69.38050079345703,0.001312255859375,0.39916229248046875,305.18023255813955
TCGA-2F-A9KQ,93,109,11,0.1860550493001938,-69.37918853759766,-69.7796630859375,0.40047454833984375,-69.78614044189453,0.406951904296875,-0.00647735595703125,0.9840832395950506
TCGA-2F-A9KQ,94,109,11,0.22659993171691895,-69.37918853759766,-68.85367584228516,0.5255126953125,-69.62381744384766,0.24462890625,0.2808837890625,2.1482035928143715
TCGA-2F-A9KQ,95,109,11,0.13258211314678192,-69.37918853759766,-69.78047943115234,0.4012908935546875,-69.54066467285156,0.16147613525390625,0.23981475830078125,2.485140562248996
TCGA-2F-A9KQ,96,109,11,0.18631568551063538,-69.37918853759766,-68.85315704345703,0.526031494140625,-69.2158432006836,0.1633453369140625,0.3626861572265625,3.220364315740308
TCGA-2F-A9KQ,97,109,11,0.18577411770820618,-69.37918853759766,-69.7796630859375,0.40047454833984375,-69.544921875,0.16573333740234375,0.2347412109375,2.416378953183262
TCGA-2F-A9KQ,98,109,11,0.1837480068206787,-69.37918853759766,-69.78047943115234,0.4012908935546875,-69.46536254882812,0.08617401123046875,0.31511688232421875,4.656750774679062
TCGA-2F-A9KQ,99,109,11,0.18712617456912994,-69.37918853759766,-68.85315704345703,0.526031494140625,-69.14752960205078,0.231658935546875,0.29437255859375,2.2707153207746016
TCGA-2F-A9KQ,100,109,11,0.2237532138824463,-69.37918853759766,-68.85149383544922,0.5276947021484375,-69.46431732177734,0.0851287841796875,0.44256591796875,6.198781143574117
TCGA-2F-A9KQ,101,109,11,0.10225603729486465,-69.37918853759766,-68.85551452636719,0.5236740112304688,-69.30199432373047,0.0771942138671875,0.44647979736328125,6.783850563352441
TCGA-2F-A9KQ,102,109,11,0.18499699234962463,-69.37918853759766,-69.7796630859375,0.40047454833984375,-69.38870239257812,0.00951385498046875,0.390960693359375,42.093825180433036
TCGA-2F-A9KQ,103,109,11,0.18656843900680542,-69.37918853759766,-69.7796630859375,0.40047454833984375,-69.6232681274414,0.24407958984375,0.15639495849609375,1.6407539384846213
TCGA-2F-A9KQ,104,109,11,0.17058901488780975,-69.37918853759766,-68.85456848144531,0.5246200561523438,-69.46402740478516,0.0848388671875,0.43978118896484375,6.1837230215827335
TCGA-2F-A9KQ,105,109,11,0.174749955534935,-69.37918853759766,-69.78047943115234,0.4012908935546875,-69.22034454345703,0.158843994140625,0.2424468994140625,2.526320845341018
TCGA-2F-A9KQ,106,109,11,0.18647462129592896,-69.37918853759766,-69.7796630859375,0.40047454833984375,-69.31424713134766,0.06494140625,0.33553314208984375,6.166705827067669
TCGA-2F-A9KQ,107,109,11,0.22683465480804443,-69.37918853759766,-68.85367584228516,0.5255126953125,-69.38687896728516,0.0076904296875,0.517822265625,68.33333333333333
TCGA-2F-A9KQ,108,109,11,0.18586517870426178,-69.37918853759766,-69.7796630859375,0.40047454833984375,-69.13359832763672,0.2455902099609375,0.15488433837890625,1.6306616961789375
TCGA-2F-A9KQ,109,109,11,0.16967320442199707,-69.37918853759766,-69.78047943115234,0.4012908935546875,-69.47283172607422,0.0936431884765625,0.307647705078125,4.285318559556787
TCGA-2F-A9KQ,110,109,11,0.14830933511257172,-69.37918853759766,-69.78047943115234,0.4012908935546875,-69.6165542602539,0.23736572265625,0.1639251708984375,1.6906016970943687
TCGA-2F-A9KQ,111,109,11,0.10710851848125458,-69.37918853759766,-69.78296661376953,0.403778076171875,-69.30406188964844,0.07512664794921875,0.32865142822265625,5.37463186757388
TCGA-2F-A9KQ,112,109,11,0.14511065185070038,-69.37918853759766,-69.78047943115234,0.4012908935546875,-69.37883758544922,0.0003509521484375,0.40093994140625,1143.4347826086957
TCGA-2F-A9KQ,113,109,11,0.17286880314350128,-69.37918853759766,-68.85315704345703,0.526031494140625,-69.38863372802734,0.0094451904296875,0.5165863037109375,55.693053311793214
TCGA-2F-A9KQ,114,109,11,0.23056140542030334,-69.37918853759766,-68.85367584228516,0.5255126953125,-69.38758087158203,0.008392333984375,0.517120361328125,62.61818181818182
TCGA-2F-A9KQ,115,109,11,0.12228904664516449,-69.37918853759766,-69.78192901611328,0.402740478515625,-69.46676635742188,0.08757781982421875,0.31516265869140625,4.598658419722972
TCGA-2F-A9KQ,116,109,11,0.16562984883785248,-69.37918853759766,-68.85315704345703,0.526031494140625,-69.38105010986328,0.001861572265625,0.524169921875,282.57377049180326
TCGA-2F-A9KQ,117,109,11,0.16205209493637085,-69.37918853759766,-68.85315704345703,0.526031494140625,-69.38806915283203,0.008880615234375,0.51715087890625,59.233676975945016
TCGA-2F-A9KQ,118,109,11,0.23023180663585663,-69.37918853759766,-68.85367584228516,0.5255126953125,-69.4598617553711,0.0806732177734375,0.4448394775390625,6.514091167013429
TCGA-2F-A9KQ,119,109,11,0.18648137152194977,-69.37918853759766,-69.7796630859375,0.40047454833984375,-69.37789154052734,0.0012969970703125,0.39917755126953125,308.7705882352941
TCGA-2F-A9KQ,120,109,11,0.22411949932575226,-69.37918853759766,-68.85149383544922,0.5276947021484375,-69.22151947021484,0.1576690673828125,0.370025634765625,3.3468498983838186
TCGA-2F-A9KQ,121,109,11,0.1473129242658615,-69.37918853759766,-69.78047943115234,0.4012908935546875,-69.4748764038086,0.0956878662109375,0.30560302734375,4.193749003348748
TCGA-2F-A9KQ,122,109,11,0.10250473022460938,-69.37918853759766,-68.85551452636719,0.5236740112304688,-69.54095458984375,0.16176605224609375,0.361907958984375,3.23723058057822
TCGA-2F-A9KQ,123,109,11,0.23009523749351501,-69.37918853759766,-68.85367584228516,0.5255126953125,-69.54371643066406,0.16452789306640625,0.36098480224609375,3.1940644562949223
TCGA-2F-A9KQ,124,109,11,0.15247823297977448,-69.37918853759766,-69.78047943115234,0.4012908935546875,-69.31510925292969,0.06407928466796875,0.33721160888671875,6.26241219192761
TCGA-2F-A9KQ,125,109,11,0.2085685133934021,-69.37918853759766,-68.85315704345703,0.526031494140625,-69.37149810791016,0.0076904296875,0.518341064453125,68.40079365079364
TCGA-2F-A9KQ,126,109,11,0.2238023579120636,-69.37918853759766,-68.85149383544922,0.5276947021484375,-69.30695343017578,0.072235107421875,0.4554595947265625,7.30523869877482
TCGA-2F-A9KQ,127,109,11,0.2262904942035675,-69.37918853759766,-68.85367584228516,0.5255126953125,-69.46715545654297,0.0879669189453125,0.4375457763671875,5.97398091934085
TCGA-2F-A9KQ,128,109,11,0.18641149997711182,-69.37918853759766,-69.7796630859375,0.40047454833984375,-69.29096221923828,0.088226318359375,0.31224822998046875,4.539173296437219
TCGA-2F-A9KQ,129,109,11,0.1699589639902115,-69.37918853759766,-68.85315704345703,0.526031494140625,-69.45941925048828,0.080230712890625,0.44580078125,6.556485355648536
TCGA-2F-A9KQ,130,109,11,0.18671628832817078,-69.37918853759766,-69.7796630859375,0.40047454833984375,-69.47434997558594,0.09516143798828125,0.3053131103515625,4.208370079371442
TCGA-2F-A9KQ,131,109,11,0.12518681585788727,-69.37918853759766,-68.85248565673828,0.526702880859375,-69.29747772216797,0.0817108154296875,0.4449920654296875,6.44593837535014
TCGA-2F-A9KQ,132,109,11,0.18675240874290466,-69.37918853759766,-69.7796630859375,0.40047454833984375,-69.45745849609375,0.07826995849609375,0.32220458984375,5.11658056340774
TCGA-2F-A9KQ,133,109,11,0.18518587946891785,-69.37918853759766,-69.7796630859375,0.40047454833984375,-69.30848693847656,0.07070159912109375,0.32977294921875,5.664292651343477
TCGA-2F-A9KQ,134,109,11,0.18663547933101654,-69.37918853759766,-69.7796630859375,0.40047454833984375,-69.46498107910156,0.08579254150390625,0.3146820068359375,4.667941307247665
TCGA-2F-A9KQ,135,109,11,0.18446101248264313,-69.37918853759766,-69.7796630859375,0.40047454833984375,-69.62328338623047,0.2440948486328125,0.15637969970703125,1.6406513721322749
TCGA-2F-A9KQ,136,109,11,0.18463493883609772,-69.37918853759766,-69.7796630859375,0.40047454833984375,-69.39190673828125,0.01271820068359375,0.38775634765625,31.488302339532094
TCGA-2F-A9KQ,137,109,11,0.22415781021118164,-69.37918853759766,-68.85149383544922,0.5276947021484375,-69.37464141845703,0.004547119140625,0.5231475830078125,116.0503355704698
TCGA-2F-A9KQ,138,109,11,0.1781790852546692,-69.37918853759766,-69.78047943115234,0.4012908935546875,-69.45729064941406,0.07810211181640625,0.32318878173828125,5.1380287193513725
TCGA-2F-A9KQ,139,109,11,0.18582959473133087,-69.37918853759766,-69.7796630859375,0.40047454833984375,-69.39038848876953,0.011199951171875,0.38927459716796875,35.75681198910082
TCGA-2F-A9KQ,140,109,11,0.13641101121902466,-69.37918853759766,-68.85317993164062,0.5260086059570312,-69.1494369506836,0.2297515869140625,0.29625701904296875,2.2894666932323835
TCGA-2F-A9KQ,141,109,11,0.2245825231075287,-69.37918853759766,-68.85367584228516,0.5255126953125,-69.30132293701172,0.0778656005859375,0.4476470947265625,6.748971193415638
TCGA-2F-A9KQ,142,109,11,0.18687540292739868,-69.37918853759766,-69.77976989746094,0.40058135986328125,-69.54302215576172,0.1638336181640625,0.23674774169921875,2.4450498276986123
TCGA-2F-A9KQ,143,109,11,0.1868315488100052,-69.37918853759766,-69.7796630859375,0.40047454833984375,-69.2994613647461,0.0797271728515625,0.32074737548828125,5.023062200956938
TCGA-2F-A9KQ,144,109,11,0.22362689673900604,-69.37918853759766,-68.85149383544922,0.5276947021484375,-69.29593658447266,0.083251953125,0.4444427490234375,6.338526392961877
TCGA-2F-A9KQ,145,109,11,0.1470751315355301,-69.37918853759766,-69.78047943115234,0.4012908935546875,-69.54813385009766,0.1689453125,0.2323455810546875,2.3752709537572256
TCGA-2F-A9KQ,146,109,11,0.18600180745124817,-69.37918853759766,-69.7796630859375,0.40047454833984375,-69.214111328125,0.16507720947265625,0.2353973388671875,2.4259832693996395
TCGA-2F-A9KQ,147,109,11,0.17791742086410522,-69.37918853759766,-69.78047943115234,0.4012908935546875,-69.38611602783203,0.006927490234375,0.3943634033203125,57.9273127753304
TCGA-2F-A9KQ,148,109,11,0.1773311048746109,-69.37918853759766,-69.7796630859375,0.40047454833984375,-69.30473327636719,0.07445526123046875,0.326019287109375,5.3787273286197355
TCGA-2F-A9KQ,149,109,11,0.18635588884353638,-69.37918853759766,-69.7796630859375,0.40047454833984375,-69.30829620361328,0.070892333984375,0.32958221435546875,5.6490529487731385
TCGA-2F-A9KQ,150,109,11,0.18529781699180603,-69.37918853759766,-69.7796630859375,0.40047454833984375,-69.3858642578125,0.00667572021484375,0.393798828125,59.989714285714285
TCGA-2F-A9KQ,151,109,11,0.1756826788187027,-69.37918853759766,-69.78047943115234,0.4012908935546875,-69.54368591308594,0.16449737548828125,0.23679351806640625,2.439497240387737
TCGA-2F-A9KQ,152,109,11,0.18671134114265442,-69.37918853759766,-69.7796630859375,0.40047454833984375,-69.3051986694336,0.0739898681640625,0.32648468017578125,5.412559290575376
TCGA-2F-A9KQ,153,109,11,0.1846873164176941,-69.37918853759766,-69.7796630859375,0.40047454833984375,-69.38391876220703,0.004730224609375,0.39574432373046875,84.66290322580645
TCGA-2F-A9KQ,154,109,11,0.18468303978443146,-69.37918853759766,-69.7796630859375,0.40047454833984375,-69.37782287597656,0.00136566162109375,0.39910888671875,293.24581005586595
TCGA-2F-A9KQ,155,109,11,0.22533176839351654,-69.37918853759766,-68.85367584228516,0.5255126953125,-69.62761688232422,0.2484283447265625,0.2770843505859375,2.115349180025797
TCGA-2F-A9KQ,156,109,11,0.15220506489276886,-69.37918853759766,-68.85456848144531,0.5246200561523438,-69.22858428955078,0.150604248046875,0.37401580810546875,3.4834346504559273
TCGA-2F-A9KQ,157,109,11,0.1866873800754547,-69.37918853759766,-69.7796630859375,0.40047454833984375,-69.47321319580078,0.094024658203125,0.30644989013671875,4.259250243427458
TCGA-2F-A9KQ,158,109,11,0.1796644628047943,-69.37918853759766,-69.7796630859375,0.40047454833984375,-69.45893096923828,0.079742431640625,0.32073211669921875,5.022101033295063
TCGA-2F-A9KQ,159,109,11,0.13123595714569092,-69.37918853759766,-69.78047943115234,0.4012908935546875,-69.3007583618164,0.07843017578125,0.3228607177734375,5.116536964980544
TCGA-2F-A9KQ,160,109,11,0.13249251246452332,-69.37918853759766,-68.85456848144531,0.5246200561523438,-69.3014144897461,0.0777740478515625,0.44684600830078125,6.745438493231313
TCGA-2F-A9KQ,161,109,11,0.22366052865982056,-69.37918853759766,-68.85149383544922,0.5276947021484375,-69.38350677490234,0.0043182373046875,0.52337646484375,122.20141342756183
TCGA-2F-A9KQ,162,109,11,0.22324682772159576,-69.37918853759766,-68.85149383544922,0.5276947021484375,-69.30387115478516,0.0753173828125,0.4523773193359375,7.00628038897893
TCGA-2F-A9KQ,163,109,11,0.18491078913211823,-69.37918853759766,-69.7796630859375,0.40047454833984375,-69.37763214111328,0.001556396484375,0.39891815185546875,257.30882352941177
TCGA-2F-A9KQ,164,109,11,0.18685707449913025,-69.37918853759766,-69.77976989746094,0.40058135986328125,-69.22872924804688,0.15045928955078125,0.2501220703125,2.6623903453171747
TCGA-2F-A9KQ,165,109,11,0.22544488310813904,-69.37918853759766,-68.85367584228516,0.5255126953125,-69.21587371826172,0.1633148193359375,0.3621978759765625,3.2177894048397646
TCGA-2F-A9KQ,166,109,11,0.14261846244335175,-69.37918853759766,-68.85248565673828,0.526702880859375,-69.47112274169922,0.0919342041015625,0.4347686767578125,5.729128630705394
TCGA-2F-A9KQ,167,109,11,0.1291329264640808,-69.37918853759766,-68.85248565673828,0.526702880859375,-69.22718048095703,0.152008056640625,0.37469482421875,3.464966874121662
TCGA-2F-A9KQ,168,109,11,0.10894414037466049,-69.37918853759766,-68.8564682006836,0.5227203369140625,-69.3032455444336,0.0759429931640625,0.44677734375,6.883062085593731
TCGA-2F-A9KQ,169,109,11,0.1497737616300583,-69.37918853759766,-69.78047943115234,0.4012908935546875,-69.46800994873047,0.0888214111328125,0.312469482421875,4.517952241882838
TCGA-2F-A9KQ,170,109,11,0.18509477376937866,-69.37918853759766,-69.7796630859375,0.40047454833984375,-69.22655487060547,0.1526336669921875,0.24784088134765625,2.6237628711386582
TCGA-2F-A9KQ,171,109,11,0.18515658378601074,-69.37918853759766,-69.7796630859375,0.40047454833984375,-69.46897888183594,0.08979034423828125,0.3106842041015625,4.4601070609227635
TCGA-2F-A9KQ,172,109,11,0.13584502041339874,-69.37918853759766,-68.85456848144531,0.5246200561523438,-69.22676086425781,0.15242767333984375,0.3721923828125,3.4417638520446467
TCGA-2F-A9KQ,173,109,11,0.1855139583349228,-69.37918853759766,-69.7796630859375,0.40047454833984375,-69.30408477783203,0.075103759765625,0.32537078857421875,5.332283624542868
TCGA-2F-A9KQ,174,109,11,0.18675504624843597,-69.37918853759766,-69.77976989746094,0.40058135986328125,-69.4579086303711,0.0787200927734375,0.32186126708984375,5.088679976739678
TCGA-2F-A9KQ,175,109,11,0.22426137328147888,-69.37918853759766,-68.85149383544922,0.5276947021484375,-69.384521484375,0.00533294677734375,0.5223617553710938,98.94992846924177
TCGA-2F-A9KQ,176,109,11,0.18664009869098663,-69.37918853759766,-69.7796630859375,0.40047454833984375,-69.30528259277344,0.07390594482421875,0.326568603515625,5.418705481573243
TCGA-2F-A9KQ,177,109,11,0.18675222992897034,-69.37918853759766,-69.7796630859375,0.40047454833984375,-69.38202667236328,0.002838134765625,0.39763641357421875,141.1048387096774
TCGA-2F-A9KQ,178,109,11,0.16861501336097717,-69.37918853759766,-69.78047943115234,0.4012908935546875,-69.38098907470703,0.001800537109375,0.3994903564453125,222.8728813559322
TCGA-2F-A9KQ,179,109,11,0.1862381398677826,-69.37918853759766,-69.7796630859375,0.40047454833984375,-69.46028900146484,0.0811004638671875,0.31937408447265625,4.938005644402634
TCGA-2F-A9KQ,180,109,11,0.18688315153121948,-69.37918853759766,-69.77976989746094,0.40058135986328125,-69.2155532836914,0.16363525390625,0.23694610595703125,2.4480138008205894
TCGA-2F-A9KQ,181,109,11,0.18561339378356934,-69.37918853759766,-69.7796630859375,0.40047454833984375,-69.38753509521484,0.0083465576171875,0.39212799072265625,47.980804387568554
TCGA-2F-A9KQ,182,109,11,0.18509379029273987,-69.37918853759766,-69.7796630859375,0.40047454833984375,-69.46076965332031,0.08158111572265625,0.3188934326171875,4.908912372580192
TCGA-2F-A9KQ,183,109,11,0.2243087887763977,-69.37918853759766,-68.85149383544922,0.5276947021484375,-69.47370147705078,0.094512939453125,0.4331817626953125,5.583306425573135
TCGA-2F-A9KQ,184,109,11,0.18682175874710083,-69.37918853759766,-69.77976989746094,0.40058135986328125,-69.21990203857422,0.1592864990234375,0.24129486083984375,2.514848165533097
TCGA-2F-A9KQ,185,109,11,0.14836522936820984,-69.37918853759766,-68.85315704345703,0.526031494140625,-69.2251968383789,0.15399169921875,0.372039794921875,3.4159730479587793
TCGA-2F-A9KR,0,126,13,0.10723330080509186,-54.744441986083984,-54.85067367553711,0.106231689453125,-54.86263656616211,0.118194580078125,-0.011962890625,0.8987864704363543
TCGA-2F-A9KR,1,126,13,0.5160393714904785,-54.744441986083984,-5.6101531982421875,49.1342887878418,-54.63131332397461,0.113128662109375,49.02116012573242,434.32219449689774
TCGA-2F-A9KR,2,126,13,0.10627160221338272,-54.744441986083984,-54.85084915161133,0.10640716552734375,-54.85739517211914,0.11295318603515625,-0.0065460205078125,0.9420466058763931
TCGA-2F-A9KR,3,126,13,0.9999945759773254,-54.744441986083984,-5.606903076171875,49.13753890991211,-54.85702896118164,0.11258697509765625,49.02495193481445,436.440706105577
TCGA-2F-A9KR,4,126,13,0.9995166063308716,-54.744441986083984,-5.606936931610107,49.13750505447388,-54.60627365112305,0.1381683349609375,48.99933671951294,355.63506695196025
TCGA-2F-A9KR,5,126,13,0.9999988675117493,-54.744441986083984,-5.607092380523682,49.1373496055603,-54.85916519165039,0.11472320556640625,49.0226263999939,428.3122090510075
TCGA-2F-A9KR,6,126,13,0.4829951822757721,-54.744441986083984,-5.610197067260742,49.13424491882324,-54.857784271240234,0.11334228515625,49.02090263366699,433.50321418955303
TCGA-2F-A9KR,7,126,13,0.10522846132516861,-54.744441986083984,-54.85078811645508,0.10634613037109375,-54.6163444519043,0.1280975341796875,-0.02175140380859375,0.8301965455628351
TCGA-2F-A9KR,8,126,13,0.5489733219146729,-54.744441986083984,-5.610329627990723,49.13411235809326,-54.85346603393555,0.1090240478515625,49.0250883102417,450.672244576627
TCGA-2F-A9KR,9,126,13,0.10699757933616638,-54.744441986083984,-54.85067367553711,0.106231689453125,-54.85526657104492,0.1108245849609375,-0.0045928955078125,0.9585570700812337
TCGA-2F-A9KR,10,126,13,0.9999301433563232,-54.744441986083984,-5.606936931610107,49.13750505447388,-54.855159759521484,0.1107177734375,49.02678728103638,443.80864543136715
TCGA-2F-A9KR,11,126,13,0.4874618947505951,-54.744441986083984,-5.6102094650268555,49.13423252105713,-54.86513137817383,0.12068939208984375,49.013543128967285,407.11309975346103
TCGA-2F-A9KR,12,126,13,0.10756511986255646,-54.744441986083984,-54.85067367553711,0.106231689453125,-54.85866928100586,0.114227294921875,-0.00799560546875,0.9300026716537537
TCGA-2F-A9KR,13,126,13,0.5829554200172424,-54.744441986083984,-5.610329627990723,49.13411235809326,-54.85749816894531,0.11305618286132812,49.021056175231934,434.599073792894
TCGA-2F-A9KR,14,126,13,0.10762237012386322,-54.744441986083984,-54.85067367553711,0.106231689453125,-54.66312026977539,0.08132171630859375,0.02490997314453125,1.3063139131250587
TCGA-2F-A9KR,15,126,13,0.735586404800415,-54.744441986083984,-5.609315395355225,49.13512659072876,-54.859928131103516,0.11548614501953125,49.01964044570923,425.4633885512321
TCGA-2F-A9KR,16,126,13,0.5203056335449219,-54.744441986083984,-5.610223293304443,49.13421869277954,-54.85946273803711,0.115020751953125,49.019197940826416,427.17699074688244
TCGA-2F-A9KR,17,126,13,0.6732375621795654,-54.744441986083984,-5.610290050506592,49.13415193557739,-54.85800552368164,0.11356353759765625,49.020588397979736,432.6578140745717
TCGA-2F-A9KR,18,126,13,0.6888784170150757,-54.744441986083984,-5.609472274780273,49.13496971130371,-54.3707160949707,0.37372589111328125,48.76124382019043,131.4732826375421
TCGA-2F-A9KR,19,126,13,0.47777143120765686,-54.744441986083984,-5.61021089553833,49.134231090545654,-54.606990814208984,0.137451171875,48.996779918670654,357.46680381327707
TCGA-2F-A9KR,20,126,13,0.7752600908279419,-54.744441986083984,-5.60803747177124,49.136404514312744,-54.65945053100586,0.084991455078125,49.05141305923462,578.1334661131059
TCGA-2F-A9KR,21,126,13,0.6377176642417908,-54.744441986083984,-5.610326290130615,49.13411569595337,-54.856746673583984,0.1123046875,49.02181100845337,437.50725628396737
TCGA-2F-A9KR,22,126,13,0.3063269555568695,-54.744441986083984,-5.610321521759033,49.13412046432495,-54.860164642333984,0.11572265625,49.01839780807495,424.5851422402426
TCGA-2F-A9KR,23,126,13,0.10764127969741821,-54.744441986083984,-54.85067367553711,0.106231689453125,-54.86006546020508,0.11562347412109375,-0.00939178466796875,0.9187726822830748
TCGA-2F-A9KR,24,126,13,0.10734657943248749,-54.744441986083984,-54.85067367553711,0.106231689453125,-54.861446380615234,0.11700439453125,-0.010772705078125,0.9079290558163797
TCGA-2F-A9KR,25,126,13,0.4314839839935303,-54.744441986083984,-5.610311031341553,49.13413095474243,-54.85457992553711,0.110137939453125,49.02399301528931,446.11449241479636
TCGA-2F-A9KR,26,126,13,0.7372348308563232,-54.744441986083984,-5.608243465423584,49.1361985206604,-54.859439849853516,0.11499786376953125,49.02120065689087,427.2792285875406
TCGA-2F-A9KR,27,126,13,0.107563316822052,-54.744441986083984,-54.85067367553711,0.106231689453125,-54.856658935546875,0.11221694946289062,-0.005985260009765625,0.9466634938980861
TCGA-2F-A9KR,28,126,13,0.10760011523962021,-54.744441986083984,-54.85067367553711,0.106231689453125,-54.85837173461914,0.11392974853515625,-0.00769805908203125,0.9324315274894529
TCGA-2F-A9KR,29,126,13,0.1077791079878807,-54.744441986083984,-54.85081100463867,0.1063690185546875,-54.859519958496094,0.11507797241210938,-0.008708953857421875,0.9243212782179202
TCGA-2F-A9KR,30,126,13,0.9999991059303284,-54.744441986083984,-5.606852054595947,49.13758993148804,-54.259403228759766,0.48503875732421875,48.65255117416382,101.30652280770744
TCGA-2F-A9KR,31,126,13,0.1837834119796753,-54.744441986083984,-5.610406398773193,49.13403558731079,-54.373348236083984,0.37109375,48.76294183731079,132.4032958984375
TCGA-2F-A9KR,32,126,13,0.7699313163757324,-54.744441986083984,-5.6072611808776855,49.1371808052063,-54.85654830932617,0.1121063232421875,49.02507448196411,438.30873570845245
TCGA-2F-A9KR,33,126,13,0.10787956416606903,-54.744441986083984,-54.85081100463867,0.1063690185546875,-54.860782623291016,0.11634063720703125,-0.00997161865234375,0.9142894616040396
TCGA-2F-A9KR,34,126,13,0.7862462401390076,-54.744441986083984,-5.6072611808776855,49.1371808052063,-54.66220474243164,0.08223724365234375,49.054943561553955,597.5052010854439
TCGA-2F-A9KR,35,126,13,0.6800017356872559,-54.744441986083984,-5.61029577255249,49.134146213531494,-54.855682373046875,0.11124038696289062,49.0229058265686,441.6934132917252
TCGA-2F-A9KR,36,126,13,0.10691593587398529,-54.744441986083984,-54.85067367553711,0.106231689453125,-54.859256744384766,0.11481475830078125,-0.00858306884765625,0.9252442022725762
TCGA-2F-A9KR,37,126,13,0.10744112730026245,-54.744441986083984,-54.85067367553711,0.106231689453125,-54.59884262084961,0.145599365234375,-0.03936767578125,0.7296164326137078
TCGA-2F-A9KR,38,126,13,0.10770635306835175,-54.744441986083984,-54.85081100463867,0.1063690185546875,-54.85842514038086,0.113983154296875,-0.0076141357421875,0.9331994645247658
TCGA-2F-A9KR,39,126,13,0.7085027694702148,-54.744441986083984,-5.609451770782471,49.134990215301514,-54.85886001586914,0.11441802978515625,49.02057218551636,429.4339826298593
TCGA-2F-A9KR,40,126,13,0.1079445630311966,-54.744441986083984,-54.85081100463867,0.1063690185546875,-54.599300384521484,0.1451416015625,-0.0387725830078125,0.7328637510513036
TCGA-2F-A9KR,41,126,13,0.9999452829360962,-54.744441986083984,-5.606936931610107,49.13750505447388,-54.86043167114258,0.11598968505859375,49.02151536941528,423.63685210155893
TCGA-2F-A9KR,42,126,13,0.7720208168029785,-54.744441986083984,-5.607354164123535,49.13708782196045,-54.85904312133789,0.11460113525390625,49.02248668670654,428.7661523866587
TCGA-2F-A9KR,43,126,13,0.10743334144353867,-54.744441986083984,-54.85067367553711,0.106231689453125,-54.856910705566406,0.11246871948242188,-0.006237030029296875,0.9445443136722858
TCGA-2F-A9KR,44,126,13,0.12941332161426544,-54.744441986083984,-5.610272407531738,49.134169578552246,-54.604129791259766,0.14031219482421875,48.99385738372803,350.17747131749223
TCGA-2F-A9KR,45,126,13,0.1077449768781662,-54.744441986083984,-54.85081100463867,0.1063690185546875,-54.855125427246094,0.11068344116210938,-0.004314422607421875,0.96102016198518
TCGA-2F-A9KR,46,126,13,0.5443686246871948,-54.744441986083984,-5.61021089553833,49.134231090545654,-54.85908508300781,0.11464309692382812,49.019587993621826,428.58429690879444
TCGA-2F-A9KR,47,126,13,0.663563072681427,-54.744441986083984,-5.610290050506592,49.13415193557739,-54.85982131958008,0.11537933349609375,49.0187726020813,425.8488105865238
TCGA-2F-A9KR,48,126,13,0.9237557649612427,-54.744441986083984,-5.606936931610107,49.13750505447388,-54.85714340209961,0.112701416015625,49.02480363845825,435.99722870972107
TCGA-2F-A9KR,49,126,13,0.10754389315843582,-54.744441986083984,-54.85067367553711,0.106231689453125,-54.861568450927734,0.11712646484375,-0.010894775390625,0.9069828035435122
TCGA-2F-A9KR,50,126,13,0.524063229560852,-54.744441986083984,-5.61021089553833,49.134231090545654,-54.85611343383789,0.11167144775390625,49.02255964279175,439.9892011682722
TCGA-2F-A9KR,51,126,13,0.11474940925836563,-54.744441986083984,-5.610272407531738,49.134169578552246,-54.606388092041016,0.13805389404296875,48.99611568450928,355.90571290411714
TCGA-2F-A9KR,52,126,13,0.10764460265636444,-54.744441986083984,-54.85067367553711,0.106231689453125,-54.627140045166016,0.11730194091796875,-0.01107025146484375,0.9056260162601626
TCGA-2F-A9KR,53,126,13,0.10754471272230148,-54.744441986083984,-54.85067367553711,0.106231689453125,-54.6618537902832,0.08258819580078125,0.02364349365234375,1.2862817551963048
TCGA-2F-A9KR,54,126,13,0.10759778320789337,-54.744441986083984,-54.85067367553711,0.106231689453125,-54.33442306518555,0.4100189208984375,-0.3037872314453125,0.25908972498232297
TCGA-2F-A9KR,55,126,13,0.10769720375537872,-54.744441986083984,-54.85081100463867,0.1063690185546875,-54.85678482055664,0.11234283447265625,-0.00597381591796875,0.9468251273344652
TCGA-2F-A9KR,56,126,13,0.10729839652776718,-54.744441986083984,-54.85084915161133,0.10640716552734375,-54.33681106567383,0.40763092041015625,-0.3012237548828125,0.2610380130640663
TCGA-2F-A9KR,57,126,13,0.9999032020568848,-54.744441986083984,-5.606936931610107,49.13750505447388,-54.857051849365234,0.11260986328125,49.02489519119263,436.35169800135503
TCGA-2F-A9KR,58,126,13,0.6232461929321289,-54.744441986083984,-5.610226154327393,49.13421583175659,-54.8598747253418,0.1154327392578125,49.01878309249878,425.6523422009253
TCGA-2F-A9KR,59,126,13,0.9999080300331116,-54.744441986083984,-5.606936931610107,49.13750505447388,-54.85700225830078,0.11256027221679688,49.02494478225708,436.5439429626868
TCGA-2F-A9KR,60,126,13,0.10764392465353012,-54.744441986083984,-54.85067367553711,0.106231689453125,-54.86213684082031,0.11769485473632812,-0.011463165283203125,0.9026026642465886
TCGA-2F-A9KR,61,126,13,0.33078137040138245,-54.744441986083984,-5.610311031341553,49.13413095474243,-54.62980270385742,0.1146392822265625,49.01949167251587,428.5976848462665
TCGA-2F-A9KR,62,126,13,0.10770237445831299,-54.744441986083984,-54.85081100463867,0.1063690185546875,-54.85618209838867,0.1117401123046875,-0.00537109375,0.9519322681960944
TCGA-2F-A9KR,63,126,13,0.27200525999069214,-54.744441986083984,-5.610326766967773,49.13411521911621,-54.855743408203125,0.11130142211914062,49.02281379699707,441.4509202453988
TCGA-2F-A9KR,64,126,13,0.10765154659748077,-54.744441986083984,-54.85067367553711,0.106231689453125,-53.77396774291992,0.9704742431640625,-0.8642425537109375,0.1094636876778667
TCGA-2F-A9KR,65,126,13,0.9999509453773499,-54.744441986083984,-5.606936931610107,49.13750505447388,-54.86359786987305,0.1191558837890625,49.018349170684814,412.38001424638236
TCGA-2F-A9KR,66,126,13,0.10756709426641464,-54.744441986083984,-54.85067367553711,0.106231689453125,-54.8601188659668,0.1156768798828125,-0.0094451904296875,0.9183485028360374
TCGA-2F-A9KR,67,126,13,0.10720741003751755,-54.744441986083984,-54.85067367553711,0.106231689453125,-54.860408782958984,0.115966796875,-0.009735107421875,0.9160526315789473
TCGA-2F-A9KR,68,126,13,0.1054825559258461,-54.744441986083984,-54.85078811645508,0.10634613037109375,-54.86038589477539,0.11594390869140625,-0.0095977783203125,0.9172205040468514
TCGA-2F-A9KR,69,126,13,0.10698933899402618,-54.744441986083984,-54.85067367553711,0.106231689453125,-54.66851043701172,0.07593154907226562,0.030300140380859375,1.3990454659633258
TCGA-2F-A9KR,70,126,13,0.1067589521408081,-54.744441986083984,-54.85067367553711,0.106231689453125,-54.86223220825195,0.11779022216796875,-0.01155853271484375,0.9018718828939698
TCGA-2F-A9KR,71,126,13,0.2942523658275604,-54.744441986083984,-5.610374927520752,49.13406705856323,-54.61156463623047,0.13287734985351562,49.00118970870972,369.77007076622743
TCGA-2F-A9KR,72,126,13,0.5968990921974182,-54.744441986083984,-5.610175132751465,49.13426685333252,-54.63087844848633,0.11356353759765625,49.02070331573486,432.6588259993282
TCGA-2F-A9KR,73,126,13,0.37861743569374084,-54.744441986083984,-5.610311031341553,49.13413095474243,-54.26264190673828,0.4818000793457031,48.65233087539673,101.980329728189
TCGA-2F-A9KR,74,126,13,0.9999873042106628,-54.744441986083984,-5.606936931610107,49.13750505447388,-54.8604621887207,0.11602020263671875,49.02148485183716,423.52542003682515
TCGA-2F-A9KR,75,126,13,0.11859603971242905,-54.744441986083984,-5.610272407531738,49.134169578552246,-54.611942291259766,0.13249969482421875,49.00166988372803,370.82477543617205
TCGA-2F-A9KR,76,126,13,0.1077568307518959,-54.744441986083984,-54.85081100463867,0.1063690185546875,-54.62874221801758,0.11569976806640625,-0.00933074951171875,0.9193537751401253
TCGA-2F-A9KR,77,126,13,0.6575825214385986,-54.744441986083984,-5.610226154327393,49.13421583175659,-54.6030387878418,0.1414031982421875,48.992812633514404,347.4759867001187
TCGA-2F-A9KR,78,126,13,0.999980092048645,-54.744441986083984,-5.606936931610107,49.13750505447388,-54.863407135009766,0.11896514892578125,49.018539905548096,413.04117632912204
TCGA-2F-A9KR,79,126,13,0.10765109956264496,-54.744441986083984,-54.85067367553711,0.106231689453125,-54.61018753051758,0.13425445556640625,-0.02802276611328125,0.7912712394158095
TCGA-2F-A9KR,80,126,13,0.10738562047481537,-54.744441986083984,-54.85067367553711,0.106231689453125,-54.85795211791992,0.1135101318359375,-0.0072784423828125,0.9358784782900927
TCGA-2F-A9KR,81,126,13,0.1570112109184265,-54.744441986083984,-5.610272407531738,49.134169578552246,-54.634071350097656,0.11037063598632812,49.02379894256592,445.1742906024263
TCGA-2F-A9KR,82,126,13,0.7665349841117859,-54.744441986083984,-5.607884407043457,49.13655757904053,-54.660709381103516,0.08373260498046875,49.05282497406006,586.8270501138952
TCGA-2F-A9KR,83,126,13,0.9998542070388794,-54.744441986083984,-5.606895923614502,49.13754606246948,-54.60712814331055,0.1373138427734375,49.000232219696045,357.8484519113235
TCGA-2F-A9KR,84,126,13,0.10761547088623047,-54.744441986083984,-54.85067367553711,0.106231689453125,-54.62883758544922,0.11560440063476562,-0.009372711181640625,0.918924269922455
TCGA-2F-A9KR,85,126,13,0.7720420360565186,-54.744441986083984,-5.608355522155762,49.13608646392822,-54.29594039916992,0.4485015869140625,48.68758487701416,109.55610391930051
TCGA-2F-A9KR,86,126,13,0.10726464539766312,-54.744441986083984,-54.85067367553711,0.106231689453125,-54.66128921508789,0.08315277099609375,0.02307891845703125,1.2775483989356822
TCGA-2F-A9KR,87,126,13,0.1076396182179451,-54.744441986083984,-54.85067367553711,0.106231689453125,-54.85966110229492,0.1152191162109375,-0.0089874267578125,0.9219970864786121
TCGA-2F-A9KR,88,126,13,0.1075713112950325,-54.744441986083984,-54.85067367553711,0.106231689453125,-54.6614875793457,0.08295440673828125,0.02327728271484375,1.280603329347926
TCGA-2F-A9KR,89,126,13,0.10771500319242477,-54.744441986083984,-54.85081100463867,0.1063690185546875,-54.85853958129883,0.11409759521484375,-0.00772857666015625,0.93226345703778
TCGA-2F-A9KR,90,126,13,0.10381726175546646,-54.744441986083984,-54.85078811645508,0.10634613037109375,-54.85934829711914,0.11490631103515625,-0.0085601806640625,0.9255029546510856
TCGA-2F-A9KR,91,126,13,0.1069137454032898,-54.744441986083984,-54.85067367553711,0.106231689453125,-54.858455657958984,0.114013671875,-0.007781982421875,0.931745182012848
TCGA-2F-A9KR,92,126,13,0.1076539009809494,-54.744441986083984,-54.85067367553711,0.106231689453125,-54.857398986816406,0.11295700073242188,-0.006725311279296875,0.9404613150518388
TCGA-2F-A9KR,93,126,13,0.10763230174779892,-54.744441986083984,-54.85067367553711,0.106231689453125,-54.86003494262695,0.11559295654296875,-0.00936126708984375,0.9190152465183816
TCGA-2F-A9KR,94,126,13,0.10765115171670914,-54.744441986083984,-54.85067367553711,0.106231689453125,-54.59905242919922,0.14538955688476562,-0.039157867431640625,0.7306693254270197
TCGA-2F-A9KR,95,126,13,0.10772484540939331,-54.744441986083984,-54.85081100463867,0.1063690185546875,-54.62556076049805,0.1188812255859375,-0.01251220703125,0.8947503529713773
TCGA-2F-A9KR,96,126,13,0.10793796926736832,-54.744441986083984,-54.85081100463867,0.1063690185546875,-54.85601043701172,0.11156845092773438,-0.005199432373046875,0.9533969295996171
TCGA-2F-A9KR,97,126,13,0.10646168887615204,-54.744441986083984,-54.85067367553711,0.106231689453125,-54.62700271606445,0.11743927001953125,-0.01120758056640625,0.9045670109790165
TCGA-2F-A9KR,98,126,13,0.107302725315094,-54.744441986083984,-54.85067367553711,0.106231689453125,-54.5989875793457,0.14545440673828125,-0.03922271728515625,0.7303435615001311
TCGA-2F-A9KR,99,126,13,0.12910905480384827,-54.744441986083984,-5.610272407531738,49.134169578552246,-54.61140823364258,0.13303375244140625,49.00113582611084,369.33611716464986
TCGA-2F-A9KR,100,126,13,0.10771016031503677,-54.744441986083984,-54.85081100463867,0.1063690185546875,-54.59831619262695,0.14612579345703125,-0.03975677490234375,0.727927739779669
TCGA-2F-A9KR,101,126,13,0.10750278830528259,-54.744441986083984,-54.85067367553711,0.106231689453125,-54.85576248168945,0.11132049560546875,-0.00508880615234375,0.9542868891782605
TCGA-2F-A9KR,102,126,13,0.10757337510585785,-54.744441986083984,-54.85067367553711,0.106231689453125,-54.85734558105469,0.11290359497070312,-0.006671905517578125,0.9409061729229313
TCGA-2F-A9KR,103,126,13,0.10750633478164673,-54.744441986083984,-54.85067367553711,0.106231689453125,-54.86063003540039,0.11618804931640625,-0.00995635986328125,0.9143082277234225
TCGA-2F-A9KR,104,126,13,0.10819458216428757,-54.744441986083984,-54.85081100463867,0.1063690185546875,-54.249183654785156,0.4952583312988281,-0.3888893127441406,0.21477481918523597
TCGA-2F-A9KR,105,126,13,0.10750570893287659,-54.744441986083984,-54.85067367553711,0.106231689453125,-54.862396240234375,0.11795425415039062,-0.011722564697265625,0.9006177031790692
TCGA-2F-A9KR,106,126,13,0.5674222111701965,-54.744441986083984,-5.610175132751465,49.13426685333252,-54.85911178588867,0.1146697998046875,49.01959705352783,428.48480538922155
TCGA-2F-A9KR,107,126,13,0.9995191097259521,-54.744441986083984,-5.606936931610107,49.13750505447388,-54.59775161743164,0.14669036865234375,48.99081468582153,334.9743102148021
TCGA-2F-A9KR,108,126,13,0.43348953127861023,-54.744441986083984,-5.6102986335754395,49.134143352508545,-54.85740661621094,0.11296463012695312,49.02117872238159,434.95157110053015
TCGA-2F-A9KR,109,126,13,0.10691723227500916,-54.744441986083984,-54.85067367553711,0.106231689453125,-54.871517181396484,0.1270751953125,-0.020843505859375,0.8359750240153698
TCGA-2F-A9KR,110,126,13,0.5181304216384888,-54.744441986083984,-5.610223293304443,49.13421869277954,-54.854740142822266,0.11029815673828125,49.02392053604126,445.46726931590234
TCGA-2F-A9KR,111,126,13,0.10739675164222717,-54.744441986083984,-54.85067367553711,0.106231689453125,-54.85755157470703,0.11310958862304688,-0.006877899169921875,0.9391926073319619
TCGA-2F-A9KR,112,126,13,0.10764831304550171,-54.744441986083984,-54.85067367553711,0.106231689453125,-54.85721969604492,0.1127777099609375,-0.0065460205078125,0.941956433500203
TCGA-2F-A9KR,113,126,13,0.7361859679222107,-54.744441986083984,-5.608940601348877,49.13550138473511,-54.863014221191406,0.11857223510742188,49.016929149627686,414.3929760640865
TCGA-2F-A9KR,114,126,13,0.10790376365184784,-54.744441986083984,-54.85081100463867,0.1063690185546875,-54.659183502197266,0.08525848388671875,0.02111053466796875,1.2476062639821028
TCGA-2F-A9KR,115,126,13,0.6878947019577026,-54.744441986083984,-5.60713005065918,49.137311935424805,-54.627384185791016,0.11705780029296875,49.020254135131836,419.76965065502185
TCGA-2F-A9KR,116,126,13,0.7482486367225647,-54.744441986083984,-5.609094142913818,49.135347843170166,-54.854583740234375,0.11014175415039062,49.025206089019775,446.11008987635506
TCGA-2F-A9KR,117,126,13,0.10650692880153656,-54.744441986083984,-54.85067367553711,0.106231689453125,-54.86302947998047,0.11858749389648438,-0.012355804443359375,0.895808537330717
TCGA-2F-A9KR,118,126,13,0.8195127844810486,-54.744441986083984,-5.6069440841674805,49.137497901916504,-54.8571662902832,0.11272430419921875,49.024773597717285,435.90863790186125
TCGA-2F-A9KR,119,126,13,0.10557536035776138,-54.744441986083984,-54.85078811645508,0.10634613037109375,-54.628414154052734,0.11602783203125,-0.00968170166015625,0.9165570752235666
TCGA-2F-A9KR,120,126,13,0.6655998826026917,-54.744441986083984,-5.610326290130615,49.13411569595337,-54.856082916259766,0.11164093017578125,49.02247476577759,440.1084406820201
TCGA-2F-A9KR,121,126,13,0.13672763109207153,-54.744441986083984,-5.610272407531738,49.134169578552246,-54.8547248840332,0.11028289794921875,49.02388668060303,445.52845901072294
TCGA-2F-A9KR,122,126,13,0.6700678467750549,-54.744441986083984,-5.61029577255249,49.134146213531494,-54.262638092041016,0.48180389404296875,48.652342319488525,101.97955396589127
TCGA-2F-A9KR,123,126,13,0.9999902844429016,-54.744441986083984,-5.606903076171875,49.13753890991211,-54.606075286865234,0.13836669921875,48.99917221069336,355.1254686810763
TCGA-2F-A9KR,124,126,13,0.10690564662218094,-54.744441986083984,-54.85067367553711,0.106231689453125,-54.66060256958008,0.08383941650390625,0.02239227294921875,1.267085267085267
TCGA-2F-A9KR,125,126,13,0.7598675489425659,-54.744441986083984,-5.608584880828857,49.13585710525513,-54.85232162475586,0.107879638671875,49.02797746658325,455.4692406294201
TCGA-2F-A9KR,126,126,13,0.5725948214530945,-54.744441986083984,-5.610175132751465,49.13426685333252,-54.8559684753418,0.1115264892578125,49.02274036407471,440.56140545902315
TCGA-2F-A9KR,127,126,13,0.10724551975727081,-54.744441986083984,-54.85067367553711,0.106231689453125,-54.26933670043945,0.47510528564453125,-0.36887359619140625,0.22359610103897354
TCGA-2F-A9KR,128,126,13,0.6289211511611938,-54.744441986083984,-5.609943389892578,49.134498596191406,-54.85951614379883,0.11507415771484375,49.01942443847656,426.9811708546045
TCGA-2F-A9KR,129,126,13,0.10750653594732285,-54.744441986083984,-54.85067367553711,0.106231689453125,-54.857826232910156,0.11338424682617188,-0.007152557373046875,0.9369175386064664
TCGA-2F-A9KR,130,126,13,0.10770327597856522,-54.744441986083984,-54.85081100463867,0.1063690185546875,-54.85518264770508,0.11074066162109375,-0.00437164306640625,0.9605235962797106
TCGA-2F-A9KR,131,126,13,0.6584248542785645,-54.744441986083984,-5.609943389892578,49.134498596191406,-54.661617279052734,0.08282470703125,49.051673889160156,593.2348010316875
TCGA-2F-A9KR,132,126,13,0.7567596435546875,-54.744441986083984,-5.6088786125183105,49.135563373565674,-54.599002838134766,0.14543914794921875,48.990124225616455,337.8427615013377
TCGA-2F-A9KR,133,126,13,0.10501401871442795,-54.744441986083984,-54.85067367553711,0.106231689453125,-54.61106872558594,0.13337326049804688,-0.027141571044921875,0.7964991562508938
TCGA-2F-A9KR,134,126,13,0.10757558047771454,-54.744441986083984,-54.85067367553711,0.106231689453125,-54.60468673706055,0.1397552490234375,-0.0335235595703125,0.7601266513811551
TCGA-2F-A9KR,135,126,13,0.6763229966163635,-54.744441986083984,-5.610326290130615,49.13411569595337,-54.85562515258789,0.11118316650390625,49.02293252944946,441.9204564948878
TCGA-2F-A9KR,136,126,13,0.16123825311660767,-54.744441986083984,-5.610272407531738,49.134169578552246,-54.86464309692383,0.12020111083984375,49.0139684677124,408.76635195176135
TCGA-2F-A9KR,137,126,13,0.10649394243955612,-54.744441986083984,-54.85067367553711,0.106231689453125,-54.857391357421875,0.11294937133789062,-0.006717681884765625,0.9405248404201425
TCGA-2F-A9KR,138,126,13,0.40529611706733704,-54.744441986083984,-5.610311031341553,49.13413095474243,-54.85953903198242,0.1150970458984375,49.019033908843994,426.8930672477794
TCGA-2F-A9KR,139,126,13,0.10768431425094604,-54.744441986083984,-54.85067367553711,0.106231689453125,-54.33082962036133,0.41361236572265625,-0.30738067626953125,0.25683876560972463
TCGA-2F-A9KR,140,126,13,0.999826192855835,-54.744441986083984,-5.606936931610107,49.13750505447388,-54.86220932006836,0.117767333984375,49.0197377204895,417.2422300142524
TCGA-2F-A9KR,141,126,13,0.9999971389770508,-54.744441986083984,-5.606970310211182,49.1374716758728,-54.289005279541016,0.45543670654296875,48.682034969329834,107.89089014992881
TCGA-2F-A9KR,142,126,13,0.15819665789604187,-54.744441986083984,-5.610272407531738,49.134169578552246,-54.667171478271484,0.0772705078125,49.056899070739746,635.8722230450237
TCGA-2F-A9KR,143,126,13,0.7712147235870361,-54.744441986083984,-5.6072611808776855,49.1371808052063,-54.860084533691406,0.11564254760742188,49.02153825759888,424.9057273626917
TCGA-2F-A9KR,144,126,13,0.7799057364463806,-54.744441986083984,-5.6072611808776855,49.1371808052063,-54.85958480834961,0.115142822265625,49.022037982940674,426.74983849059106
TCGA-2F-A9KR,145,126,13,0.1079392209649086,-54.744441986083984,-54.85081100463867,0.1063690185546875,-54.8578987121582,0.11345672607421875,-0.00708770751953125,0.9375294196758792
TCGA-2F-A9KR,146,126,13,0.10757580399513245,-54.744441986083984,-54.85067367553711,0.106231689453125,-54.85598373413086,0.111541748046875,-0.00531005859375,0.9523939808481532
TCGA-2F-A9KR,147,126,13,0.10761485248804092,-54.744441986083984,-54.85067367553711,0.106231689453125,-54.85923385620117,0.1147918701171875,-0.0085601806640625,0.925428685364881
TCGA-2F-A9KR,148,126,13,0.10945206135511398,-54.744441986083984,-5.610272407531738,49.134169578552246,-54.857364654541016,0.11292266845703125,49.021246910095215,435.1134298358219
TCGA-2F-A9KR,149,126,13,0.10757286846637726,-54.744441986083984,-54.85067367553711,0.106231689453125,-54.85422134399414,0.10977935791015625,-0.00354766845703125,0.9676836472305234
TCGA-2F-A9KR,150,126,13,0.10630934685468674,-54.744441986083984,-54.85067367553711,0.106231689453125,-54.60624313354492,0.1381988525390625,-0.0319671630859375,0.7686872032681904
TCGA-2F-A9KR,151,126,13,0.10769101232290268,-54.744441986083984,-54.85067367553711,0.106231689453125,-54.85524368286133,0.11080169677734375,-0.00457000732421875,0.958755078151897
TCGA-2F-A9KR,152,126,13,0.7557568550109863,-54.744441986083984,-5.60713005065918,49.137311935424805,-54.85493087768555,0.1104888916015625,49.02682304382324,444.7262636376191
TCGA-2F-A9KR,153,126,13,0.10755189508199692,-54.744441986083984,-54.85067367553711,0.106231689453125,-54.60838317871094,0.13605880737304688,-0.029827117919921875,0.7807777497406566
TCGA-2F-A9KR,154,126,13,0.6775216460227966,-54.744441986083984,-5.610013008117676,49.13442897796631,-54.85927200317383,0.11483001708984375,49.019598960876465,427.8883712045711
TCGA-2F-A9KR,155,126,13,0.7183834314346313,-54.744441986083984,-5.608243465423584,49.1361985206604,-54.85635757446289,0.11191558837890625,49.024282932281494,439.0469570182016
TCGA-2F-A9KR,156,126,13,0.9998877048492432,-54.744441986083984,-5.606895923614502,49.13754606246948,-54.86279296875,0.11835098266601562,49.01919507980347,415.1849435938759
TCGA-2F-A9KR,157,126,13,0.10671757906675339,-54.744441986083984,-54.85067367553711,0.106231689453125,-54.85855484008789,0.11411285400390625,-0.00788116455078125,0.9309353479975931
TCGA-2F-A9KR,158,126,13,0.10760454833507538,-54.744441986083984,-54.85067367553711,0.106231689453125,-54.59693908691406,0.14750289916992188,-0.041271209716796875,0.720200687925104
TCGA-2F-A9KR,159,126,13,0.999956488609314,-54.744441986083984,-5.606903076171875,49.13753890991211,-54.26504135131836,0.479400634765625,48.658138275146484,102.49785950728881
TCGA-2F-A9KR,160,126,13,0.9999861121177673,-54.744441986083984,-5.606903076171875,49.13753890991211,-54.85446548461914,0.11002349853515625,49.02751541137695,446.60949310033976
TCGA-2F-A9KR,161,126,13,0.10735054314136505,-54.744441986083984,-54.85067367553711,0.106231689453125,-53.8570671081543,0.8873748779296875,-0.7811431884765625,0.11971455592812312
TCGA-2F-A9KR,162,126,13,0.9987257719039917,-54.744441986083984,-5.606936931610107,49.13750505447388,-54.85293960571289,0.10849761962890625,49.02900743484497,452.8901668307433
TCGA-2F-A9KR,163,126,13,0.7338425517082214,-54.744441986083984,-5.60713005065918,49.137311935424805,-54.86441421508789,0.11997222900390625,49.0173397064209,409.5723847376789
TCGA-2F-A9KR,164,126,13,0.10758167505264282,-54.744441986083984,-54.85067367553711,0.106231689453125,-54.86366653442383,0.11922454833984375,-0.01299285888671875,0.8910219491905036
TCGA-2F-A9KR,165,126,13,0.10776536166667938,-54.744441986083984,-54.85081100463867,0.1063690185546875,-54.60441207885742,0.1400299072265625,-0.033660888671875,0.7596164323853111
TCGA-2F-A9KR,166,126,13,0.13305197656154633,-54.744441986083984,-5.610272407531738,49.134169578552246,-54.861019134521484,0.1165771484375,49.017592430114746,421.47342113874345
TCGA-2F-A9KR,167,126,13,0.10671493411064148,-54.744441986083984,-54.85067367553711,0.106231689453125,-54.85905075073242,0.1146087646484375,-0.0083770751953125,0.9269072027692717
TCGA-2F-A9KR,168,126,13,0.8694800138473511,-54.744441986083984,-5.6069440841674805,49.137497901916504,-54.60436248779297,0.14007949829101562,48.99741840362549,350.78293755616676
TCGA-2F-A9KR,169,126,13,0.7343948483467102,-54.744441986083984,-5.607964038848877,49.13647794723511,-54.85599136352539,0.11154937744140625,49.0249285697937,440.49083082552494
TCGA-2F-A9KR,170,126,13,0.5397661924362183,-54.744441986083984,-5.610223293304443,49.13421869277954,-54.253177642822266,0.49126434326171875,48.64295434951782,100.01584557624513
TCGA-2F-A9KR,171,126,13,0.10354264825582504,-54.744441986083984,-54.85084915161133,0.10640716552734375,-54.856754302978516,0.11231231689453125,-0.0059051513671875,0.9474220501324638
TCGA-2F-A9KR,172,126,13,0.1598985642194748,-54.744441986083984,-5.610272407531738,49.134169578552246,-54.85662078857422,0.11217880249023438,49.02199077606201,437.99869928928484
TCGA-2F-A9KR,173,126,13,0.10716931521892548,-54.744441986083984,-54.85067367553711,0.106231689453125,-54.85403823852539,0.10959625244140625,-0.00336456298828125,0.9693003828750435
TCGA-2F-A9KR,174,126,13,0.6497060656547546,-54.744441986083984,-5.610226154327393,49.13421583175659,-54.860694885253906,0.11625289916992188,49.01796293258667,422.64938063986875
TCGA-2F-A9KR,175,126,13,0.10767626017332077,-54.744441986083984,-54.85081100463867,0.1063690185546875,-54.6088752746582,0.13556671142578125,-0.02919769287109375,0.7846249085485959
TCGA-2F-A9KR,176,126,13,0.10714936256408691,-54.744441986083984,-54.85067367553711,0.106231689453125,-54.606807708740234,0.13763427734375,-0.031402587890625,0.771840354767184
TCGA-2F-A9KR,177,126,13,0.10795489698648453,-54.744441986083984,-54.85081100463867,0.1063690185546875,-54.85934829711914,0.11490631103515625,-0.00853729248046875,0.9257021446119116
TCGA-2F-A9KR,178,126,13,0.3202410936355591,-54.744441986083984,-5.610321521759033,49.13412046432495,-54.60149002075195,0.14295196533203125,48.99116849899292,343.7107027539094
TCGA-2F-A9KR,179,126,13,0.10767452418804169,-54.744441986083984,-54.85067367553711,0.106231689453125,-54.60402297973633,0.14041900634765625,-0.03418731689453125,0.75653355066558
TCGA-2F-A9KR,180,126,13,0.10773768275976181,-54.744441986083984,-54.85081100463867,0.1063690185546875,-54.66432571411133,0.08011627197265625,0.02625274658203125,1.327683077802114
TCGA-2F-A9KR,181,126,13,0.10748611390590668,-54.744441986083984,-54.85067367553711,0.106231689453125,-54.60758972167969,0.13685226440429688,-0.030620574951171875,0.7762508710801393
TCGA-2F-A9KR,182,126,13,0.10755454748868942,-54.744441986083984,-54.85067367553711,0.106231689453125,-54.8570671081543,0.1126251220703125,-0.0063934326171875,0.9432326243056497
TCGA-2F-A9KR,183,126,13,0.6947135925292969,-54.744441986083984,-5.610013008117676,49.13442897796631,-54.861698150634766,0.11725616455078125,49.01717281341553,419.03493233131627
TCGA-2F-A9KR,184,126,13,0.6504581570625305,-54.744441986083984,-5.610326290130615,49.13411569595337,-54.8562126159668,0.1117706298828125,49.02234506607056,439.5977346416382
TCGA-2F-A9KR,185,126,13,0.947845995426178,-54.744441986083984,-5.6069440841674805,49.137497901916504,-54.86200714111328,0.11756515502929688,49.01993274688721,417.9597082968299
TCGA-2F-A9KT,0,137,14,0.9998416304588318,-79.6739730834961,-5.626372814178467,74.04760026931763,-5.627096652984619,74.04687643051147,0.0007238388061523438,1.0000097754131039
TCGA-2F-A9KT,1,137,14,0.271823525428772,-79.6739730834961,-5.627819538116455,74.04615354537964,-78.2738265991211,1.400146484375,72.64600706100464,52.88457627234089
TCGA-2F-A9KT,2,137,14,0.10376279801130295,-79.6739730834961,-79.93560028076172,0.261627197265625,-79.93773651123047,0.263763427734375,-0.00213623046875,0.9919009603147055
TCGA-2F-A9KT,3,137,14,0.69146728515625,-79.6739730834961,-5.626915454864502,74.04705762863159,-79.94147491455078,0.2675018310546875,73.7795557975769,276.8095356083509
TCGA-2F-A9KT,4,137,14,0.9979339241981506,-79.6739730834961,-5.626286029815674,74.04768705368042,-79.93926239013672,0.265289306640625,73.7823977470398,279.12051183423443
TCGA-2F-A9KT,5,137,14,0.6976506114006042,-79.6739730834961,-5.626915454864502,74.04705762863159,-78.17183685302734,1.50213623046875,72.54492139816284,49.29450214081102
TCGA-2F-A9KT,6,137,14,0.10387631505727768,-79.6739730834961,-79.93573760986328,0.2617645263671875,-79.93993377685547,0.265960693359375,-0.0041961669921875,0.9842226047045324
TCGA-2F-A9KT,7,137,14,0.10377822816371918,-79.6739730834961,-79.93560028076172,0.261627197265625,-79.94086456298828,0.2668914794921875,-0.0052642822265625,0.9802755702932937
TCGA-2F-A9KT,8,137,14,0.7610287666320801,-79.6739730834961,-5.626537322998047,74.04743576049805,-78.27474975585938,1.3992233276367188,72.64821243286133,52.920383971559275
TCGA-2F-A9KT,9,137,14,0.9997028112411499,-79.6739730834961,-5.626335144042969,74.04763793945312,-78.17296600341797,1.501007080078125,72.546630859375,49.331971129409375
TCGA-2F-A9KT,10,137,14,0.9999505281448364,-79.6739730834961,-5.626374244689941,74.04759883880615,-79.93885803222656,0.26488494873046875,73.78271389007568,279.5462678936605
TCGA-2F-A9KT,11,137,14,0.10381784290075302,-79.6739730834961,-79.93573760986328,0.2617645263671875,-78.17432403564453,1.4996490478515625,-1.237884521484375,0.1745505234989469
TCGA-2F-A9KT,12,137,14,0.10394114255905151,-79.6739730834961,-79.93573760986328,0.2617645263671875,-79.93817901611328,0.2642059326171875,-0.00244140625,0.9907594571181056
TCGA-2F-A9KT,13,137,14,0.6496181488037109,-79.6739730834961,-5.6269330978393555,74.04703998565674,-79.93895721435547,0.264984130859375,73.78205585479736,279.4395262294138
TCGA-2F-A9KT,14,137,14,0.10287494212388992,-79.6739730834961,-79.93518829345703,0.2612152099609375,-78.17558288574219,1.4983901977539062,-1.2371749877929688,0.17433056513083195
TCGA-2F-A9KT,15,137,14,0.11989299952983856,-79.6739730834961,-5.62768030166626,74.04629278182983,-79.94032287597656,0.26634979248046875,73.77994298934937,278.0039439574919
TCGA-2F-A9KT,16,137,14,0.12761977314949036,-79.6739730834961,-5.62768030166626,74.04629278182983,-79.94100952148438,0.26703643798828125,73.77925634384155,277.2890970972258
TCGA-2F-A9KT,17,137,14,0.6866769194602966,-79.6739730834961,-5.627026081085205,74.04694700241089,-79.9372329711914,0.2632598876953125,73.78368711471558,281.2693861212543
TCGA-2F-A9KT,18,137,14,0.10380605608224869,-79.6739730834961,-79.93560028076172,0.261627197265625,-78.17418670654297,1.499786376953125,-1.2381591796875,0.17444297487028182
TCGA-2F-A9KT,19,137,14,0.10388243943452835,-79.6739730834961,-79.93573760986328,0.2617645263671875,-79.93765258789062,0.26367950439453125,-0.00191497802734375,0.9927374786609183
TCGA-2F-A9KT,20,137,14,0.10396034270524979,-79.6739730834961,-79.93573760986328,0.2617645263671875,-79.93976593017578,0.2657928466796875,-0.0040283203125,0.9848441357138756
TCGA-2F-A9KT,21,137,14,0.5185532569885254,-79.6739730834961,-5.627434253692627,74.04653882980347,-79.93717956542969,0.26320648193359375,73.78333234786987,281.3249061567002
TCGA-2F-A9KT,22,137,14,0.10375795513391495,-79.6739730834961,-79.93560028076172,0.261627197265625,-79.93883514404297,0.264862060546875,-0.00323486328125,0.9877866113607559
TCGA-2F-A9KT,23,137,14,0.10383914411067963,-79.6739730834961,-79.93573760986328,0.2617645263671875,-79.93791198730469,0.26393890380859375,-0.00217437744140625,0.9917618152912271
TCGA-2F-A9KT,24,137,14,0.10376153886318207,-79.6739730834961,-79.93560028076172,0.261627197265625,-79.93827056884766,0.2642974853515625,-0.0026702880859375,0.9898966572368801
TCGA-2F-A9KT,25,137,14,0.10386800020933151,-79.6739730834961,-79.93573760986328,0.2617645263671875,-79.94114685058594,0.26717376708984375,-0.00540924072265625,0.979753847911134
TCGA-2F-A9KT,26,137,14,0.7190715074539185,-79.6739730834961,-5.626704692840576,74.04726839065552,-79.9404296875,0.26645660400390625,73.78081178665161,277.8961649964209
TCGA-2F-A9KT,27,137,14,0.10345050692558289,-79.6739730834961,-79.93518829345703,0.2612152099609375,-79.93856811523438,0.26459503173828125,-0.00337982177734375,0.9872264352238979
TCGA-2F-A9KT,28,137,14,0.10385002940893173,-79.6739730834961,-79.93573760986328,0.2617645263671875,-79.93833923339844,0.26436614990234375,-0.00260162353515625,0.9901590141698652
TCGA-2F-A9KT,29,137,14,0.2741924524307251,-79.6739730834961,-5.627551078796387,74.0464220046997,-78.27606964111328,1.3979034423828125,72.6485185623169,52.96962562627575
TCGA-2F-A9KT,30,137,14,0.1036950945854187,-79.6739730834961,-79.93560028076172,0.261627197265625,-79.93856048583984,0.26458740234375,-0.002960205078125,0.9888119953863899
TCGA-2F-A9KT,31,137,14,0.10391444712877274,-79.6739730834961,-79.93573760986328,0.2617645263671875,-79.94001007080078,0.2660369873046875,-0.0042724609375,0.9839403498709492
TCGA-2F-A9KT,32,137,14,0.7110768556594849,-79.6739730834961,-5.626915454864502,74.04705762863159,-79.93824768066406,0.26427459716796875,73.78278303146362,280.18984201333757
TCGA-2F-A9KT,33,137,14,0.7691482305526733,-79.6739730834961,-5.626636028289795,74.0473370552063,-79.9402847290039,0.2663116455078125,73.78102540969849,278.04768700223457
TCGA-2F-A9KT,34,137,14,0.5340413451194763,-79.6739730834961,-5.627231597900391,74.0467414855957,-79.93956756591797,0.265594482421875,73.78114700317383,278.7962340572216
TCGA-2F-A9KT,35,137,14,0.10343413800001144,-79.6739730834961,-79.93518829345703,0.2612152099609375,-79.9391860961914,0.2652130126953125,-0.003997802734375,0.9849260686957022
TCGA-2F-A9KT,36,137,14,0.5432144403457642,-79.6739730834961,-5.627516269683838,74.04645681381226,-79.94044494628906,0.26647186279296875,73.77998495101929,277.87720638760845
TCGA-2F-A9KT,37,137,14,0.5165233612060547,-79.6739730834961,-5.627231597900391,74.0467414855957,-79.93779754638672,0.263824462890625,73.78291702270508,280.6667004048583
TCGA-2F-A9KT,38,137,14,0.10392182320356369,-79.6739730834961,-79.93573760986328,0.2617645263671875,-78.2731704711914,1.4008026123046875,-1.1390380859375,0.18686753156214939
TCGA-2F-A9KT,39,137,14,0.1038278117775917,-79.6739730834961,-79.93573760986328,0.2617645263671875,-79.94171142578125,0.26773834228515625,-0.00597381591796875,0.9776878579773745
TCGA-2F-A9KT,40,137,14,0.9999977350234985,-79.6739730834961,-5.626410007476807,74.04756307601929,-79.94153594970703,0.2675628662109375,73.78000020980835,276.7482802252638
TCGA-2F-A9KT,41,137,14,0.10380347818136215,-79.6739730834961,-79.93573760986328,0.2617645263671875,-79.93928527832031,0.26531219482421875,-0.00354766845703125,0.986628324946082
TCGA-2F-A9KT,42,137,14,0.5810608863830566,-79.6739730834961,-5.626946926116943,74.04702615737915,-79.93766021728516,0.2636871337890625,73.78333902359009,280.81395210057286
TCGA-2F-A9KT,43,137,14,0.1037634089589119,-79.6739730834961,-79.93560028076172,0.261627197265625,-78.1752700805664,1.4987030029296875,-1.2370758056640625,0.17456907522984352
TCGA-2F-A9KT,44,137,14,0.1038074940443039,-79.6739730834961,-79.93573760986328,0.2617645263671875,-78.17257690429688,1.5013961791992188,-1.2396316528320312,0.17434740409876467
TCGA-2F-A9KT,45,137,14,0.9999750852584839,-79.6739730834961,-5.6264472007751465,74.04752588272095,-78.17110443115234,1.50286865234375,72.5446572303772,49.270790076859036
TCGA-2F-A9KT,46,137,14,0.9989791512489319,-79.6739730834961,-5.626335144042969,74.04763793945312,-79.94143676757812,0.26746368408203125,73.7801742553711,276.85118521265366
TCGA-2F-A9KT,47,137,14,0.9999479055404663,-79.6739730834961,-5.626344203948975,74.04762887954712,-78.27495574951172,1.399017333984375,72.64861154556274,52.92831409648147
TCGA-2F-A9KT,48,137,14,0.7888290882110596,-79.6739730834961,-5.6265106201171875,74.0474624633789,-79.9377670288086,0.2637939453125,73.7836685180664,280.7019030541416
TCGA-2F-A9KT,49,137,14,0.45981565117836,-79.6739730834961,-5.627494812011719,74.04647827148438,-79.9385986328125,0.26462554931640625,73.78185272216797,279.81605881504976
TCGA-2F-A9KT,50,137,14,0.1038249060511589,-79.6739730834961,-79.93573760986328,0.2617645263671875,-79.93846893310547,0.264495849609375,-0.0027313232421875,0.9896734740971501
TCGA-2F-A9KT,51,137,14,0.32715529203414917,-79.6739730834961,-5.627720832824707,74.04625225067139,-78.27245330810547,1.401519775390625,72.64473247528076,52.83282729994556
TCGA-2F-A9KT,52,137,14,0.10373435169458389,-79.6739730834961,-79.93560028076172,0.261627197265625,-78.17244720458984,1.50152587890625,-1.239898681640625,0.17424088451688954
TCGA-2F-A9KT,53,137,14,0.9998757839202881,-79.6739730834961,-5.626374244689941,74.04759883880615,-79.93953704833984,0.26556396484375,73.7820348739624,278.83150066076763
TCGA-2F-A9KT,54,137,14,0.10375919938087463,-79.6739730834961,-79.93560028076172,0.261627197265625,-79.9385757446289,0.2646026611328125,-0.0029754638671875,0.9887549737616055
TCGA-2F-A9KT,55,137,14,0.10508246719837189,-79.6739730834961,-5.62768030166626,74.04629278182983,-78.2742919921875,1.3996810913085938,72.64661169052124,52.902259837347856
TCGA-2F-A9KT,56,137,14,0.797904372215271,-79.6739730834961,-5.6264262199401855,74.04754686355591,-5.627013683319092,74.046959400177,0.00058746337890625,1.0000079336597163
TCGA-2F-A9KT,57,137,14,0.6362805962562561,-79.6739730834961,-5.627074718475342,74.04689836502075,-78.17243194580078,1.5015411376953125,72.54535722732544,49.313932536456484
TCGA-2F-A9KT,58,137,14,0.11025582253932953,-79.6739730834961,-5.627579212188721,74.04639387130737,-79.93767547607422,0.263702392578125,73.78269147872925,280.79530544786485
TCGA-2F-A9KT,59,137,14,0.9986745715141296,-79.6739730834961,-5.626286029815674,74.04768705368042,-79.9415054321289,0.2675323486328125,73.78015470504761,276.78031248217644
TCGA-2F-A9KT,60,137,14,0.619490385055542,-79.6739730834961,-5.626946449279785,74.04702663421631,-79.93941497802734,0.26544189453125,73.78158473968506,278.9575728615774
TCGA-2F-A9KT,61,137,14,0.760352611541748,-79.6739730834961,-5.626636028289795,74.0473370552063,-79.93775939941406,0.26378631591796875,73.78355073928833,280.70954627621114
TCGA-2F-A9KT,62,137,14,0.9999873638153076,-79.6739730834961,-5.6264472007751465,74.04752588272095,-79.939208984375,0.26523590087890625,73.78228998184204,279.17610563785416
TCGA-2F-A9KT,63,137,14,0.10381229221820831,-79.6739730834961,-79.93573760986328,0.2617645263671875,-79.94022369384766,0.2662506103515625,-0.004486083984375,0.9831508968995358
TCGA-2F-A9KT,64,137,14,0.10381706058979034,-79.6739730834961,-79.93573760986328,0.2617645263671875,-79.94026184082031,0.26628875732421875,-0.00452423095703125,0.9830100564421397
TCGA-2F-A9KT,65,137,14,0.9987050890922546,-79.6739730834961,-5.626286029815674,74.04768705368042,-79.94457244873047,0.270599365234375,73.77708768844604,273.6432400332694
TCGA-2F-A9KT,66,137,14,0.9997410774230957,-79.6739730834961,-5.626299858093262,74.04767322540283,-79.93793487548828,0.2639617919921875,73.78371143341064,280.52421021446327
TCGA-2F-A9KT,67,137,14,0.9997421503067017,-79.6739730834961,-5.626374244689941,74.04759883880615,-78.27368927001953,1.4002838134765625,72.64731502532959,52.88042190173152
TCGA-2F-A9KT,68,137,14,0.9995145797729492,-79.6739730834961,-5.626335620880127,74.04763746261597,-79.9411849975586,0.2672119140625,73.78042554855347,277.1120356755368
TCGA-2F-A9KT,69,137,14,0.6444944739341736,-79.6739730834961,-5.627003192901611,74.04696989059448,-79.93938446044922,0.265411376953125,73.78155851364136,278.9894342158216
TCGA-2F-A9KT,70,137,14,0.9982776045799255,-79.6739730834961,-5.626286029815674,74.04768705368042,-78.27424621582031,1.3997268676757812,72.64796018600464,52.90152583599052
TCGA-2F-A9KT,71,137,14,0.9937702417373657,-79.6739730834961,-5.626286029815674,74.04768705368042,-78.27536010742188,1.3986129760742188,72.6490740776062,52.943657981442186
TCGA-2F-A9KT,72,137,14,0.9977298974990845,-79.6739730834961,-5.626286029815674,74.04768705368042,-79.93779754638672,0.263824462890625,73.7838625907898,280.6702844852516
TCGA-2F-A9KT,73,137,14,0.5308343172073364,-79.6739730834961,-5.627551078796387,74.0464220046997,-79.9395980834961,0.265625,73.7807970046997,278.76300048828125
TCGA-2F-A9KT,74,137,14,0.6627379059791565,-79.6739730834961,-5.627003192901611,74.04696989059448,-79.94034576416016,0.2663726806640625,73.78059720993042,277.98259831299765
TCGA-2F-A9KT,75,137,14,0.5618689060211182,-79.6739730834961,-5.627538204193115,74.04643487930298,-79.93923950195312,0.26526641845703125,73.78116846084595,279.13987496045326
TCGA-2F-A9KT,76,137,14,0.6452546119689941,-79.6739730834961,-5.62695837020874,74.04701471328735,-79.94100952148438,0.26703643798828125,73.77997827529907,277.2918005914117
TCGA-2F-A9KT,77,137,14,0.10389682650566101,-79.6739730834961,-79.93573760986328,0.2617645263671875,-79.93958282470703,0.2656097412109375,-0.00384521484375,0.9855230654334464
TCGA-2F-A9KT,78,137,14,0.4132865369319916,-79.6739730834961,-5.6277756690979,74.0461974143982,-79.93804168701172,0.264068603515625,73.78212881088257,280.4051539206056
TCGA-2F-A9KT,79,137,14,0.10382191836833954,-79.6739730834961,-79.93573760986328,0.2617645263671875,-79.93964385986328,0.2656707763671875,-0.00390625,0.9852966515421285
TCGA-2F-A9KT,80,137,14,0.2257186770439148,-79.6739730834961,-5.627593994140625,74.04637908935547,-5.626720428466797,74.0472526550293,-0.000873565673828125,0.9999882025916896
TCGA-2F-A9KT,81,137,14,0.10378692299127579,-79.6739730834961,-79.93573760986328,0.2617645263671875,-79.9434585571289,0.2694854736328125,-0.007720947265625,0.9713493007190985
TCGA-2F-A9KT,82,137,14,0.4665381610393524,-79.6739730834961,-5.627185344696045,74.04678773880005,-79.94097900390625,0.26700592041015625,73.77978181838989,277.3226437266051
TCGA-2F-A9KT,83,137,14,0.5938590168952942,-79.6739730834961,-5.62695837020874,74.04701471328735,-79.9407958984375,0.26682281494140625,73.78019189834595,277.51380529265435
TCGA-2F-A9KT,84,137,14,0.10375083237886429,-79.6739730834961,-79.9356918334961,0.26171875,-79.94013977050781,0.26616668701171875,-0.00444793701171875,0.9832889041763407
TCGA-2F-A9KT,85,137,14,0.2773650884628296,-79.6739730834961,-5.62785530090332,74.04611778259277,-79.9393310546875,0.26535797119140625,73.78075981140137,279.04237227221756
TCGA-2F-A9KT,86,137,14,0.10381411761045456,-79.6739730834961,-79.93573760986328,0.2617645263671875,-79.93830108642578,0.2643280029296875,-0.0025634765625,0.9903019107544883
TCGA-2F-A9KT,87,137,14,0.7804172039031982,-79.6739730834961,-5.62655782699585,74.04741525650024,-79.93936157226562,0.26538848876953125,73.78202676773071,279.01517356619235
TCGA-2F-A9KT,88,137,14,0.1038857102394104,-79.6739730834961,-79.93573760986328,0.2617645263671875,-79.93717193603516,0.2631988525390625,-0.001434326171875,0.9945504087193461
TCGA-2F-A9KT,89,137,14,0.10345018655061722,-79.6739730834961,-79.93518829345703,0.2612152099609375,-79.93821716308594,0.26424407958984375,-0.00302886962890625,0.9885376064674463
TCGA-2F-A9KT,90,137,14,0.1026793122291565,-79.6739730834961,-79.93518829345703,0.2612152099609375,-79.9386978149414,0.2647247314453125,-0.003509521484375,0.9867427517436164
TCGA-2F-A9KT,91,137,14,0.10350191593170166,-79.6739730834961,-79.93518829345703,0.2612152099609375,-5.627049922943115,74.04692316055298,-73.78570795059204,0.003527698367622312
TCGA-2F-A9KT,92,137,14,0.2418094277381897,-79.6739730834961,-5.627714157104492,74.0462589263916,-79.9399185180664,0.2659454345703125,73.78031349182129,278.4265089792874
TCGA-2F-A9KT,93,137,14,0.7000736594200134,-79.6739730834961,-5.626915454864502,74.04705762863159,-79.93860626220703,0.2646331787109375,73.78242444992065,279.81018098079915
TCGA-2F-A9KT,94,137,14,0.10382343828678131,-79.6739730834961,-79.93573760986328,0.2617645263671875,-79.93819427490234,0.26422119140625,-0.0024566650390625,0.9907022407022407
TCGA-2F-A9KT,95,137,14,0.10367643088102341,-79.6739730834961,-79.93560028076172,0.261627197265625,-79.9378890991211,0.263916015625,-0.002288818359375,0.991327474560592
TCGA-2F-A9KT,96,137,14,0.848102331161499,-79.6739730834961,-5.626408100128174,74.04756498336792,-79.94049072265625,0.26651763916015625,73.78104734420776,277.8336368906192
TCGA-2F-A9KT,97,137,14,0.13384480774402618,-79.6739730834961,-5.627579212188721,74.04639387130737,-79.93938446044922,0.265411376953125,73.78098249435425,278.9872639272163
TCGA-2F-A9KT,98,137,14,0.34035903215408325,-79.6739730834961,-5.627673625946045,74.04629945755005,-79.93869018554688,0.26471710205078125,73.78158235549927,279.7186085972851
TCGA-2F-A9KT,99,137,14,0.8193915486335754,-79.6739730834961,-5.626452922821045,74.04752016067505,-78.27068328857422,1.403289794921875,72.64423036575317,52.76709089500468
TCGA-2F-A9KT,100,137,14,0.9999815225601196,-79.6739730834961,-5.6265740394592285,74.04739904403687,-79.93721771240234,0.26324462890625,73.78415441513062,281.2874068948528
TCGA-2F-A9KT,101,137,14,0.1037597507238388,-79.6739730834961,-79.93560028076172,0.261627197265625,-79.93915557861328,0.2651824951171875,-0.0035552978515625,0.9865930145577997
TCGA-2F-A9KT,102,137,14,0.10375179350376129,-79.6739730834961,-79.93560028076172,0.261627197265625,-79.9433822631836,0.2694091796875,-0.007781982421875,0.9711146352514726
TCGA-2F-A9KT,103,137,14,0.1038593277335167,-79.6739730834961,-79.93573760986328,0.2617645263671875,-79.93950653076172,0.265533447265625,-0.0037689208984375,0.985806229169061
TCGA-2F-A9KT,104,137,14,0.9999996423721313,-79.6739730834961,-5.626465320587158,74.04750776290894,-79.93775177001953,0.2637786865234375,73.7837290763855,280.7183125325389
TCGA-2F-A9KT,105,137,14,0.4480818808078766,-79.6739730834961,-5.6274094581604,74.0465636253357,-78.17351531982422,1.500457763671875,72.54610586166382,49.34931553430146
TCGA-2F-A9KT,106,137,14,0.10383756458759308,-79.6739730834961,-79.93573760986328,0.2617645263671875,-79.93793487548828,0.2639617919921875,-0.002197265625,0.9916758194115267
TCGA-2F-A9KT,107,137,14,0.9946671724319458,-79.6739730834961,-5.626326084136963,74.04764699935913,-79.94107055664062,0.26709747314453125,73.7805495262146,277.2308031506184
TCGA-2F-A9KT,108,137,14,0.10383495688438416,-79.6739730834961,-79.93573760986328,0.2617645263671875,-79.93679809570312,0.26282501220703125,-0.00106048583984375,0.9959650497837382
TCGA-2F-A9KT,109,137,14,0.1037786528468132,-79.6739730834961,-79.93573760986328,0.2617645263671875,-79.93805694580078,0.2640838623046875,-0.0023193359375,0.9912174264748368
TCGA-2F-A9KT,110,137,14,0.6680130958557129,-79.6739730834961,-5.6269917488098145,74.04698133468628,-78.27397155761719,1.4000015258789062,72.64697980880737,52.89064330712094
TCGA-2F-A9KT,111,137,14,0.10382667928934097,-79.6739730834961,-79.93573760986328,0.2617645263671875,-79.94210052490234,0.26812744140625,-0.0063629150390625,0.9762690644206693
TCGA-2F-A9KT,112,137,14,0.10384882241487503,-79.6739730834961,-79.93573760986328,0.2617645263671875,-79.94002532958984,0.26605224609375,-0.0042877197265625,0.9838839183298922
TCGA-2F-A9KT,113,137,14,0.1299862563610077,-79.6739730834961,-5.62768030166626,74.04629278182983,-79.93901062011719,0.26503753662109375,73.78125524520874,279.3803991911109
TCGA-2F-A9KT,114,137,14,0.10409887880086899,-79.6739730834961,-79.93583679199219,0.26186370849609375,-78.17115020751953,1.5028228759765625,-1.2409591674804688,0.17424788555067064
TCGA-2F-A9KT,115,137,14,0.10382319986820221,-79.6739730834961,-79.93573760986328,0.2617645263671875,-79.94419860839844,0.27022552490234375,-0.00846099853515625,0.9686891216578672
TCGA-2F-A9KT,116,137,14,0.7858240604400635,-79.6739730834961,-5.626537322998047,74.04743576049805,-79.93990325927734,0.26593017578125,73.7815055847168,278.4469101445949
TCGA-2F-A9KT,117,137,14,0.9924233555793762,-79.6739730834961,-5.626286029815674,74.04768705368042,-78.27332305908203,1.4006500244140625,72.64703702926636,52.866658881940886
TCGA-2F-A9KT,118,137,14,0.33102643489837646,-79.6739730834961,-5.6276326179504395,74.04634046554565,-79.94072723388672,0.266754150390625,73.77958631515503,277.5827118607711
TCGA-2F-A9KT,119,137,14,0.10383327305316925,-79.6739730834961,-79.93573760986328,0.2617645263671875,-78.17139434814453,1.5025787353515625,-1.240814208984375,0.17421018959511744
TCGA-2F-A9KT,120,137,14,0.99981689453125,-79.6739730834961,-5.626372814178467,74.04760026931763,-79.93953704833984,0.26556396484375,73.78203630447388,278.8315060474604
TCGA-2F-A9KT,121,137,14,0.5936039686203003,-79.6739730834961,-5.626916408538818,74.04705667495728,-78.17281341552734,1.50115966796875,72.54589700698853,49.32656948820899
TCGA-2F-A9KT,122,137,14,0.4144456684589386,-79.6739730834961,-5.62766695022583,74.04630613327026,-79.93950653076172,0.265533447265625,73.78077268600464,278.85867824100677
TCGA-2F-A9KT,123,137,14,0.7028030157089233,-79.6739730834961,-5.626636028289795,74.0473370552063,-78.27336883544922,1.400604248046875,72.64673280715942,52.86813684769583
TCGA-2F-A9KT,124,137,14,0.10383496433496475,-79.6739730834961,-79.93573760986328,0.2617645263671875,-79.93802642822266,0.2640533447265625,-0.002288818359375,0.9913319849754406
TCGA-2F-A9KT,125,137,14,0.7810006737709045,-79.6739730834961,-5.6265106201171875,74.0474624633789,-79.9410400390625,0.26706695556640625,73.7803955078125,277.26179117268964
TCGA-2F-A9KT,126,137,14,0.9999021887779236,-79.6739730834961,-5.626335144042969,74.04763793945312,-78.17425537109375,1.4997177124023438,72.54792022705078,49.37438381042982
TCGA-2F-A9KT,127,137,14,0.10378728061914444,-79.6739730834961,-79.93560028076172,0.261627197265625,-79.94258880615234,0.26861572265625,-0.006988525390625,0.9739831856396274
TCGA-2F-A9KT,128,137,14,0.9998703002929688,-79.6739730834961,-5.626372814178467,74.04760026931763,-79.94046783447266,0.2664947509765625,73.78110551834106,277.85763133409677
TCGA-2F-A9KT,129,137,14,0.6067978739738464,-79.6739730834961,-5.62709379196167,74.04687929153442,-79.93929290771484,0.26531982421875,73.78155946731567,279.08536239072924
TCGA-2F-A9KT,130,137,14,0.10661382973194122,-79.6739730834961,-5.627601623535156,74.04637145996094,-78.27515411376953,1.3988189697265625,72.64755249023438,52.93492086001331
TCGA-2F-A9KT,131,137,14,0.6902562379837036,-79.6739730834961,-5.626915454864502,74.04705762863159,-79.94002532958984,0.26605224609375,73.78100538253784,278.3177316328286
TCGA-2F-A9KT,132,137,14,0.9998447895050049,-79.6739730834961,-5.62630033493042,74.04767274856567,-78.17302703857422,1.500946044921875,72.5467267036438,49.334000378687755
TCGA-2F-A9KT,133,137,14,0.9964137077331543,-79.6739730834961,-5.626286029815674,74.04768705368042,-79.94166564941406,0.26769256591796875,73.77999448776245,276.61465606919944
TCGA-2F-A9KT,134,137,14,0.10385476052761078,-79.6739730834961,-79.93573760986328,0.2617645263671875,-78.27410125732422,1.399871826171875,-1.1381072998046875,0.18699178129973185
TCGA-2F-A9KT,135,137,14,0.10381165146827698,-79.6739730834961,-79.93573760986328,0.2617645263671875,-78.17041778564453,1.5035552978515625,-1.241790771484375,0.17409703969067458
TCGA-2F-A9KT,136,137,14,0.5115798711776733,-79.6739730834961,-5.627317428588867,74.04665565490723,-79.9393081665039,0.2653350830078125,73.78132057189941,279.0684700097763
TCGA-2F-A9KT,137,137,14,0.10378050804138184,-79.6739730834961,-79.93573760986328,0.2617645263671875,-79.93881225585938,0.26483917236328125,-0.00307464599609375,0.988390516521188
TCGA-2F-A9KT,138,137,14,0.4810259938240051,-79.6739730834961,-5.627434253692627,74.04653882980347,-79.94073486328125,0.26676177978515625,73.77977705001831,277.57551658801657
TCGA-2F-A9KT,139,137,14,0.10384266078472137,-79.6739730834961,-79.93573760986328,0.2617645263671875,-79.94095611572266,0.2669830322265625,-0.005218505859375,0.980453792078642
TCGA-2F-A9KT,140,137,14,0.10362124443054199,-79.6739730834961,-79.93518829345703,0.2612152099609375,-79.93799591064453,0.2640228271484375,-0.0028076171875,0.9893660058949315
TCGA-2F-A9KT,141,137,14,0.9949201345443726,-79.6739730834961,-5.626326084136963,74.04764699935913,-79.93986511230469,0.26589202880859375,73.78175497055054,278.48765279332014
TCGA-2F-A9KT,142,137,14,0.10386049747467041,-79.6739730834961,-79.93573760986328,0.2617645263671875,-79.93798828125,0.26401519775390625,-0.00225067138671875,0.9914752203438809
TCGA-2F-A9KT,143,137,14,0.6921790838241577,-79.6739730834961,-5.62701416015625,74.04695892333984,-79.938232421875,0.26425933837890625,73.78269958496094,280.2056471403412
TCGA-2F-A9KT,144,137,14,0.2390562891960144,-79.6739730834961,-5.627671718597412,74.04630136489868,-79.93844604492188,0.26447296142578125,73.7818284034729,279.97683001586614
TCGA-2F-A9KT,145,137,14,0.755801796913147,-79.6739730834961,-5.626636028289795,74.0473370552063,-78.27539825439453,1.3985748291015625,72.64876222610474,52.94485179800779
TCGA-2F-A9KT,146,137,14,0.10379533469676971,-79.6739730834961,-79.93573760986328,0.2617645263671875,-79.94226837158203,0.2682952880859375,-0.00653076171875,0.9756583063186032
TCGA-2F-A9KT,147,137,14,0.1427323967218399,-79.6739730834961,-5.62768030166626,74.04629278182983,-79.94232940673828,0.2683563232421875,73.77793645858765,275.92527683800535
TCGA-2F-A9KT,148,137,14,0.9820831418037415,-79.6739730834961,-5.626358985900879,74.04761409759521,-79.94053649902344,0.26656341552734375,73.78105068206787,277.78610936203097
TCGA-2F-A9KT,149,137,14,0.9999086260795593,-79.6739730834961,-5.626372337341309,74.04760074615479,-79.93842315673828,0.2644500732421875,73.7831506729126,280.00597556401823
TCGA-2F-A9KT,150,137,14,0.10337743163108826,-79.6739730834961,-79.93518829345703,0.2612152099609375,-79.93938446044922,0.265411376953125,-0.0041961669921875,0.9841899505576636
TCGA-2F-A9KT,151,137,14,0.1038140058517456,-79.6739730834961,-79.93573760986328,0.2617645263671875,-79.941162109375,0.26718902587890625,-0.00542449951171875,0.9796978955483853
TCGA-2F-A9KT,152,137,14,0.10389325022697449,-79.6739730834961,-79.93573760986328,0.2617645263671875,-79.9377670288086,0.2637939453125,-0.0020294189453125,0.9923068024062934
TCGA-2F-A9KT,153,137,14,0.5395792722702026,-79.6739730834961,-5.627506256103516,74.04646682739258,-79.93843841552734,0.26446533203125,73.78200149536133,279.9855325409647
TCGA-2F-A9KT,154,137,14,0.9973191618919373,-79.6739730834961,-5.626286029815674,74.04768705368042,-79.93859100341797,0.264617919921875,73.78306913375854,279.82869442682505
TCGA-2F-A9KT,155,137,14,0.9999374151229858,-79.6739730834961,-5.626303195953369,74.04766988754272,-79.93909454345703,0.2651214599609375,73.78254842758179,279.29715647482016
TCGA-2F-A9KT,156,137,14,0.7609188556671143,-79.6739730834961,-5.626636028289795,74.0473370552063,-79.9400634765625,0.26609039306640625,73.78124666213989,278.27888185623766
TCGA-2F-A9KT,157,137,14,0.10385067760944366,-79.6739730834961,-79.93573760986328,0.2617645263671875,-79.93769073486328,0.2637176513671875,-0.001953125,0.9925938783775965
TCGA-2F-A9KT,158,137,14,0.49097901582717896,-79.6739730834961,-5.627740383148193,74.0462327003479,-79.94154357910156,0.26757049560546875,73.77866220474243,276.7354170824898
TCGA-2F-A9KT,159,137,14,0.10410121828317642,-79.6739730834961,-79.93583679199219,0.26186370849609375,-79.93827056884766,0.2642974853515625,-0.00243377685546875,0.9907915247387564
TCGA-2F-A9KT,160,137,14,0.10230066627264023,-79.6739730834961,-79.93518829345703,0.2612152099609375,-79.94013977050781,0.26616668701171875,-0.00495147705078125,0.9813970820076247
TCGA-2F-A9KT,161,137,14,0.9992109537124634,-79.6739730834961,-5.626286029815674,74.04768705368042,-79.9388656616211,0.264892578125,73.78279447555542,279.5385494671659
TCGA-2F-A9KT,162,137,14,0.999880313873291,-79.6739730834961,-5.626344203948975,74.04762887954712,-78.17266082763672,1.501312255859375,72.54631662368774,49.32193725226141
TCGA-2F-A9KT,163,137,14,0.9997313618659973,-79.6739730834961,-5.626299858093262,74.04767322540283,-79.9429931640625,0.26902008056640625,73.77865314483643,275.24961359575735
TCGA-2F-A9KT,164,137,14,0.10389851778745651,-79.6739730834961,-79.93573760986328,0.2617645263671875,-78.17420196533203,1.4997711181640625,-1.238006591796875,0.1745363163731445
TCGA-2F-A9KT,165,137,14,0.10382413119077682,-79.6739730834961,-79.93573760986328,0.2617645263671875,-79.93694305419922,0.262969970703125,-0.0012054443359375,0.9954160380642915
TCGA-2F-A9KT,166,137,14,0.9993884563446045,-79.6739730834961,-5.626286029815674,74.04768705368042,-79.94298553466797,0.269012451171875,73.77867460250854,275.25747128474194
TCGA-2F-A9KT,167,137,14,0.10376767069101334,-79.6739730834961,-79.93560028076172,0.261627197265625,-78.17508697509766,1.4988861083984375,-1.2372589111328125,0.17454774969205242
TCGA-2F-A9KT,168,137,14,0.662555456161499,-79.6739730834961,-5.626915454864502,74.04705762863159,-79.94048309326172,0.266510009765625,73.78054761886597,277.83968674854003
TCGA-2F-A9KT,169,137,14,0.10356885194778442,-79.6739730834961,-79.93518829345703,0.2612152099609375,-78.2748794555664,1.3990936279296875,-1.13787841796875,0.1867031660686436
TCGA-2F-A9KT,170,137,14,0.103870689868927,-79.6739730834961,-79.93573760986328,0.2617645263671875,-78.27407836914062,1.3998947143554688,-1.1381301879882812,0.18698872399679542
TCGA-2F-A9KT,171,137,14,0.10381877422332764,-79.6739730834961,-79.93573760986328,0.2617645263671875,-79.94120025634766,0.2672271728515625,-0.005462646484375,0.979558042596928
TCGA-2F-A9KT,172,137,14,0.10382639616727829,-79.6739730834961,-79.93573760986328,0.2617645263671875,-79.93731689453125,0.26334381103515625,-0.00157928466796875,0.9940029550656199
TCGA-2F-A9KT,173,137,14,0.9989238977432251,-79.6739730834961,-5.626335144042969,74.04763793945312,-78.17493438720703,1.4990386962890625,72.54859924316406,49.39674881159597
TCGA-2F-A9KT,174,137,14,0.10390117019414902,-79.6739730834961,-79.93573760986328,0.2617645263671875,-79.94194793701172,0.267974853515625,-0.0062103271484375,0.9768249629882702
TCGA-2F-A9KT,175,137,14,0.9991185665130615,-79.6739730834961,-5.626299858093262,74.04767322540283,-79.94097900390625,0.26700592041015625,73.78066730499268,277.3259600822928
TCGA-2F-A9KT,176,137,14,0.10387071222066879,-79.6739730834961,-79.93573760986328,0.2617645263671875,-78.27494049072266,1.3990325927734375,-1.13726806640625,0.18710395148712466
TCGA-2F-A9KT,177,137,14,0.43201375007629395,-79.6739730834961,-5.626992225646973,74.04698085784912,-78.27255249023438,1.4014205932617188,72.6455602645874,52.83708632075215
TCGA-2F-A9KT,178,137,14,0.9959943294525146,-79.6739730834961,-5.626286029815674,74.04768705368042,-79.94026947021484,0.26629638671875,73.78139066696167,278.06493346034836
TCGA-2F-A9KT,179,137,14,0.720767617225647,-79.6739730834961,-5.626704692840576,74.04726839065552,-79.94164276123047,0.267669677734375,73.77959871292114,276.6367450262228
TCGA-2F-A9KT,180,137,14,0.4206768274307251,-79.6739730834961,-5.627494812011719,74.04647827148438,-79.93972778320312,0.26575469970703125,73.78072357177734,278.6271638963052
TCGA-2F-A9KT,181,137,14,0.10374248027801514,-79.6739730834961,-79.93560028076172,0.261627197265625,-79.94023895263672,0.266265869140625,-0.004638671875,0.9825787965616046
TCGA-2F-A9KT,182,137,14,0.11970096826553345,-79.6739730834961,-5.62768030166626,74.04629278182983,-79.93716430664062,0.26319122314453125,73.7831015586853,281.3402814012813
TCGA-2F-A9KT,183,137,14,0.10324908047914505,-79.6739730834961,-5.62768030166626,74.04629278182983,-79.93812561035156,0.26415252685546875,73.78214025497437,280.31642802472345
TCGA-2F-A9KT,184,137,14,0.10389851778745651,-79.6739730834961,-79.93573760986328,0.2617645263671875,-78.17179107666016,1.5021820068359375,-1.24041748046875,0.17425619876684917
TCGA-2F-A9KT,185,137,14,0.14330802857875824,-79.6739730834961,-5.627693176269531,74.04627990722656,-79.93993377685547,0.265960693359375,73.78031921386719,278.4106138841079
TCGA-2F-A9KW,0,139,14,0.4025009274482727,21.348955154418945,21.197294235229492,0.15166091918945312,21.33974266052246,0.009212493896484375,0.14244842529296875,16.462525879917184
TCGA-2F-A9KW,1,139,14,0.3573942184448242,21.348955154418945,21.197294235229492,0.15166091918945312,21.3458309173584,0.003124237060546875,0.14853668212890625,48.543345543345545
TCGA-2F-A9KW,2,139,14,0.3057260811328888,21.348955154418945,21.197614669799805,0.15134048461914062,21.354354858398438,0.0053997039794921875,0.14594078063964844,28.027552101730837
TCGA-2F-A9KW,3,139,14,0.12670372426509857,21.348955154418945,21.364009857177734,0.015054702758789062,21.356260299682617,0.007305145263671875,0.0077495574951171875,2.060835509138381
TCGA-2F-A9KW,4,139,14,0.12655982375144958,21.348955154418945,21.364009857177734,0.015054702758789062,21.363866806030273,0.014911651611328125,0.0001430511474609375,1.0095932463545665
TCGA-2F-A9KW,5,139,14,0.12673120200634003,21.348955154418945,21.364009857177734,0.015054702758789062,21.34714698791504,0.00180816650390625,0.013246536254882812,8.325949367088608
TCGA-2F-A9KW,6,139,14,0.1266181766986847,21.348955154418945,21.364009857177734,0.015054702758789062,21.362672805786133,0.0137176513671875,0.0013370513916015625,1.0974694104560623
TCGA-2F-A9KW,7,139,14,0.4610421061515808,21.348955154418945,21.197294235229492,0.15166091918945312,21.347558975219727,0.00139617919921875,0.15026473999023438,108.6256830601093
TCGA-2F-A9KW,8,139,14,0.126630499958992,21.348955154418945,21.364107131958008,0.0151519775390625,21.360811233520508,0.0118560791015625,0.0032958984375,1.277992277992278
TCGA-2F-A9KW,9,139,14,0.12656153738498688,21.348955154418945,21.364009857177734,0.015054702758789062,21.36380386352539,0.014848709106445312,0.00020599365234375,1.0138728323699422
TCGA-2F-A9KW,10,139,14,0.12680120766162872,21.348955154418945,21.364009857177734,0.015054702758789062,21.35272216796875,0.0037670135498046875,0.011287689208984375,3.9964556962025317
TCGA-2F-A9KW,11,139,14,0.47180572152137756,21.348955154418945,21.197294235229492,0.15166091918945312,21.363027572631836,0.014072418212890625,0.1375885009765625,10.777175386283545
TCGA-2F-A9KW,12,139,14,0.12670797109603882,21.348955154418945,21.364009857177734,0.015054702758789062,21.357580184936523,0.008625030517578125,0.0064296722412109375,1.74546660769571
TCGA-2F-A9KW,13,139,14,0.30438917875289917,21.348955154418945,21.197294235229492,0.15166091918945312,21.34760856628418,0.001346588134765625,0.1503143310546875,112.62606232294617
TCGA-2F-A9KW,14,139,14,0.479767382144928,21.348955154418945,21.197294235229492,0.15166091918945312,21.35618782043457,0.007232666015625,0.14442825317382812,20.968881856540083
TCGA-2F-A9KW,15,139,14,0.1266355812549591,21.348955154418945,21.364051818847656,0.015096664428710938,21.330005645751953,0.018949508666992188,-0.00385284423828125,0.7966784096628082
TCGA-2F-A9KW,16,139,14,0.22160141170024872,21.348955154418945,21.197614669799805,0.15134048461914062,21.356332778930664,0.00737762451171875,0.14396286010742188,20.513443640124095
TCGA-2F-A9KW,17,139,14,0.37874165177345276,21.348955154418945,21.197294235229492,0.15166091918945312,21.337350845336914,0.01160430908203125,0.14005661010742188,13.069362261669953
TCGA-2F-A9KW,18,139,14,0.1265142560005188,21.348955154418945,21.364009857177734,0.015054702758789062,21.3376522064209,0.011302947998046875,0.0037517547607421875,1.3319271009112386
TCGA-2F-A9KW,19,139,14,0.12671633064746857,21.348955154418945,21.364009857177734,0.015054702758789062,21.35521125793457,0.006256103515625,0.008798599243164062,2.40640243902439
TCGA-2F-A9KW,20,139,14,0.12699288129806519,21.348955154418945,21.364107131958008,0.0151519775390625,21.34686851501465,0.002086639404296875,0.013065338134765625,7.261425959780621
TCGA-2F-A9KW,21,139,14,0.12665531039237976,21.348955154418945,21.364009857177734,0.015054702758789062,21.361421585083008,0.0124664306640625,0.0025882720947265625,1.2076193390452876
TCGA-2F-A9KW,22,139,14,0.12673157453536987,21.348955154418945,21.364051818847656,0.015096664428710938,21.33976936340332,0.009185791015625,0.0059108734130859375,1.6434800664451827
TCGA-2F-A9KW,23,139,14,0.44467049837112427,21.348955154418945,21.197294235229492,0.15166091918945312,21.3565616607666,0.00760650634765625,0.14405441284179688,19.938314944834502
TCGA-2F-A9KW,24,139,14,0.37708166241645813,21.348955154418945,21.197294235229492,0.15166091918945312,21.359594345092773,0.010639190673828125,0.141021728515625,14.254930082466833
TCGA-2F-A9KW,25,139,14,0.48729443550109863,21.348955154418945,21.197294235229492,0.15166091918945312,21.329511642456055,0.019443511962890625,0.1322174072265625,7.800078477535806
TCGA-2F-A9KW,26,139,14,0.45883506536483765,21.348955154418945,21.197294235229492,0.15166091918945312,21.3546199798584,0.005664825439453125,0.14599609375,26.772390572390574
TCGA-2F-A9KW,27,139,14,0.48638734221458435,21.348955154418945,21.197294235229492,0.15166091918945312,21.34772300720215,0.001232147216796875,0.15042877197265625,123.08668730650155
TCGA-2F-A9KW,28,139,14,0.22597530484199524,21.348955154418945,21.196584701538086,0.15237045288085938,21.337434768676758,0.0115203857421875,0.14085006713867188,13.226158940397351
TCGA-2F-A9KW,29,139,14,0.3641369938850403,21.348955154418945,21.197294235229492,0.15166091918945312,21.329740524291992,0.019214630126953125,0.1324462890625,7.892991860234266
TCGA-2F-A9KW,30,139,14,0.12664251029491425,21.348955154418945,21.364009857177734,0.015054702758789062,21.34236717224121,0.006587982177734375,0.008466720581054688,2.2851766068326578
TCGA-2F-A9KW,31,139,14,0.1267821341753006,21.348955154418945,21.364107131958008,0.0151519775390625,21.35503578186035,0.00608062744140625,0.00907135009765625,2.491844416562108
TCGA-2F-A9KW,32,139,14,0.12684489786624908,21.348955154418945,21.364107131958008,0.0151519775390625,21.33885955810547,0.010095596313476562,0.0050563812255859375,1.5008501794823352
TCGA-2F-A9KW,33,139,14,0.2252505123615265,21.348955154418945,21.197126388549805,0.15182876586914062,21.348047256469727,0.00090789794921875,0.15092086791992188,167.2310924369748
TCGA-2F-A9KW,34,139,14,0.31942158937454224,21.348955154418945,21.197294235229492,0.15166091918945312,21.35637092590332,0.007415771484375,0.14424514770507812,20.4511316872428
TCGA-2F-A9KW,35,139,14,0.12651404738426208,21.348955154418945,21.364009857177734,0.015054702758789062,21.363927841186523,0.014972686767578125,8.20159912109375e-05,1.0054777070063694
TCGA-2F-A9KW,36,139,14,0.12660002708435059,21.348955154418945,21.364009857177734,0.015054702758789062,21.3248348236084,0.024120330810546875,-0.009065628051757812,0.624149928831251
TCGA-2F-A9KW,37,139,14,0.45400989055633545,21.348955154418945,21.197294235229492,0.15166091918945312,21.368364334106445,0.0194091796875,0.13225173950195312,7.813875786163522
TCGA-2F-A9KW,38,139,14,0.12662577629089355,21.348955154418945,21.364009857177734,0.015054702758789062,21.35547637939453,0.0065212249755859375,0.008533477783203125,2.308569757238959
TCGA-2F-A9KW,39,139,14,0.12663494050502777,21.348955154418945,21.364009857177734,0.015054702758789062,21.347909927368164,0.00104522705078125,0.014009475708007812,14.403284671532846
TCGA-2F-A9KW,40,139,14,0.12689611315727234,21.348955154418945,21.364107131958008,0.0151519775390625,21.357263565063477,0.00830841064453125,0.00684356689453125,1.8236914600550964
TCGA-2F-A9KW,41,139,14,0.12663371860980988,21.348955154418945,21.364009857177734,0.015054702758789062,21.348180770874023,0.000774383544921875,0.014280319213867188,19.440886699507388
TCGA-2F-A9KW,42,139,14,0.12674961984157562,21.348955154418945,21.364107131958008,0.0151519775390625,21.355566024780273,0.006610870361328125,0.008541107177734375,2.2919792267743797
TCGA-2F-A9KW,43,139,14,0.4690183699131012,21.348955154418945,21.197294235229492,0.15166091918945312,21.347536087036133,0.0014190673828125,0.15024185180664062,106.8736559139785
TCGA-2F-A9KW,44,139,14,0.40731489658355713,21.348955154418945,21.197294235229492,0.15166091918945312,21.3637638092041,0.01480865478515625,0.13685226440429688,10.241370427614632
TCGA-2F-A9KW,45,139,14,0.3365885019302368,21.348955154418945,21.197294235229492,0.15166091918945312,21.346887588500977,0.00206756591796875,0.14959335327148438,73.35239852398524
TCGA-2F-A9KW,46,139,14,0.12660013139247894,21.348955154418945,21.364051818847656,0.015096664428710938,21.347522735595703,0.0014324188232421875,0.01366424560546875,10.539280958721704
TCGA-2F-A9KW,47,139,14,0.12685678899288177,21.348955154418945,21.364107131958008,0.0151519775390625,21.349742889404297,0.0007877349853515625,0.014364242553710938,19.234866828087167
TCGA-2F-A9KW,48,139,14,0.12719528377056122,21.348955154418945,21.364107131958008,0.0151519775390625,21.345762252807617,0.003192901611328125,0.011959075927734375,4.745519713261649
TCGA-2F-A9KW,49,139,14,0.34328481554985046,21.348955154418945,21.197294235229492,0.15166091918945312,21.353681564331055,0.004726409912109375,0.14693450927734375,32.08797417271994
TCGA-2F-A9KW,50,139,14,0.46997320652008057,21.348955154418945,21.197294235229492,0.15166091918945312,21.345043182373047,0.0039119720458984375,0.1477489471435547,38.76840565577767
TCGA-2F-A9KW,51,139,14,0.12648457288742065,21.348955154418945,21.364051818847656,0.015096664428710938,21.346738815307617,0.002216339111328125,0.012880325317382812,6.811531841652323
TCGA-2F-A9KW,52,139,14,0.5069505572319031,21.348955154418945,21.197294235229492,0.15166091918945312,21.35947036743164,0.010515213012695312,0.1411457061767578,14.423000181389444
TCGA-2F-A9KW,53,139,14,0.4854099452495575,21.348955154418945,21.197294235229492,0.15166091918945312,21.355180740356445,0.0062255859375,0.14543533325195312,24.360906862745097
TCGA-2F-A9KW,54,139,14,0.40324077010154724,21.348955154418945,21.197294235229492,0.15166091918945312,21.346345901489258,0.0026092529296875,0.14905166625976562,58.12426900584796
TCGA-2F-A9KW,55,139,14,0.25168299674987793,21.348955154418945,21.197294235229492,0.15166091918945312,21.3478946685791,0.00106048583984375,0.15060043334960938,143.0107913669065
TCGA-2F-A9KW,56,139,14,0.12697497010231018,21.348955154418945,21.364107131958008,0.0151519775390625,21.358530044555664,0.00957489013671875,0.00557708740234375,1.5824701195219124
TCGA-2F-A9KW,57,139,14,0.1264965832233429,21.348955154418945,21.364009857177734,0.015054702758789062,21.353708267211914,0.00475311279296875,0.010301589965820312,3.167335473515249
TCGA-2F-A9KW,58,139,14,0.12654326856136322,21.348955154418945,21.364009857177734,0.015054702758789062,21.349809646606445,0.0008544921875,0.014200210571289062,17.618303571428573
TCGA-2F-A9KW,59,139,14,0.12664231657981873,21.348955154418945,21.364009857177734,0.015054702758789062,21.35157585144043,0.002620697021484375,0.012434005737304688,5.744541484716157
TCGA-2F-A9KW,60,139,14,0.12665216624736786,21.348955154418945,21.364009857177734,0.015054702758789062,21.34865951538086,0.0002956390380859375,0.014759063720703125,50.92258064516129
TCGA-2F-A9KW,61,139,14,0.31764447689056396,21.348955154418945,21.197614669799805,0.15134048461914062,21.348817825317383,0.0001373291015625,0.15120315551757812,1102.0277777777778
TCGA-2F-A9KW,62,139,14,0.5063261389732361,21.348955154418945,21.197294235229492,0.15166091918945312,21.3212833404541,0.02767181396484375,0.12398910522460938,5.4807003032809485
TCGA-2F-A9KW,63,139,14,0.31093594431877136,21.348955154418945,21.197614669799805,0.15134048461914062,21.353487014770508,0.0045318603515625,0.14680862426757812,33.39478114478114
TCGA-2F-A9KW,64,139,14,0.5086244344711304,21.348955154418945,21.197294235229492,0.15166091918945312,21.338228225708008,0.0107269287109375,0.14093399047851562,14.138335704125177
TCGA-2F-A9KW,65,139,14,0.12680697441101074,21.348955154418945,21.364009857177734,0.015054702758789062,21.329187393188477,0.01976776123046875,-0.0047130584716796875,0.761578541103821
TCGA-2F-A9KW,66,139,14,0.12631963193416595,21.348955154418945,21.364051818847656,0.015096664428710938,21.35585594177246,0.006900787353515625,0.008195877075195312,2.18767274737424
TCGA-2F-A9KW,67,139,14,0.1264674812555313,21.348955154418945,21.364009857177734,0.015054702758789062,21.354490280151367,0.005535125732421875,0.009519577026367188,2.7198483804272917
TCGA-2F-A9KW,68,139,14,0.1265280842781067,21.348955154418945,21.364009857177734,0.015054702758789062,21.355173110961914,0.00621795654296875,0.008836746215820312,2.4211656441717793
TCGA-2F-A9KW,69,139,14,0.4926048517227173,21.348955154418945,21.197294235229492,0.15166091918945312,21.354299545288086,0.005344390869140625,0.1463165283203125,28.377587437544612
TCGA-2F-A9KW,70,139,14,0.12657764554023743,21.348955154418945,21.364009857177734,0.015054702758789062,21.355600357055664,0.00664520263671875,0.008409500122070312,2.265499425947187
TCGA-2F-A9KW,71,139,14,0.47831135988235474,21.348955154418945,21.197294235229492,0.15166091918945312,21.361434936523438,0.012479782104492188,0.13918113708496094,12.152529420755005
TCGA-2F-A9KW,72,139,14,0.12647339701652527,21.348955154418945,21.364051818847656,0.015096664428710938,21.34972381591797,0.0007686614990234375,0.0143280029296875,19.640198511166254
TCGA-2F-A9KW,73,139,14,0.45281603932380676,21.348955154418945,21.197294235229492,0.15166091918945312,21.364500045776367,0.015544891357421875,0.13611602783203125,9.756319018404907
TCGA-2F-A9KW,74,139,14,0.12660306692123413,21.348955154418945,21.364051818847656,0.015096664428710938,21.328765869140625,0.020189285278320312,-0.005092620849609375,0.7477562588568729
TCGA-2F-A9KW,75,139,14,0.12656031548976898,21.348955154418945,21.364051818847656,0.015096664428710938,21.354703903198242,0.005748748779296875,0.009347915649414062,2.626078301260783
TCGA-2F-A9KW,76,139,14,0.19113177061080933,21.348955154418945,21.196584701538086,0.15237045288085938,21.33968162536621,0.009273529052734375,0.143096923828125,16.430686960098726
TCGA-2F-A9KW,77,139,14,0.12663231790065765,21.348955154418945,21.364009857177734,0.015054702758789062,21.348634719848633,0.0003204345703125,0.014734268188476562,46.982142857142854
TCGA-2F-A9KW,78,139,14,0.1267455667257309,21.348955154418945,21.364009857177734,0.015054702758789062,21.33077049255371,0.018184661865234375,-0.0031299591064453125,0.827879169288861
TCGA-2F-A9KW,79,139,14,0.12672893702983856,21.348955154418945,21.364107131958008,0.0151519775390625,21.356689453125,0.0077342987060546875,0.0074176788330078125,1.959062885326757
TCGA-2F-A9KW,80,139,14,0.12632647156715393,21.348955154418945,21.364051818847656,0.015096664428710938,21.33900260925293,0.009952545166015625,0.0051441192626953125,1.5168646991184362
TCGA-2F-A9KW,81,139,14,0.12653887271881104,21.348955154418945,21.364009857177734,0.015054702758789062,21.357986450195312,0.009031295776367188,0.006023406982421875,1.666948257655755
TCGA-2F-A9KW,82,139,14,0.324922651052475,21.348955154418945,21.197294235229492,0.15166091918945312,21.358983993530273,0.010028839111328125,0.141632080078125,15.122480030429822
TCGA-2F-A9KW,83,139,14,0.1267724633216858,21.348955154418945,21.364009857177734,0.015054702758789062,21.34123420715332,0.007720947265625,0.0073337554931640625,1.9498517786561265
TCGA-2F-A9KW,84,139,14,0.12669633328914642,21.348955154418945,21.364009857177734,0.015054702758789062,21.346803665161133,0.0021514892578125,0.012903213500976562,6.997340425531915
TCGA-2F-A9KW,85,139,14,0.12675818800926208,21.348955154418945,21.364107131958008,0.0151519775390625,21.37087059020996,0.021915435791015625,-0.006763458251953125,0.6913838120104439
TCGA-2F-A9KW,86,139,14,0.12656041979789734,21.348955154418945,21.364009857177734,0.015054702758789062,21.361045837402344,0.012090682983398438,0.002964019775390625,1.245149077141505
TCGA-2F-A9KW,87,139,14,0.12683065235614777,21.348955154418945,21.364107131958008,0.0151519775390625,21.371084213256836,0.022129058837890625,-0.006977081298828125,0.6847095328391657
TCGA-2F-A9KW,88,139,14,0.12637783586978912,21.348955154418945,21.364051818847656,0.015096664428710938,21.33949851989746,0.009456634521484375,0.0056400299072265625,1.5964098426784994
TCGA-2F-A9KW,89,139,14,0.1266387701034546,21.348955154418945,21.364051818847656,0.015096664428710938,21.34778594970703,0.0011692047119140625,0.013927459716796875,12.911908646003262
TCGA-2F-A9KW,90,139,14,0.39190664887428284,21.348955154418945,21.197294235229492,0.15166091918945312,21.330156326293945,0.018798828125,0.13286209106445312,8.067573051948052
TCGA-2F-A9KW,91,139,14,0.4697732925415039,21.348955154418945,21.197294235229492,0.15166091918945312,21.356843948364258,0.0078887939453125,0.14377212524414062,19.224854932301742
TCGA-2F-A9KW,92,139,14,0.26547369360923767,21.348955154418945,21.197294235229492,0.15166091918945312,21.364898681640625,0.015943527221679688,0.13571739196777344,9.512381863859313
TCGA-2F-A9KW,93,139,14,0.12668386101722717,21.348955154418945,21.364051818847656,0.015096664428710938,21.34840965270996,0.000545501708984375,0.014551162719726562,27.674825174825173
TCGA-2F-A9KW,94,139,14,0.12651865184307098,21.348955154418945,21.364009857177734,0.015054702758789062,21.361967086791992,0.013011932373046875,0.0020427703857421875,1.1569920844327177
TCGA-2F-A9KW,95,139,14,0.1267070472240448,21.348955154418945,21.364009857177734,0.015054702758789062,21.365095138549805,0.016139984130859375,-0.0010852813720703125,0.9327582131883716
TCGA-2F-A9KW,96,139,14,0.24283485114574432,21.348955154418945,21.196584701538086,0.15237045288085938,21.34834098815918,0.000614166259765625,0.15175628662109375,248.09316770186336
TCGA-2F-A9KW,97,139,14,0.12652021646499634,21.348955154418945,21.364051818847656,0.015096664428710938,21.35251808166504,0.00356292724609375,0.011533737182617188,4.237152034261242
TCGA-2F-A9KW,98,139,14,0.12668442726135254,21.348955154418945,21.364051818847656,0.015096664428710938,21.360673904418945,0.01171875,0.0033779144287109375,1.2882486979166667
TCGA-2F-A9KW,99,139,14,0.1259399950504303,21.348955154418945,21.364051818847656,0.015096664428710938,21.352323532104492,0.003368377685546875,0.011728286743164062,4.481879954699886
TCGA-2F-A9KW,100,139,14,0.34809938073158264,21.348955154418945,21.197294235229492,0.15166091918945312,21.3604793548584,0.011524200439453125,0.14013671875,13.16021185038067
TCGA-2F-A9KW,101,139,14,0.46583980321884155,21.348955154418945,21.197294235229492,0.15166091918945312,21.356311798095703,0.0073566436767578125,0.1443042755126953,20.61550427793622
TCGA-2F-A9KW,102,139,14,0.41606417298316956,21.348955154418945,21.197294235229492,0.15166091918945312,21.361692428588867,0.012737274169921875,0.13892364501953125,11.906858340820605
TCGA-2F-A9KW,103,139,14,0.12623415887355804,21.348955154418945,21.364051818847656,0.015096664428710938,21.349931716918945,0.0009765625,0.014120101928710938,15.458984375
TCGA-2F-A9KW,104,139,14,0.1272512674331665,21.348955154418945,21.364107131958008,0.0151519775390625,21.347333908081055,0.001621246337890625,0.013530731201171875,9.345882352941176
TCGA-2F-A9KW,105,139,14,0.4394083023071289,21.348955154418945,21.197294235229492,0.15166091918945312,21.3485050201416,0.00045013427734375,0.15121078491210938,336.9237288135593
TCGA-2F-A9KW,106,139,14,0.1266457885503769,21.348955154418945,21.364009857177734,0.015054702758789062,21.357715606689453,0.008760452270507812,0.00629425048828125,1.7184846505551927
TCGA-2F-A9KW,107,139,14,0.12661868333816528,21.348955154418945,21.364009857177734,0.015054702758789062,21.34630012512207,0.002655029296875,0.012399673461914062,5.670258620689655
TCGA-2F-A9KW,108,139,14,0.1266404390335083,21.348955154418945,21.364009857177734,0.015054702758789062,21.347841262817383,0.0011138916015625,0.013940811157226562,13.51541095890411
TCGA-2F-A9KW,109,139,14,0.12651194632053375,21.348955154418945,21.364009857177734,0.015054702758789062,21.34119415283203,0.0077610015869140625,0.007293701171875,1.9397886458589333
TCGA-2F-A9KW,110,139,14,0.37007832527160645,21.348955154418945,21.197294235229492,0.15166091918945312,21.35584831237793,0.006893157958984375,0.14476776123046875,22.001660210293302
TCGA-2F-A9KW,111,139,14,0.1265496164560318,21.348955154418945,21.364009857177734,0.015054702758789062,21.347084045410156,0.0018711090087890625,0.01318359375,8.045871559633028
TCGA-2F-A9KW,112,139,14,0.5113414525985718,21.348955154418945,21.197675704956055,0.15127944946289062,21.36176872253418,0.012813568115234375,0.13846588134765625,11.806192319142601
TCGA-2F-A9KW,113,139,14,0.2527896761894226,21.348955154418945,21.197614669799805,0.15134048461914062,21.36094856262207,0.011993408203125,0.13934707641601562,12.618638676844784
TCGA-2F-A9KW,114,139,14,0.2783285677433014,21.348955154418945,21.197294235229492,0.15166091918945312,21.32084083557129,0.02811431884765625,0.12354660034179688,5.394436906377205
TCGA-2F-A9KW,115,139,14,0.4609416723251343,21.348955154418945,21.197294235229492,0.15166091918945312,21.342321395874023,0.006633758544921875,0.14502716064453125,22.86198964922369
TCGA-2F-A9KW,116,139,14,0.12698212265968323,21.348955154418945,21.364107131958008,0.0151519775390625,21.36330223083496,0.014347076416015625,0.000804901123046875,1.0561021005051847
TCGA-2F-A9KW,117,139,14,0.12648503482341766,21.348955154418945,21.364009857177734,0.015054702758789062,21.369482040405273,0.020526885986328125,-0.0054721832275390625,0.7334138635941275
TCGA-2F-A9KW,118,139,14,0.12663675844669342,21.348955154418945,21.364051818847656,0.015096664428710938,21.339021682739258,0.0099334716796875,0.0051631927490234375,1.5197772657450077
TCGA-2F-A9KW,119,139,14,0.12661585211753845,21.348955154418945,21.364009857177734,0.015054702758789062,21.34625244140625,0.0027027130126953125,0.01235198974609375,5.570218772053634
TCGA-2F-A9KW,120,139,14,0.12669023871421814,21.348955154418945,21.364009857177734,0.015054702758789062,21.34601402282715,0.002941131591796875,0.012113571166992188,5.118677042801556
TCGA-2F-A9KW,121,139,14,0.4689846336841583,21.348955154418945,21.197294235229492,0.15166091918945312,21.339632034301758,0.0093231201171875,0.14233779907226562,16.267184942716856
TCGA-2F-A9KW,122,139,14,0.12653137743473053,21.348955154418945,21.364051818847656,0.015096664428710938,21.35445213317871,0.005496978759765625,0.009599685668945312,2.7463566967383763
TCGA-2F-A9KW,123,139,14,0.1268247812986374,21.348955154418945,21.364009857177734,0.015054702758789062,21.36268424987793,0.013729095458984375,0.0013256072998046875,1.0965545984995833
TCGA-2F-A9KW,124,139,14,0.126614511013031,21.348955154418945,21.364009857177734,0.015054702758789062,21.358448028564453,0.009492874145507812,0.00556182861328125,1.5858951175406872
TCGA-2F-A9KW,125,139,14,0.18126873672008514,21.348955154418945,21.196584701538086,0.15237045288085938,21.36199378967285,0.01303863525390625,0.13933181762695312,11.68607372732592
TCGA-2F-A9KW,126,139,14,0.2558114230632782,21.348955154418945,21.1977596282959,0.15119552612304688,21.35453224182129,0.00557708740234375,0.14561843872070312,27.110123119015046
TCGA-2F-A9KW,127,139,14,0.4722370505332947,21.348955154418945,21.197294235229492,0.15166091918945312,21.357969284057617,0.009014129638671875,0.14264678955078125,16.82479898434194
TCGA-2F-A9KW,128,139,14,0.3422311842441559,21.348955154418945,21.197294235229492,0.15166091918945312,21.351436614990234,0.0024814605712890625,0.14917945861816406,61.11760184473482
TCGA-2F-A9KW,129,139,14,0.1264154016971588,21.348955154418945,21.364051818847656,0.015096664428710938,21.337568283081055,0.011386871337890625,0.0037097930908203125,1.3257956448911223
TCGA-2F-A9KW,130,139,14,0.12667015194892883,21.348955154418945,21.364051818847656,0.015096664428710938,21.34851837158203,0.0004367828369140625,0.014659881591796875,34.56331877729258
TCGA-2F-A9KW,131,139,14,0.12670113146305084,21.348955154418945,21.364051818847656,0.015096664428710938,21.339773178100586,0.009181976318359375,0.0059146881103515625,1.6441628583298713
TCGA-2F-A9KW,132,139,14,0.12673664093017578,21.348955154418945,21.364051818847656,0.015096664428710938,21.34058380126953,0.008371353149414062,0.006725311279296875,1.8033720665299613
TCGA-2F-A9KW,133,139,14,0.4733331799507141,21.348955154418945,21.197294235229492,0.15166091918945312,21.354873657226562,0.0059185028076171875,0.14574241638183594,25.624879149210443
TCGA-2F-A9KW,134,139,14,0.12659013271331787,21.348955154418945,21.364009857177734,0.015054702758789062,21.335134506225586,0.013820648193359375,0.0012340545654296875,1.089290643113442
TCGA-2F-A9KW,135,139,14,0.1265358179807663,21.348955154418945,21.364009857177734,0.015054702758789062,21.354772567749023,0.005817413330078125,0.009237289428710938,2.5878688524590165
TCGA-2F-A9KW,136,139,14,0.12688492238521576,21.348955154418945,21.364107131958008,0.0151519775390625,21.32021141052246,0.028743743896484375,-0.013591766357421875,0.5271400132714001
TCGA-2F-A9KW,137,139,14,0.1266515851020813,21.348955154418945,21.364009857177734,0.015054702758789062,21.32822608947754,0.02072906494140625,-0.0056743621826171875,0.7262605815237394
TCGA-2F-A9KW,138,139,14,0.12665612995624542,21.348955154418945,21.364051818847656,0.015096664428710938,21.354520797729492,0.005565643310546875,0.009531021118164062,2.7124742974640164
TCGA-2F-A9KW,139,139,14,0.4689338803291321,21.348955154418945,21.197294235229492,0.15166091918945312,21.338376998901367,0.010578155517578125,0.141082763671875,14.337179949513162
TCGA-2F-A9KW,140,139,14,0.4655764400959015,21.348955154418945,21.197294235229492,0.15166091918945312,21.36210823059082,0.013153076171875,0.13850784301757812,11.530452436194896
TCGA-2F-A9KW,141,139,14,0.12671305239200592,21.348955154418945,21.364009857177734,0.015054702758789062,21.341089248657227,0.00786590576171875,0.0071887969970703125,1.9139185257032008
TCGA-2F-A9KW,142,139,14,0.4022301435470581,21.348955154418945,21.197294235229492,0.15166091918945312,21.335073471069336,0.013881683349609375,0.13777923583984375,10.925254190711733
TCGA-2F-A9KW,143,139,14,0.23974691331386566,21.348955154418945,21.196584701538086,0.15237045288085938,21.35249900817871,0.003543853759765625,0.14882659912109375,42.9956942949408
TCGA-2F-A9KW,144,139,14,0.12670336663722992,21.348955154418945,21.364009857177734,0.015054702758789062,21.348466873168945,0.00048828125,0.014566421508789062,30.83203125
TCGA-2F-A9KW,145,139,14,0.1270315796136856,21.348955154418945,21.364107131958008,0.0151519775390625,21.347869873046875,0.0010852813720703125,0.014066696166992188,13.961335676625659
TCGA-2F-A9KW,146,139,14,0.12657466530799866,21.348955154418945,21.364009857177734,0.015054702758789062,21.36533546447754,0.01638031005859375,-0.0013256072998046875,0.9190731252911039
TCGA-2F-A9KW,147,139,14,0.12662838399410248,21.348955154418945,21.364009857177734,0.015054702758789062,21.362829208374023,0.013874053955078125,0.0011806488037109375,1.0850976079186143
TCGA-2F-A9KW,148,139,14,0.12656043469905853,21.348955154418945,21.364009857177734,0.015054702758789062,21.331798553466797,0.017156600952148438,-0.002101898193359375,0.8774874930516954
TCGA-2F-A9KW,149,139,14,0.4789389669895172,21.348955154418945,21.197294235229492,0.15166091918945312,21.34308433532715,0.005870819091796875,0.14579010009765625,25.833008447043536
TCGA-2F-A9KW,150,139,14,0.41139495372772217,21.348955154418945,21.197294235229492,0.15166091918945312,21.35502052307129,0.00606536865234375,0.14559555053710938,25.00440251572327
TCGA-2F-A9KW,151,139,14,0.1266734004020691,21.348955154418945,21.364009857177734,0.015054702758789062,21.346372604370117,0.002582550048828125,0.012472152709960938,5.829394387001477
TCGA-2F-A9KW,152,139,14,0.12669982016086578,21.348955154418945,21.364051818847656,0.015096664428710938,21.363489151000977,0.01453399658203125,0.0005626678466796875,1.038713910761155
TCGA-2F-A9KW,153,139,14,0.4553622007369995,21.348955154418945,21.197294235229492,0.15166091918945312,21.35649299621582,0.007537841796875,0.14412307739257812,20.11993927125506
TCGA-2F-A9KW,154,139,14,0.41887423396110535,21.348955154418945,21.197294235229492,0.15166091918945312,21.35384178161621,0.004886627197265625,0.1467742919921875,31.03590944574551
TCGA-2F-A9KW,155,139,14,0.3092295825481415,21.348955154418945,21.197294235229492,0.15166091918945312,21.367361068725586,0.018405914306640625,0.1332550048828125,8.23979274611399
TCGA-2F-A9KW,156,139,14,0.1266639232635498,21.348955154418945,21.364051818847656,0.015096664428710938,21.357194900512695,0.00823974609375,0.0068569183349609375,1.8321759259259258
TCGA-2F-A9KW,157,139,14,0.12663587927818298,21.348955154418945,21.364051818847656,0.015096664428710938,21.33750343322754,0.01145172119140625,0.0036449432373046875,1.3182878081279148
TCGA-2F-A9KW,158,139,14,0.47511690855026245,21.348955154418945,21.197294235229492,0.15166091918945312,21.358386993408203,0.009431838989257812,0.1422290802001953,16.079676440849344
TCGA-2F-A9KW,159,139,14,0.5139275789260864,21.348955154418945,21.197675704956055,0.15127944946289062,21.346567153930664,0.00238800048828125,0.14889144897460938,63.349840255591054
TCGA-2F-A9KW,160,139,14,0.12682189047336578,21.348955154418945,21.364009857177734,0.015054702758789062,21.346574783325195,0.00238037109375,0.012674331665039062,6.324519230769231
TCGA-2F-A9KW,161,139,14,0.34910041093826294,21.348955154418945,21.197294235229492,0.15166091918945312,21.331865310668945,0.01708984375,0.13457107543945312,8.874330357142858
TCGA-2F-A9KW,162,139,14,0.12681987881660461,21.348955154418945,21.364107131958008,0.0151519775390625,21.353487014770508,0.0045318603515625,0.0106201171875,3.3434343434343434
TCGA-2F-A9KW,163,139,14,0.48313015699386597,21.348955154418945,21.197294235229492,0.15166091918945312,21.35902976989746,0.010074615478515625,0.1415863037109375,15.053767512305944
TCGA-2F-A9KW,164,139,14,0.12653538584709167,21.348955154418945,21.364009857177734,0.015054702758789062,21.354633331298828,0.0056781768798828125,0.00937652587890625,2.651326839099765
TCGA-2F-A9KW,165,139,14,0.3758324086666107,21.348955154418945,21.197294235229492,0.15166091918945312,21.362607955932617,0.013652801513671875,0.13800811767578125,11.10841017043867
TCGA-2F-A9KW,166,139,14,0.501682698726654,21.348955154418945,21.197294235229492,0.15166091918945312,21.338972091674805,0.009983062744140625,0.1416778564453125,15.19182269774551
TCGA-2F-A9KW,167,139,14,0.4668242633342743,21.348955154418945,21.197294235229492,0.15166091918945312,21.361120223999023,0.012165069580078125,0.139495849609375,12.466917529005958
TCGA-2F-A9KW,168,139,14,0.12675674259662628,21.348955154418945,21.364009857177734,0.015054702758789062,21.357667922973633,0.0087127685546875,0.0063419342041015625,1.7278896672504378
TCGA-2F-A9KW,169,139,14,0.3953764736652374,21.348955154418945,21.197294235229492,0.15166091918945312,21.361242294311523,0.012287139892578125,0.139373779296875,12.343061161130084
TCGA-2F-A9KW,170,139,14,0.12675493955612183,21.348955154418945,21.364009857177734,0.015054702758789062,21.345848083496094,0.0031070709228515625,0.0119476318359375,4.845303867403315
TCGA-2F-A9KW,171,139,14,0.1266605705022812,21.348955154418945,21.364051818847656,0.015096664428710938,21.345964431762695,0.00299072265625,0.012105941772460938,5.047831632653061
TCGA-2F-A9KW,172,139,14,0.32546547055244446,21.348955154418945,21.197294235229492,0.15166091918945312,21.35426902770996,0.005313873291015625,0.1463470458984375,28.540559942569992
TCGA-2F-A9KW,173,139,14,0.12660463154315948,21.348955154418945,21.364009857177734,0.015054702758789062,21.32603645324707,0.022918701171875,-0.007863998413085938,0.6568741677762983
TCGA-2F-A9KW,174,139,14,0.12659385800361633,21.348955154418945,21.364009857177734,0.015054702758789062,21.3358097076416,0.01314544677734375,0.0019092559814453125,1.145240858966918
TCGA-2F-A9KW,175,139,14,0.12656021118164062,21.348955154418945,21.364051818847656,0.015096664428710938,21.357603073120117,0.008647918701171875,0.0064487457275390625,1.7456991618879576
TCGA-2F-A9KW,176,139,14,0.12673574686050415,21.348955154418945,21.364051818847656,0.015096664428710938,21.356164932250977,0.00720977783203125,0.007886886596679688,2.0939153439153437
TCGA-2F-A9KW,177,139,14,0.12696082890033722,21.348955154418945,21.364107131958008,0.0151519775390625,21.339435577392578,0.009519577026367188,0.0056324005126953125,1.5916649969945902
TCGA-2F-A9KW,178,139,14,0.12652719020843506,21.348955154418945,21.364009857177734,0.015054702758789062,21.35002326965332,0.001068115234375,0.013986587524414062,14.094642857142857
TCGA-2F-A9KW,179,139,14,0.46889016032218933,21.348955154418945,21.197294235229492,0.15166091918945312,21.360774993896484,0.011819839477539062,0.13984107971191406,12.831047280942391
TCGA-2F-A9KW,180,139,14,0.3935905694961548,21.348955154418945,21.197294235229492,0.15166091918945312,21.355838775634766,0.0068836212158203125,0.1447772979736328,22.03214186755334
TCGA-2F-A9KW,181,139,14,0.12659873068332672,21.348955154418945,21.364051818847656,0.015096664428710938,21.323354721069336,0.025600433349609375,-0.010503768920898438,0.5897034719117866
TCGA-2F-A9KW,182,139,14,0.27452364563941956,21.348955154418945,21.197294235229492,0.15166091918945312,21.350515365600586,0.001560211181640625,0.1501007080078125,97.20537897310514
TCGA-2F-A9KW,183,139,14,0.3102834224700928,21.348955154418945,21.197294235229492,0.15166091918945312,21.360939025878906,0.011983871459960938,0.1396770477294922,12.655419385643802
TCGA-2F-A9KW,184,139,14,0.12659965455532074,21.348955154418945,21.364051818847656,0.015096664428710938,21.3405704498291,0.00838470458984375,0.0067119598388671875,1.8005004549590538
TCGA-2F-A9KW,185,139,14,0.12690369784832,21.348955154418945,21.364107131958008,0.0151519775390625,21.353002548217773,0.004047393798828125,0.011104583740234375,3.7436380772855795
TCGA-4Z-AA7M,0,94,10,0.10882815718650818,-10.559679985046387,-10.621971130371094,0.06229114532470703,-10.229177474975586,0.3305025100708008,-0.26821136474609375,0.18847404611651186
TCGA-4Z-AA7M,1,94,10,0.18244940042495728,-10.559679985046387,-5.185009002685547,5.37467098236084,-10.622298240661621,0.06261825561523438,5.3120527267456055,85.83233323180018
TCGA-4Z-AA7M,2,94,10,0.10859283059835434,-10.559679985046387,-10.621971130371094,0.06229114532470703,-10.621871948242188,0.06219196319580078,9.918212890625e-05,1.0015947740481193
TCGA-4Z-AA7M,3,94,10,0.10822190344333649,-10.559679985046387,-10.621971130371094,0.06229114532470703,-10.621869087219238,0.06218910217285156,0.00010204315185546875,1.0016408526299647
TCGA-4Z-AA7M,4,94,10,0.9254145622253418,-10.559679985046387,-5.183559417724609,5.376120567321777,-10.622130393981934,0.062450408935546875,5.3136701583862305,86.08623480544865
TCGA-4Z-AA7M,5,94,10,0.10888068377971649,-10.559679985046387,-10.621971130371094,0.06229114532470703,-10.62168025970459,0.062000274658203125,0.00029087066650390625,1.0046914415800159
TCGA-4Z-AA7M,6,94,10,0.10885446518659592,-10.559679985046387,-10.621971130371094,0.06229114532470703,-10.621821403503418,0.06214141845703125,0.00014972686767578125,1.0024094536525476
TCGA-4Z-AA7M,7,94,10,0.24370668828487396,-10.559679985046387,-5.185009002685547,5.37467098236084,-10.253540992736816,0.3061389923095703,5.0685319900512695,17.55630977228124
TCGA-4Z-AA7M,8,94,10,0.10888481140136719,-10.559679985046387,-10.621971130371094,0.06229114532470703,-10.621893882751465,0.062213897705078125,7.724761962890625e-05,1.0012416457170887
TCGA-4Z-AA7M,9,94,10,0.10789638757705688,-10.559679985046387,-10.62185287475586,0.062172889709472656,-10.621776580810547,0.062096595764160156,7.62939453125e-05,1.0012286332990339
TCGA-4Z-AA7M,10,94,10,0.10845988243818283,-10.559679985046387,-10.621971130371094,0.06229114532470703,-10.622550964355469,0.06287097930908203,-0.000579833984375,0.9907773985589685
TCGA-4Z-AA7M,11,94,10,0.11245428770780563,-10.559679985046387,-5.185009002685547,5.37467098236084,-10.25310230255127,0.3065776824951172,5.068093299865723,17.531187980215883
TCGA-4Z-AA7M,12,94,10,0.10895366966724396,-10.559679985046387,-10.621979713439941,0.06229972839355469,-10.253174781799316,0.3065052032470703,-0.24420547485351562,0.20325830600446804
TCGA-4Z-AA7M,13,94,10,0.10807416588068008,-10.559679985046387,-10.621971130371094,0.06229114532470703,-10.621596336364746,0.061916351318359375,0.00037479400634765625,1.0060532314706425
TCGA-4Z-AA7M,14,94,10,0.11923322826623917,-10.559679985046387,-5.185009002685547,5.37467098236084,-10.62174129486084,0.062061309814453125,5.312609672546387,86.6026031102096
TCGA-4Z-AA7M,15,94,10,0.25523656606674194,-10.559679985046387,-5.185009002685547,5.37467098236084,-10.621699333190918,0.06201934814453125,5.312651634216309,86.66119756427605
TCGA-4Z-AA7M,16,94,10,0.10798908025026321,-10.559679985046387,-10.62185287475586,0.062172889709472656,-10.62189769744873,0.06221771240234375,-4.482269287109375e-05,0.9992795830778664
TCGA-4Z-AA7M,17,94,10,0.10770971328020096,-10.559679985046387,-10.62185287475586,0.062172889709472656,-10.622127532958984,0.062447547912597656,-0.000274658203125,0.9956017776148807
TCGA-4Z-AA7M,18,94,10,0.10815174132585526,-10.559679985046387,-10.62185287475586,0.062172889709472656,-10.6223783493042,0.0626983642578125,-0.0005254745483398438,0.9916190070576782
TCGA-4Z-AA7M,19,94,10,0.1088138222694397,-10.559679985046387,-10.621971130371094,0.06229114532470703,-10.621893882751465,0.062213897705078125,7.724761962890625e-05,1.0012416457170887
TCGA-4Z-AA7M,20,94,10,0.389970064163208,-10.559679985046387,-5.184243679046631,5.375436305999756,-10.621780395507812,0.06210041046142578,5.31333589553833,86.56039897415421
TCGA-4Z-AA7M,21,94,10,0.16816346347332,-10.559679985046387,-5.185009002685547,5.37467098236084,-10.62165355682373,0.06197357177734375,5.312697410583496,86.72520928228487
TCGA-4Z-AA7M,22,94,10,0.10866725444793701,-10.559679985046387,-10.621971130371094,0.06229114532470703,-10.621867179870605,0.06218719482421875,0.00010395050048828125,1.001671574039995
TCGA-4Z-AA7M,23,94,10,0.3882361948490143,-10.559679985046387,-5.184969425201416,5.374710559844971,-10.253231048583984,0.30644893646240234,5.068261623382568,17.538682371979398
TCGA-4Z-AA7M,24,94,10,0.9746814966201782,-10.559679985046387,-5.183559417724609,5.376120567321777,-10.621851921081543,0.06217193603515625,5.313948631286621,86.4718216959136
TCGA-4Z-AA7M,25,94,10,0.12064539641141891,-10.559679985046387,-5.185009002685547,5.37467098236084,-10.622040748596191,0.06236076354980469,5.312310218811035,86.18674109191008
TCGA-4Z-AA7M,26,94,10,0.1626768559217453,-10.559679985046387,-5.185009002685547,5.37467098236084,-10.621835708618164,0.062155723571777344,5.3125152587890625,86.47105485232068
TCGA-4Z-AA7M,27,94,10,0.9999882578849792,-10.559679985046387,-5.183474063873291,5.376205921173096,-10.622203826904297,0.06252384185791016,5.3136820793151855,85.98649349460807
TCGA-4Z-AA7M,28,94,10,0.10820776969194412,-10.559679985046387,-10.621971130371094,0.06229114532470703,-10.621979713439941,0.06229972839355469,-8.58306884765625e-06,0.999862229433916
TCGA-4Z-AA7M,29,94,10,0.10829325765371323,-10.559679985046387,-10.621971130371094,0.06229114532470703,-10.621749877929688,0.06206989288330078,0.00022125244140625,1.003564569409234
TCGA-4Z-AA7M,30,94,10,0.10889099538326263,-10.559679985046387,-10.621971130371094,0.06229114532470703,-10.62178897857666,0.06210899353027344,0.00018215179443359375,1.002932776464085
TCGA-4Z-AA7M,31,94,10,0.10885309427976608,-10.559679985046387,-10.621971130371094,0.06229114532470703,-10.621745109558105,0.06206512451171875,0.00022602081298828125,1.003641671788568
TCGA-4Z-AA7M,32,94,10,0.108931764960289,-10.559679985046387,-10.621971130371094,0.06229114532470703,-10.622241020202637,0.06256103515625,-0.00026988983154296875,0.9956859756097561
TCGA-4Z-AA7M,33,94,10,0.10873497277498245,-10.559679985046387,-10.621971130371094,0.06229114532470703,-10.621817588806152,0.062137603759765625,0.00015354156494140625,1.0024709926944564
TCGA-4Z-AA7M,34,94,10,0.1434461921453476,-10.559679985046387,-5.185009002685547,5.37467098236084,-10.228524208068848,0.33115577697753906,5.043515205383301,16.230038417011766
TCGA-4Z-AA7M,35,94,10,0.844890296459198,-10.559679985046387,-5.183559417724609,5.376120567321777,-10.62189769744873,0.06221771240234375,5.313902854919434,86.40820049049663
TCGA-4Z-AA7M,36,94,10,0.4343879818916321,-10.559679985046387,-5.184097766876221,5.375582218170166,-10.621851921081543,0.06217193603515625,5.31341028213501,86.46316265799484
TCGA-4Z-AA7M,37,94,10,0.1071387380361557,-10.559679985046387,-10.62185287475586,0.062172889709472656,-10.22900104522705,0.33067893981933594,-0.2685060501098633,0.188015873473649
TCGA-4Z-AA7M,38,94,10,0.10887090861797333,-10.559679985046387,-10.621971130371094,0.06229114532470703,-10.228564262390137,0.33111572265625,-0.26882457733154297,0.188125
TCGA-4Z-AA7M,39,94,10,0.10894893109798431,-10.559679985046387,-10.621979713439941,0.06229972839355469,-10.621567726135254,0.06188774108886719,0.0004119873046875,1.0066570098930563
TCGA-4Z-AA7M,40,94,10,0.39986932277679443,-10.559679985046387,-5.184001922607422,5.375678062438965,-10.621901512145996,0.062221527099609375,5.3134565353393555,86.39579118386365
TCGA-4Z-AA7M,41,94,10,0.2753836214542389,-10.559679985046387,-5.185046672821045,5.374633312225342,-10.621713638305664,0.062033653259277344,5.3125996589660645,86.64060602333697
TCGA-4Z-AA7M,42,94,10,0.10877592116594315,-10.559679985046387,-10.621971130371094,0.06229114532470703,-10.622066497802734,0.062386512756347656,-9.5367431640625e-05,0.9984713453689408
TCGA-4Z-AA7M,43,94,10,0.10879682004451752,-10.559679985046387,-10.621971130371094,0.06229114532470703,-10.621788024902344,0.06210803985595703,0.00018310546875,1.0029481765834933
TCGA-4Z-AA7M,44,94,10,0.49668070673942566,-10.559679985046387,-5.183877944946289,5.375802040100098,-10.229093551635742,0.33058643341064453,5.045215606689453,16.26141153052835
TCGA-4Z-AA7M,45,94,10,0.10885303467512131,-10.559679985046387,-10.621971130371094,0.06229114532470703,-10.621935844421387,0.062255859375,3.528594970703125e-05,1.0005667892156862
TCGA-4Z-AA7M,46,94,10,0.10885826498270035,-10.559679985046387,-10.621971130371094,0.06229114532470703,-10.253158569335938,0.3065214157104492,-0.2442302703857422,0.20321955378005108
TCGA-4Z-AA7M,47,94,10,0.9999815225601196,-10.559679985046387,-5.183474063873291,5.376205921173096,-10.229022026062012,0.330657958984375,5.045547962188721,16.259115424550068
TCGA-4Z-AA7M,48,94,10,0.23246558010578156,-10.559679985046387,-5.184969425201416,5.374710559844971,-10.622011184692383,0.062331199645996094,5.312379360198975,86.22825471625943
TCGA-4Z-AA7M,49,94,10,0.11054319888353348,-10.559679985046387,-5.185009002685547,5.37467098236084,-10.228705406188965,0.3309745788574219,5.043696403503418,16.23892385002824
TCGA-4Z-AA7M,50,94,10,0.13048136234283447,-10.559679985046387,-5.185009002685547,5.37467098236084,-10.253522872924805,0.30615711212158203,5.068513870239258,17.555270707630775
TCGA-4Z-AA7M,51,94,10,0.22685308754444122,-10.559679985046387,-5.185009002685547,5.37467098236084,-10.622002601623535,0.06232261657714844,5.312348365783691,86.23949502677888
TCGA-4Z-AA7M,52,94,10,0.11357615143060684,-10.559679985046387,-5.185009002685547,5.37467098236084,-10.229498863220215,0.3301811218261719,5.044489860534668,16.277947547801976
TCGA-4Z-AA7M,53,94,10,0.20142553746700287,-10.559679985046387,-5.185009002685547,5.37467098236084,-10.228893280029297,0.33078670501708984,5.04388427734375,16.248146920182787
TCGA-4Z-AA7M,54,94,10,0.11383215337991714,-10.559679985046387,-5.185009002685547,5.37467098236084,-10.622015953063965,0.062335968017578125,5.312335014343262,86.22102380515268
TCGA-4Z-AA7M,55,94,10,0.10885464400053024,-10.559679985046387,-10.621971130371094,0.06229114532470703,-10.621577262878418,0.06189727783203125,0.00039386749267578125,1.0063632441760137
TCGA-4Z-AA7M,56,94,10,0.8893159627914429,-10.559679985046387,-5.183521747589111,5.376158237457275,-10.621828079223633,0.062148094177246094,5.314010143280029,86.50560099436832
TCGA-4Z-AA7M,57,94,10,0.9995464086532593,-10.559679985046387,-5.183608055114746,5.376071929931641,-10.62206745147705,0.06238746643066406,5.313684463500977,86.17230731602923
TCGA-4Z-AA7M,58,94,10,0.10815729945898056,-10.559679985046387,-10.62185287475586,0.062172889709472656,-10.622088432312012,0.062408447265625,-0.00023555755615234375,0.9962255501222493
TCGA-4Z-AA7M,59,94,10,0.10870131850242615,-10.559679985046387,-10.621971130371094,0.06229114532470703,-10.621825218200684,0.062145233154296875,0.00014591217041015625,1.0023479221656129
TCGA-4Z-AA7M,60,94,10,0.27800530195236206,-10.559679985046387,-5.185046672821045,5.374633312225342,-10.621894836425781,0.06221485137939453,5.312418460845947,86.38826892714258
TCGA-4Z-AA7M,61,94,10,0.1082131415605545,-10.559679985046387,-10.621971130371094,0.06229114532470703,-10.253227233886719,0.30645275115966797,-0.24416160583496094,0.20326508764886927
TCGA-4Z-AA7M,62,94,10,0.1079484075307846,-10.559679985046387,-5.185009002685547,5.37467098236084,-10.622159004211426,0.06247901916503906,5.312191963195801,86.0236132734988
TCGA-4Z-AA7M,63,94,10,0.8597314357757568,-10.559679985046387,-5.183694839477539,5.375985145568848,-10.252950668334961,0.3067293167114258,5.069255828857422,17.526805729582843
TCGA-4Z-AA7M,64,94,10,0.9999998211860657,-10.559679985046387,-5.18352746963501,5.376152515411377,-10.622276306152344,0.06259632110595703,5.31355619430542,85.88607797431327
TCGA-4Z-AA7M,65,94,10,0.10993462055921555,-10.559679985046387,-5.185009002685547,5.37467098236084,-10.622462272644043,0.06278228759765625,5.311888694763184,85.6080781382914
TCGA-4Z-AA7M,66,94,10,0.1088939905166626,-10.559679985046387,-10.621971130371094,0.06229114532470703,-10.622146606445312,0.06246662139892578,-0.00017547607421875,0.9971908825819453
TCGA-4Z-AA7M,67,94,10,0.1481442153453827,-10.559679985046387,-5.185009002685547,5.37467098236084,-10.622267723083496,0.06258773803710938,5.3120832443237305,85.87418479917109
TCGA-4Z-AA7M,68,94,10,0.10878250002861023,-10.559679985046387,-10.621971130371094,0.06229114532470703,-10.621968269348145,0.06228828430175781,2.86102294921875e-06,1.0000459319594575
TCGA-4Z-AA7M,69,94,10,0.5304691195487976,-10.559679985046387,-5.183477401733398,5.376202583312988,-10.621936798095703,0.062256813049316406,5.313945770263672,86.35524884729094
TCGA-4Z-AA7M,70,94,10,0.8837335109710693,-10.559679985046387,-5.183559417724609,5.376120567321777,-10.622025489807129,0.06234550476074219,5.313775062561035,86.23108575274574
TCGA-4Z-AA7M,71,94,10,0.10857580602169037,-10.559679985046387,-10.621971130371094,0.06229114532470703,-10.622178077697754,0.06249809265136719,-0.00020694732666015625,0.9966887417218543
TCGA-4Z-AA7M,72,94,10,0.10863762348890305,-10.559679985046387,-10.621971130371094,0.06229114532470703,-10.621572494506836,0.06189250946044922,0.0003986358642578125,1.0064407772076611
TCGA-4Z-AA7M,73,94,10,0.1078159362077713,-10.559679985046387,-10.62185287475586,0.062172889709472656,-10.621596336364746,0.061916351318359375,0.00025653839111328125,1.0041433060193456
TCGA-4Z-AA7M,74,94,10,0.1085953563451767,-10.559679985046387,-10.621971130371094,0.06229114532470703,-10.622224807739258,0.0625448226928711,-0.0002536773681640625,0.9959440708720247
TCGA-4Z-AA7M,75,94,10,0.10692527890205383,-10.559679985046387,-10.62185287475586,0.062172889709472656,-10.622065544128418,0.06238555908203125,-0.00021266937255859375,0.9965910480616363
TCGA-4Z-AA7M,76,94,10,0.24956265091896057,-10.559679985046387,-5.185009002685547,5.37467098236084,-10.253609657287598,0.30607032775878906,5.068600654602051,17.560248396886625
TCGA-4Z-AA7M,77,94,10,0.10886785387992859,-10.559679985046387,-10.621971130371094,0.06229114532470703,-10.62196159362793,0.06228160858154297,9.5367431640625e-06,1.0001531229424105
TCGA-4Z-AA7M,78,94,10,0.7917517423629761,-10.559679985046387,-5.1833624839782715,5.376317501068115,-10.621926307678223,0.06224632263183594,5.314071178436279,86.37164853684695
TCGA-4Z-AA7M,79,94,10,0.10882044583559036,-10.559679985046387,-10.621971130371094,0.06229114532470703,-10.621800422668457,0.06212043762207031,0.00017070770263671875,1.0027480119131689
TCGA-4Z-AA7M,80,94,10,0.10873495042324066,-10.559679985046387,-10.621971130371094,0.06229114532470703,-10.621975898742676,0.06229591369628906,-4.76837158203125e-06,0.9999234561097333
TCGA-4Z-AA7M,81,94,10,0.10865901410579681,-10.559679985046387,-10.621971130371094,0.06229114532470703,-10.62177848815918,0.06209850311279297,0.0001926422119140625,1.0031022037932888
TCGA-4Z-AA7M,82,94,10,0.10888219624757767,-10.559679985046387,-10.621971130371094,0.06229114532470703,-5.1838765144348145,5.375803470611572,-5.313512325286865,0.011587318186991042
TCGA-4Z-AA7M,83,94,10,0.14520399272441864,-10.559679985046387,-5.185009002685547,5.37467098236084,-10.621642112731934,0.061962127685546875,5.312708854675293,86.74122699008804
TCGA-4Z-AA7M,84,94,10,0.10877931863069534,-10.559679985046387,-10.621971130371094,0.06229114532470703,-10.6218843460083,0.06220436096191406,8.678436279296875e-05,1.0013951491736424
TCGA-4Z-AA7M,85,94,10,0.10890303552150726,-10.559679985046387,-10.621971130371094,0.06229114532470703,-10.622180938720703,0.0625009536743164,-0.000209808349609375,0.99664311762821
TCGA-4Z-AA7M,86,94,10,0.10875735431909561,-10.559679985046387,-10.621971130371094,0.06229114532470703,-10.229365348815918,0.33031463623046875,-0.2680234909057617,0.1885812449474535
TCGA-4Z-AA7M,87,94,10,0.6005292534828186,-10.559679985046387,-5.183665752410889,5.376014232635498,-10.621715545654297,0.062035560607910156,5.313978672027588,86.66020230902858
TCGA-4Z-AA7M,88,94,10,0.1088009923696518,-10.559679985046387,-10.621971130371094,0.06229114532470703,-10.621919631958008,0.062239646911621094,5.14984130859375e-05,1.0008274213566646
TCGA-4Z-AA7M,89,94,10,0.10886549949645996,-10.559679985046387,-10.621971130371094,0.06229114532470703,-10.621800422668457,0.06212043762207031,0.00017070770263671875,1.0027480119131689
TCGA-4Z-AA7M,90,94,10,0.15712769329547882,-10.559679985046387,-5.185009002685547,5.37467098236084,-10.622123718261719,0.06244373321533203,5.312227249145508,86.07222383432351
TCGA-4Z-AA7M,91,94,10,0.2976195216178894,-10.559679985046387,-5.184969425201416,5.374710559844971,-10.622774124145508,0.0630941390991211,5.31161642074585,85.18557565864054
TCGA-4Z-AA7M,92,94,10,0.10876252502202988,-10.559679985046387,-10.621971130371094,0.06229114532470703,-10.621817588806152,0.062137603759765625,0.00015354156494140625,1.0024709926944564
TCGA-4Z-AA7M,93,94,10,0.10860541462898254,-10.559679985046387,-10.621971130371094,0.06229114532470703,-10.621724128723145,0.06204414367675781,0.00024700164794921875,1.003981063051431
TCGA-4Z-AA7M,94,94,10,0.10881327092647552,-10.559679985046387,-10.621971130371094,0.06229114532470703,-10.621539115905762,0.061859130859375,0.00043201446533203125,1.0069838431179083
TCGA-4Z-AA7M,95,94,10,0.1067655012011528,-10.559679985046387,-5.185009002685547,5.37467098236084,-10.621975898742676,0.06229591369628906,5.312375068664551,86.2764612228652
TCGA-4Z-AA7M,96,94,10,0.2172311544418335,-10.559679985046387,-5.18493127822876,5.374748706817627,-10.622178077697754,0.06249809265136719,5.31225061416626,85.99860377819147
TCGA-4Z-AA7M,97,94,10,0.9999366402626038,-10.559679985046387,-5.183559417724609,5.376120567321777,-10.621957778930664,0.062277793884277344,5.3138427734375,86.32483959389309
TCGA-4Z-AA7M,98,94,10,0.12956871092319489,-10.559679985046387,-5.185009002685547,5.37467098236084,-10.621745109558105,0.06206512451171875,5.312605857849121,86.59728027043639
TCGA-4Z-AA7M,99,94,10,0.6633062958717346,-10.559679985046387,-5.183420181274414,5.376259803771973,-10.62204360961914,0.062363624572753906,5.313896179199219,86.2082638814552
TCGA-4Z-AA7M,100,94,10,0.10884973406791687,-10.559679985046387,-10.621971130371094,0.06229114532470703,-10.22872543334961,0.33095455169677734,-0.2686634063720703,0.18821661465402226
TCGA-4Z-AA7M,101,94,10,0.10836052894592285,-10.559679985046387,-10.62185287475586,0.062172889709472656,-10.622154235839844,0.06247425079345703,-0.000301361083984375,0.9951762353264437
TCGA-4Z-AA7M,102,94,10,0.1085829883813858,-10.559679985046387,-10.621971130371094,0.06229114532470703,-10.621582984924316,0.06190299987792969,0.00038814544677734375,1.0062702203050378
TCGA-4Z-AA7M,103,94,10,0.10882771015167236,-10.559679985046387,-10.621971130371094,0.06229114532470703,-10.229154586791992,0.33052539825439453,-0.2682342529296875,0.18846099468811042
TCGA-4Z-AA7M,104,94,10,0.10885444283485413,-10.559679985046387,-10.621971130371094,0.06229114532470703,-10.622153282165527,0.062473297119140625,-0.00018215179443359375,0.9970843255785553
TCGA-4Z-AA7M,105,94,10,0.10789661854505539,-10.559679985046387,-10.621971130371094,0.06229114532470703,-10.622554779052734,0.06287479400634766,-0.000583648681640625,0.9907172867782008
TCGA-4Z-AA7M,106,94,10,0.11803466826677322,-10.559679985046387,-5.185009002685547,5.37467098236084,-10.622164726257324,0.0624847412109375,5.312186241149902,86.01573565323565
TCGA-4Z-AA7M,107,94,10,0.10873879492282867,-10.559679985046387,-10.621971130371094,0.06229114532470703,-10.622086524963379,0.06240653991699219,-0.00011539459228515625,0.9981509214829304
TCGA-4Z-AA7M,108,94,10,0.19129548966884613,-10.559679985046387,-5.185009002685547,5.37467098236084,-10.622110366821289,0.062430381774902344,5.3122406005859375,86.09063134900632
TCGA-4Z-AA7M,109,94,10,0.10870558023452759,-10.559679985046387,-10.621971130371094,0.06229114532470703,-10.622485160827637,0.06280517578125,-0.0005140304565429688,0.9918154761904762
TCGA-4Z-AA7M,110,94,10,0.10690835118293762,-10.559679985046387,-10.62185287475586,0.062172889709472656,-10.621889114379883,0.062209129333496094,-3.62396240234375e-05,0.9994174548910794
TCGA-4Z-AA7M,111,94,10,0.10872223228216171,-10.559679985046387,-10.621971130371094,0.06229114532470703,-10.229087829589844,0.33059215545654297,-0.26830101013183594,0.18842293834432902
TCGA-4Z-AA7M,112,94,10,0.5053284168243408,-10.559679985046387,-5.183980464935303,5.375699520111084,-10.622037887573242,0.06235790252685547,5.3133416175842285,86.2071895025005
TCGA-4Z-AA7M,113,94,10,0.14059224724769592,-10.559679985046387,-5.185009002685547,5.37467098236084,-10.621453285217285,0.06177330017089844,5.312897682189941,87.00637601506777
TCGA-4Z-AA7M,114,94,10,0.10891633480787277,-10.559679985046387,-10.621971130371094,0.06229114532470703,-10.621779441833496,0.062099456787109375,0.00019168853759765625,1.003086798943424
TCGA-4Z-AA7M,115,94,10,0.3346318006515503,-10.559679985046387,-5.184916019439697,5.3747639656066895,-10.622074127197266,0.062394142150878906,5.3123698234558105,86.14212457011845
TCGA-4Z-AA7M,116,94,10,0.10895662754774094,-10.559679985046387,-10.621979713439941,0.06229972839355469,-10.621980667114258,0.062300682067871094,-9.5367431640625e-07,0.9999846923936504
TCGA-4Z-AA7M,117,94,10,0.8727555274963379,-10.559679985046387,-5.183559417724609,5.376120567321777,-10.621557235717773,0.06187725067138672,5.314243316650391,86.88363669990598
TCGA-4Z-AA7M,118,94,10,0.10889628529548645,-10.559679985046387,-10.621971130371094,0.06229114532470703,-10.228838920593262,0.330841064453125,-0.26854991912841797,0.1882811779356148
TCGA-4Z-AA7M,119,94,10,0.11338743567466736,-10.559679985046387,-5.185009002685547,5.37467098236084,-10.621692657470703,0.062012672424316406,5.312658309936523,86.67052672049212
TCGA-4Z-AA7M,120,94,10,0.10886669903993607,-10.559679985046387,-10.621971130371094,0.06229114532470703,-10.621683120727539,0.062003135681152344,0.0002880096435546875,1.004645081904176
TCGA-4Z-AA7M,121,94,10,0.2340645045042038,-10.559679985046387,-5.185009002685547,5.37467098236084,-10.621867179870605,0.06218719482421875,5.312483787536621,86.42729419703105
TCGA-4Z-AA7M,122,94,10,0.9979332685470581,-10.559679985046387,-5.183608055114746,5.376071929931641,-10.621927261352539,0.062247276306152344,5.313824653625488,86.36638016883455
TCGA-4Z-AA7M,123,94,10,0.10872264951467514,-10.559679985046387,-10.621971130371094,0.06229114532470703,-10.622516632080078,0.0628366470336914,-0.000545501708984375,0.9913187330206863
TCGA-4Z-AA7M,124,94,10,0.10881602764129639,-10.559679985046387,-10.621971130371094,0.06229114532470703,-10.621899604797363,0.06221961975097656,7.152557373046875e-05,1.0011495662303425
TCGA-4Z-AA7M,125,94,10,0.3709884285926819,-10.559679985046387,-5.184842586517334,5.374837398529053,-10.62221622467041,0.06253623962402344,5.312301158905029,85.9475630585293
TCGA-4Z-AA7M,126,94,10,0.9952532052993774,-10.559679985046387,-5.183559417724609,5.376120567321777,-10.621615409851074,0.0619354248046875,5.31418514251709,86.80202944074895
TCGA-4Z-AA7M,127,94,10,0.1308819204568863,-10.559679985046387,-5.185009002685547,5.37467098236084,-10.621848106384277,0.062168121337890625,5.312502861022949,86.45381051727311
TCGA-4Z-AA7M,128,94,10,0.10883406549692154,-10.559679985046387,-10.621971130371094,0.06229114532470703,-10.621794700622559,0.062114715576171875,0.00017642974853515625,1.0028403856783148
TCGA-4Z-AA7M,129,94,10,0.9907463788986206,-10.559679985046387,-5.183559417724609,5.376120567321777,-10.621670722961426,0.06199073791503906,5.314129829406738,86.72457770530137
TCGA-4Z-AA7M,130,94,10,0.10846877098083496,-10.559679985046387,-10.621971130371094,0.06229114532470703,-10.621774673461914,0.062094688415527344,0.0001964569091796875,1.003163827924621
TCGA-4Z-AA7M,131,94,10,0.10887714475393295,-10.559679985046387,-10.621971130371094,0.06229114532470703,-10.621804237365723,0.06212425231933594,0.00016689300537109375,1.0026864388566517
TCGA-4Z-AA7M,132,94,10,0.7679011225700378,-10.559679985046387,-5.183587551116943,5.376092433929443,-10.622023582458496,0.062343597412109375,5.313748836517334,86.23327265495931
TCGA-4Z-AA7M,133,94,10,0.14376023411750793,-10.559679985046387,-5.185009002685547,5.37467098236084,-10.621683120727539,0.062003135681152344,5.3126678466796875,86.6838575713297
TCGA-4Z-AA7M,134,94,10,0.10860651731491089,-10.559679985046387,-10.621971130371094,0.06229114532470703,-10.622132301330566,0.06245231628417969,-0.00016117095947265625,0.997419295727331
TCGA-4Z-AA7M,135,94,10,0.10662064701318741,-10.559679985046387,-10.62185287475586,0.062172889709472656,-10.622567176818848,0.06288719177246094,-0.0007143020629882812,0.9886415334688059
TCGA-4Z-AA7M,136,94,10,0.10887744277715683,-10.559679985046387,-10.621971130371094,0.06229114532470703,-10.2529296875,0.3067502975463867,-0.2444591522216797,0.20306792144280603
TCGA-4Z-AA7M,137,94,10,0.10873956978321075,-10.559679985046387,-10.621971130371094,0.06229114532470703,-10.228426933288574,0.3312530517578125,-0.26896190643310547,0.18804700815330047
TCGA-4Z-AA7M,138,94,10,0.10876060277223587,-10.559679985046387,-10.621971130371094,0.06229114532470703,-10.62235164642334,0.06267166137695312,-0.00038051605224609375,0.9939284192586281
TCGA-4Z-AA7M,139,94,10,0.10876863449811935,-10.559679985046387,-10.621971130371094,0.06229114532470703,-10.622031211853027,0.062351226806640625,-6.008148193359375e-05,0.9990364025695931
TCGA-4Z-AA7M,140,94,10,0.12387605756521225,-10.559679985046387,-5.185009002685547,5.37467098236084,-10.621747016906738,0.06206703186035156,5.312603950500488,86.59461909590978
TCGA-4Z-AA7M,141,94,10,0.10872586071491241,-10.559679985046387,-10.621971130371094,0.06229114532470703,-10.62163257598877,0.06195259094238281,0.00033855438232421875,1.0054647332286568
TCGA-4Z-AA7M,142,94,10,0.10865691304206848,-10.559679985046387,-10.621971130371094,0.06229114532470703,-10.253116607666016,0.3065633773803711,-0.24427223205566406,0.20319173756824438
TCGA-4Z-AA7M,143,94,10,0.10888194292783737,-10.559679985046387,-10.621971130371094,0.06229114532470703,-10.621976852416992,0.06229686737060547,-5.7220458984375e-06,0.9999081487378105
TCGA-4Z-AA7M,144,94,10,0.922050416469574,-10.559679985046387,-5.18356990814209,5.376110076904297,-10.621844291687012,0.062164306640625,5.313945770263672,86.48226558664703
TCGA-4Z-AA7M,145,94,10,0.10887560993432999,-10.559679985046387,-10.621971130371094,0.06229114532470703,-10.622002601623535,0.06232261657714844,-3.147125244140625e-05,0.9994950267788829
TCGA-4Z-AA7M,146,94,10,0.10802821815013885,-10.559679985046387,-10.62185287475586,0.062172889709472656,-10.252972602844238,0.30670738220214844,-0.24453449249267578,0.2027107703214492
TCGA-4Z-AA7M,147,94,10,0.10870818048715591,-10.559679985046387,-10.621971130371094,0.06229114532470703,-10.621678352355957,0.06199836730957031,0.00029277801513671875,1.0047223504076297
TCGA-4Z-AA7M,148,94,10,0.997126579284668,-10.559679985046387,-5.183608055114746,5.376071929931641,-10.228864669799805,0.33081531524658203,5.045256614685059,16.25097654842383
TCGA-4Z-AA7M,149,94,10,0.21294476091861725,-10.559679985046387,-5.185009002685547,5.37467098236084,-10.621922492980957,0.06224250793457031,5.3124284744262695,86.35048876903748
TCGA-4Z-AA7M,150,94,10,0.20440895855426788,-10.559679985046387,-5.185014724731445,5.374665260314941,-10.6216402053833,0.06196022033691406,5.312705039978027,86.74380483299984
TCGA-4Z-AA7M,151,94,10,0.10889559239149094,-10.559679985046387,-10.621971130371094,0.06229114532470703,-10.621870040893555,0.06219005584716797,0.0001010894775390625,1.0016254926316113
TCGA-4Z-AA7M,152,94,10,0.10840147733688354,-10.559679985046387,-10.621971130371094,0.06229114532470703,-10.622026443481445,0.062346458435058594,-5.53131103515625e-05,0.9991128107074569
TCGA-4Z-AA7M,153,94,10,0.13028046488761902,-10.559679985046387,-5.185009002685547,5.37467098236084,-10.621833801269531,0.06215381622314453,5.312517166137695,86.47370843754315
TCGA-4Z-AA7M,154,94,10,0.10788542032241821,-10.559679985046387,-10.62185287475586,0.062172889709472656,-10.622036933898926,0.06235694885253906,-0.00018405914306640625,0.9970482978007524
TCGA-4Z-AA7M,155,94,10,0.10884576290845871,-10.559679985046387,-10.621971130371094,0.06229114532470703,-10.62198543548584,0.062305450439453125,-1.430511474609375e-05,0.999770403477622
TCGA-4Z-AA7M,156,94,10,0.9994414448738098,-10.559679985046387,-5.183304309844971,5.376375675201416,-10.622151374816895,0.06247138977050781,5.313904285430908,86.06140658870943
TCGA-4Z-AA7M,157,94,10,0.10885674506425858,-10.559679985046387,-10.621971130371094,0.06229114532470703,-10.621901512145996,0.062221527099609375,6.961822509765625e-05,1.001118876831586
TCGA-4Z-AA7M,158,94,10,0.10700375586748123,-10.559679985046387,-10.62185287475586,0.062172889709472656,-10.62183666229248,0.06215667724609375,1.621246337890625e-05,1.0002608322081747
TCGA-4Z-AA7M,159,94,10,0.1088617593050003,-10.559679985046387,-10.621971130371094,0.06229114532470703,-10.622074127197266,0.062394142150878906,-0.000102996826171875,0.9983492548719908
TCGA-4Z-AA7M,160,94,10,0.10886389017105103,-10.559679985046387,-10.621971130371094,0.06229114532470703,-10.2289400100708,0.33073997497558594,-0.2684488296508789,0.18833872539690777
TCGA-4Z-AA7M,161,94,10,0.9998911023139954,-10.559679985046387,-5.183559417724609,5.376120567321777,-10.622100830078125,0.06242084503173828,5.313699722290039,86.12700716544697
TCGA-4Z-AA7M,162,94,10,0.10877407342195511,-10.559679985046387,-10.621971130371094,0.06229114532470703,-10.621683120727539,0.062003135681152344,0.0002880096435546875,1.004645081904176
TCGA-4Z-AA7M,163,94,10,0.9965832233428955,-10.559679985046387,-5.183608055114746,5.376071929931641,-10.621798515319824,0.0621185302734375,5.313953399658203,86.54538197003194
TCGA-4Z-AA7M,164,94,10,0.1088239923119545,-10.559679985046387,-10.621971130371094,0.06229114532470703,-10.228741645812988,0.33093833923339844,-0.2686471939086914,0.18822583526889405
TCGA-4Z-AA7M,165,94,10,0.9997055530548096,-10.559679985046387,-5.183608055114746,5.376071929931641,-10.622051239013672,0.062371253967285156,5.3137006759643555,86.19470650295867
TCGA-4Z-AA7M,166,94,10,0.15850110352039337,-10.559679985046387,-5.185009002685547,5.37467098236084,-10.622017860412598,0.06233787536621094,5.312333106994629,86.21838570510663
TCGA-4Z-AA7M,167,94,10,0.9999828934669495,-10.559679985046387,-5.1835103034973145,5.376169681549072,-10.621773719787598,0.06209373474121094,5.314075946807861,86.5815158961757
TCGA-4Z-AA7M,168,94,10,0.1800643354654312,-10.559679985046387,-5.185009002685547,5.37467098236084,-10.621854782104492,0.06217479705810547,5.312496185302734,86.44452795459775
TCGA-4Z-AA7M,169,94,10,0.41379132866859436,-10.559679985046387,-5.184816837310791,5.374863147735596,-10.22864818572998,0.33103179931640625,5.0438313484191895,16.236697377215425
TCGA-4Z-AA7M,170,94,10,0.10863900929689407,-10.559679985046387,-10.621971130371094,0.06229114532470703,-10.62195110321045,0.0622711181640625,2.002716064453125e-05,1.0003216123499143
TCGA-4Z-AA7M,171,94,10,0.5615274906158447,-10.559679985046387,-5.1838555335998535,5.375824451446533,-10.228713035583496,0.3309669494628906,5.044857501983643,16.242783335830616
TCGA-4Z-AA7M,172,94,10,0.10881893336772919,-10.559679985046387,-10.621971130371094,0.06229114532470703,-10.621793746948242,0.06211376190185547,0.0001773834228515625,1.002855782960495
TCGA-4Z-AA7M,173,94,10,0.10773163288831711,-10.559679985046387,-5.185009002685547,5.37467098236084,-10.622366905212402,0.06268692016601562,5.311984062194824,85.73831619302622
TCGA-4Z-AA7M,174,94,10,0.10883958637714386,-10.559679985046387,-10.621971130371094,0.06229114532470703,-10.621874809265137,0.06219482421875,9.632110595703125e-05,1.0015486997055938
TCGA-4Z-AA7M,175,94,10,0.10883636027574539,-10.559679985046387,-10.621971130371094,0.06229114532470703,-10.62166690826416,0.06198692321777344,0.00030422210693359375,1.0049078433182559
TCGA-4Z-AA7M,176,94,10,0.1088029071688652,-10.559679985046387,-10.621971130371094,0.06229114532470703,-10.622150421142578,0.062470436096191406,-0.000179290771484375,0.9971299900770934
TCGA-4Z-AA7M,177,94,10,0.10849655419588089,-10.559679985046387,-10.621971130371094,0.06229114532470703,-10.621866226196289,0.062186241149902344,0.0001049041748046875,1.0016869354517153
TCGA-4Z-AA7M,178,94,10,0.9998562932014465,-10.559679985046387,-5.18356990814209,5.376110076904297,-10.622617721557617,0.06293773651123047,5.313172340393066,85.41950147738466
TCGA-4Z-AA7M,179,94,10,0.25265270471572876,-10.559679985046387,-5.185014724731445,5.374665260314941,-10.228686332702637,0.33099365234375,5.043671607971191,16.237970795685044
TCGA-4Z-AA7M,180,94,10,0.10880835354328156,-10.559679985046387,-10.621971130371094,0.06229114532470703,-10.621858596801758,0.062178611755371094,0.0001125335693359375,1.0018098437092593
TCGA-4Z-AA7M,181,94,10,0.10847735404968262,-10.559679985046387,-10.621971130371094,0.06229114532470703,-10.621882438659668,0.06220245361328125,8.869171142578125e-05,1.001425855513308
TCGA-4Z-AA7M,182,94,10,0.21925194561481476,-10.559679985046387,-5.185009002685547,5.37467098236084,-10.621724128723145,0.06204414367675781,5.312626838684082,86.62656398905592
TCGA-4Z-AA7M,183,94,10,0.10700476169586182,-10.559679985046387,-10.62185287475586,0.062172889709472656,-10.622002601623535,0.06232261657714844,-0.00014972686767578125,0.9975975516449885
TCGA-4Z-AA7M,184,94,10,0.10881663113832474,-10.559679985046387,-10.621971130371094,0.06229114532470703,-10.622355461120605,0.06267547607421875,-0.00038433074951171875,0.9938679245283019
TCGA-4Z-AA7M,185,94,10,0.6043798923492432,-10.559679985046387,-5.183627605438232,5.376052379608154,-10.62161922454834,0.061939239501953125,5.314113140106201,86.79558261994211
TCGA-4Z-AA7N,0,147,15,0.6705455780029297,-25.3759708404541,-3.6767690181732178,21.699201822280884,-25.41254234313965,0.036571502685546875,21.662630319595337,593.3363473975174
TCGA-4Z-AA7N,1,147,15,0.11411833763122559,-25.3759708404541,-25.274688720703125,0.10128211975097656,-25.339712142944336,0.036258697509765625,0.06502342224121094,2.7933193056286165
TCGA-4Z-AA7N,2,147,15,0.11407735198736191,-25.3759708404541,-25.274688720703125,0.10128211975097656,-25.33633041381836,0.03964042663574219,0.061641693115234375,2.555020930568253
TCGA-4Z-AA7N,3,147,15,0.9902657866477966,-25.3759708404541,-3.6767690181732178,21.699201822280884,-25.621126174926758,0.24515533447265625,21.454046487808228,88.51205244608346
TCGA-4Z-AA7N,4,147,15,0.9961194396018982,-25.3759708404541,-3.6767690181732178,21.699201822280884,-25.41203498840332,0.03606414794921875,21.663137674331665,601.6834739263803
TCGA-4Z-AA7N,5,147,15,0.11405454576015472,-25.3759708404541,-25.274688720703125,0.10128211975097656,-25.405210494995117,0.029239654541015625,0.07204246520996094,3.4638617090671886
TCGA-4Z-AA7N,6,147,15,0.9999484419822693,-25.3759708404541,-3.6767690181732178,21.699201822280884,-25.401609420776367,0.025638580322265625,21.673563241958618,846.3495852551704
TCGA-4Z-AA7N,7,147,15,0.7770127058029175,-25.3759708404541,-3.6767690181732178,21.699201822280884,-25.41118812561035,0.03521728515625,21.663984537124634,616.1520323331889
TCGA-4Z-AA7N,8,147,15,0.11432287096977234,-25.3759708404541,-25.274688720703125,0.10128211975097656,-25.48439598083496,0.10842514038085938,-0.0071430206298828125,0.9341202547232875
TCGA-4Z-AA7N,9,147,15,0.9874624609947205,-25.3759708404541,-3.6767690181732178,21.699201822280884,-25.481876373291016,0.10590553283691406,21.59329628944397,204.89205087798288
TCGA-4Z-AA7N,10,147,15,0.11410735547542572,-25.3759708404541,-25.274688720703125,0.10128211975097656,-25.33422088623047,0.04174995422363281,0.05953216552734375,2.425921695828955
TCGA-4Z-AA7N,11,147,15,0.11412114650011063,-25.3759708404541,-25.274688720703125,0.10128211975097656,-25.33894920349121,0.037021636962890625,0.06426048278808594,2.7357547655847503
TCGA-4Z-AA7N,12,147,15,0.9999101161956787,-25.3759708404541,-3.6767690181732178,21.699201822280884,-25.336355209350586,0.039615631103515625,21.659586191177368,547.74343403948
TCGA-4Z-AA7N,13,147,15,0.11405477672815323,-25.3759708404541,-25.274688720703125,0.10128211975097656,-25.277185440063477,0.098785400390625,0.0024967193603515625,1.025274173617547
TCGA-4Z-AA7N,14,147,15,0.8236088752746582,-25.3759708404541,-3.6767690181732178,21.699201822280884,-25.2777042388916,0.0982666015625,21.600935220718384,220.81970351319876
TCGA-4Z-AA7N,15,147,15,0.4909711480140686,-25.3759708404541,-3.6767690181732178,21.699201822280884,-25.278337478637695,0.09763336181640625,21.601568460464478,222.25191695319216
TCGA-4Z-AA7N,16,147,15,0.11415040493011475,-25.3759708404541,-25.274688720703125,0.10128211975097656,-25.41014289855957,0.03417205810546875,0.06711006164550781,2.9638870283545433
TCGA-4Z-AA7N,17,147,15,0.598492443561554,-25.3759708404541,-3.6767690181732178,21.699201822280884,-25.41231346130371,0.036342620849609375,21.662859201431274,597.0731145691193
TCGA-4Z-AA7N,18,147,15,0.9998630285263062,-25.3759708404541,-3.6767690181732178,21.699201822280884,-25.276002883911133,0.09996795654296875,21.599233865737915,217.06157225444554
TCGA-4Z-AA7N,19,147,15,0.9999186992645264,-25.3759708404541,-3.6767690181732178,21.699201822280884,-25.4195556640625,0.04358482360839844,21.655616998672485,497.8614119732178
TCGA-4Z-AA7N,20,147,15,0.11438459157943726,-25.3759708404541,-25.274688720703125,0.10128211975097656,-25.279069900512695,0.09690093994140625,0.0043811798095703125,1.0452129753562711
TCGA-4Z-AA7N,21,147,15,0.11404190957546234,-25.3759708404541,-25.274688720703125,0.10128211975097656,-25.34052276611328,0.03544807434082031,0.06583404541015625,2.857196663976325
TCGA-4Z-AA7N,22,147,15,0.11392084509134293,-25.3759708404541,-25.27468490600586,0.10128593444824219,-25.34221839904785,0.03375244140625,0.06753349304199219,3.0008476491862566
TCGA-4Z-AA7N,23,147,15,0.11379861831665039,-25.3759708404541,-25.27468490600586,0.10128593444824219,-25.551929473876953,0.17595863342285156,-0.07467269897460938,0.5756235569574973
TCGA-4Z-AA7N,24,147,15,0.11392101645469666,-25.3759708404541,-25.27468490600586,0.10128593444824219,-25.4124698638916,0.0364990234375,0.06478691101074219,2.77503135451505
TCGA-4Z-AA7N,25,147,15,0.11398181319236755,-25.3759708404541,-25.274688720703125,0.10128211975097656,-25.343421936035156,0.03254890441894531,0.06873321533203125,3.111690594784647
TCGA-4Z-AA7N,26,147,15,0.11397260427474976,-25.3759708404541,-25.274688720703125,0.10128211975097656,-25.276437759399414,0.0995330810546875,0.0017490386962890625,1.0175724359957075
TCGA-4Z-AA7N,27,147,15,0.11399619281291962,-25.3759708404541,-25.274688720703125,0.10128211975097656,-25.277143478393555,0.09882736206054688,0.0024547576904296875,1.0248388466437641
TCGA-4Z-AA7N,28,147,15,0.16751515865325928,-25.3759708404541,-3.6767690181732178,21.699201822280884,-25.2772274017334,0.09874343872070312,21.60045838356018,219.75335377631833
TCGA-4Z-AA7N,29,147,15,0.1448383331298828,-25.3759708404541,-3.6767690181732178,21.699201822280884,-25.397247314453125,0.021276473999023438,21.67792534828186,1019.8683213805468
TCGA-4Z-AA7N,30,147,15,0.11428277939558029,-25.3759708404541,-25.274688720703125,0.10128211975097656,-25.339643478393555,0.036327362060546875,0.06495475769042969,2.7880394833560853
TCGA-4Z-AA7N,31,147,15,0.998404324054718,-25.3759708404541,-3.6767690181732178,21.699201822280884,-25.339452743530273,0.036518096923828125,21.662683725357056,594.2040700407396
TCGA-4Z-AA7N,32,147,15,0.9998657703399658,-25.3759708404541,-3.6767690181732178,21.699201822280884,-25.276355743408203,0.09961509704589844,21.599586725234985,217.8304540754782
TCGA-4Z-AA7N,33,147,15,0.9999995827674866,-25.3759708404541,-3.6767690181732178,21.699201822280884,-25.341962814331055,0.034008026123046875,21.665193796157837,638.0611960179473
TCGA-4Z-AA7N,34,147,15,0.11408112943172455,-25.3759708404541,-25.274688720703125,0.10128211975097656,-25.401521682739258,0.02555084228515625,0.07573127746582031,3.9639444610331442
TCGA-4Z-AA7N,35,147,15,0.11395370215177536,-25.3759708404541,-25.274688720703125,0.10128211975097656,-25.342016220092773,0.033954620361328125,0.06732749938964844,2.9828670935849906
TCGA-4Z-AA7N,36,147,15,0.7321941256523132,-25.3759708404541,-3.6767690181732178,21.699201822280884,-25.463375091552734,0.08740425109863281,21.61179757118225,248.2625450081833
TCGA-4Z-AA7N,37,147,15,0.11412891000509262,-25.3759708404541,-25.274688720703125,0.10128211975097656,-25.342214584350586,0.033756256103515625,0.06752586364746094,3.00039552491807
TCGA-4Z-AA7N,38,147,15,0.9999545812606812,-25.3759708404541,-3.6767690181732178,21.699201822280884,-25.342864990234375,0.03310585021972656,21.666095972061157,655.4491631618367
TCGA-4Z-AA7N,39,147,15,0.11399209499359131,-25.3759708404541,-25.274688720703125,0.10128211975097656,-25.48152732849121,0.10555648803710938,-0.0042743682861328125,0.9595063423801091
TCGA-4Z-AA7N,40,147,15,0.999172568321228,-25.3759708404541,-3.6767690181732178,21.699201822280884,-25.393775939941406,0.017805099487304688,21.68139672279358,1218.7071371183717
TCGA-4Z-AA7N,41,147,15,0.8824945092201233,-25.3759708404541,-3.6767690181732178,21.699201822280884,-25.342260360717773,0.033710479736328125,21.665491342544556,643.6930590132398
TCGA-4Z-AA7N,42,147,15,0.11415976285934448,-25.3759708404541,-25.274688720703125,0.10128211975097656,-25.351192474365234,0.024778366088867188,0.07650375366210938,4.087522130705874
TCGA-4Z-AA7N,43,147,15,0.11388347297906876,-25.3759708404541,-25.27468490600586,0.10128593444824219,-25.544660568237305,0.16868972778320312,-0.06740379333496094,0.6004273987472015
TCGA-4Z-AA7N,44,147,15,0.11399645358324051,-25.3759708404541,-25.274688720703125,0.10128211975097656,-25.414894104003906,0.03892326354980469,0.062358856201171875,2.602097319547214
TCGA-4Z-AA7N,45,147,15,0.11399301886558533,-25.3759708404541,-25.274688720703125,0.10128211975097656,-25.342281341552734,0.03368949890136719,0.06759262084960938,3.0063409386853874
TCGA-4Z-AA7N,46,147,15,0.11406344175338745,-25.3759708404541,-25.274688720703125,0.10128211975097656,-25.350610733032227,0.025360107421875,0.07592201232910156,3.9937575210589653
TCGA-4Z-AA7N,47,147,15,0.11449570953845978,-25.3759708404541,-25.274688720703125,0.10128211975097656,-25.41008949279785,0.03411865234375,0.06716346740722656,2.9685263864042932
TCGA-4Z-AA7N,48,147,15,0.1146685853600502,-25.3759708404541,-25.274688720703125,0.10128211975097656,-25.474882125854492,0.09891128540039062,0.0023708343505859375,1.0239693007829072
TCGA-4Z-AA7N,49,147,15,0.11409108340740204,-25.3759708404541,-25.274688720703125,0.10128211975097656,-25.277090072631836,0.09888076782226562,0.0024013519287109375,1.024285328498129
TCGA-4Z-AA7N,50,147,15,0.6494447588920593,-25.3759708404541,-3.6767690181732178,21.699201822280884,-25.279279708862305,0.09669113159179688,21.602510690689087,224.4177047579595
TCGA-4Z-AA7N,51,147,15,0.11415725201368332,-25.3759708404541,-25.274688720703125,0.10128211975097656,-25.278444290161133,0.09752655029296875,0.0037555694580078125,1.0385081749198153
TCGA-4Z-AA7N,52,147,15,0.8334854245185852,-25.3759708404541,-3.6767690181732178,21.699201822280884,-25.33901023864746,0.036960601806640625,21.662241220474243,587.0900570234286
TCGA-4Z-AA7N,53,147,15,0.7145177125930786,-25.3759708404541,-3.6767690181732178,21.699201822280884,-25.343664169311523,0.032306671142578125,21.666895151138306,671.6631907545164
TCGA-4Z-AA7N,54,147,15,0.6902247667312622,-25.3759708404541,-3.6767690181732178,21.699201822280884,-25.398422241210938,0.022451400756835938,21.676750421524048,966.4965699600714
TCGA-4Z-AA7N,55,147,15,0.4143826961517334,-25.3759708404541,-3.6767690181732178,21.699201822280884,-25.412057876586914,0.0360870361328125,21.66311478614807,601.301856501057
TCGA-4Z-AA7N,56,147,15,0.11460298299789429,-25.3759708404541,-25.274688720703125,0.10128211975097656,-25.48242950439453,0.10645866394042969,-0.005176544189453125,0.951375078383947
TCGA-4Z-AA7N,57,147,15,0.11395269632339478,-25.3759708404541,-25.27468490600586,0.10128593444824219,-25.276357650756836,0.09961318969726562,0.0016727447509765625,1.016792402251752
TCGA-4Z-AA7N,58,147,15,0.11406878381967545,-25.3759708404541,-25.274688720703125,0.10128211975097656,-25.347280502319336,0.028690338134765625,0.07259178161621094,3.5301821566281077
TCGA-4Z-AA7N,59,147,15,0.11397141218185425,-25.3759708404541,-25.274688720703125,0.10128211975097656,-25.34328842163086,0.03268241882324219,0.06859970092773438,3.098978698570178
TCGA-4Z-AA7N,60,147,15,0.11408676207065582,-25.3759708404541,-25.274688720703125,0.10128211975097656,-25.27862548828125,0.09734535217285156,0.003936767578125,1.040441248505986
TCGA-4Z-AA7N,61,147,15,0.11403654515743256,-25.3759708404541,-25.274688720703125,0.10128211975097656,-25.478389739990234,0.10241889953613281,-0.00113677978515625,0.9889006834646256
TCGA-4Z-AA7N,62,147,15,0.11415205150842667,-25.3759708404541,-25.274688720703125,0.10128211975097656,-25.339519500732422,0.03645133972167969,0.06483078002929688,2.7785568520747215
TCGA-4Z-AA7N,63,147,15,0.11390705406665802,-25.3759708404541,-25.274688720703125,0.10128211975097656,-25.34121322631836,0.03475761413574219,0.06652450561523438,2.9139548921692366
TCGA-4Z-AA7N,64,147,15,0.639205276966095,-25.3759708404541,-3.6767690181732178,21.699201822280884,-25.468185424804688,0.09221458435058594,21.606987237930298,235.31203849256417
TCGA-4Z-AA7N,65,147,15,0.11396673321723938,-25.3759708404541,-25.274688720703125,0.10128211975097656,-25.340917587280273,0.035053253173828125,0.06622886657714844,2.889378604853629
TCGA-4Z-AA7N,66,147,15,0.11407418549060822,-25.3759708404541,-25.274688720703125,0.10128211975097656,-25.339643478393555,0.036327362060546875,0.06495475769042969,2.7880394833560853
TCGA-4Z-AA7N,67,147,15,0.820128321647644,-25.3759708404541,-3.6767690181732178,21.699201822280884,-25.338144302368164,0.0378265380859375,21.661375284194946,573.6502180818878
TCGA-4Z-AA7N,68,147,15,0.11399371176958084,-25.3759708404541,-25.274688720703125,0.10128211975097656,-25.336650848388672,0.03931999206542969,0.061962127685546875,2.5758428328886733
TCGA-4Z-AA7N,69,147,15,0.6559170484542847,-25.3759708404541,-3.6767690181732178,21.699201822280884,-25.27815818786621,0.09781265258789062,21.601389169692993,221.8445287820288
TCGA-4Z-AA7N,70,147,15,0.11390555649995804,-25.3759708404541,-25.27468490600586,0.10128593444824219,-25.418697357177734,0.04272651672363281,0.058559417724609375,2.3705638141154415
TCGA-4Z-AA7N,71,147,15,0.6670812368392944,-25.3759708404541,-3.6767690181732178,21.699201822280884,-25.335439682006836,0.040531158447265625,21.658670663833618,535.3708764705882
TCGA-4Z-AA7N,72,147,15,0.11396612972021103,-25.3759708404541,-25.274688720703125,0.10128211975097656,-25.34615707397461,0.029813766479492188,0.07146835327148438,3.39715949075555
TCGA-4Z-AA7N,73,147,15,0.1140240952372551,-25.3759708404541,-25.274688720703125,0.10128211975097656,-25.4011287689209,0.025157928466796875,0.07612419128417969,4.025852918877938
TCGA-4Z-AA7N,74,147,15,0.11396434903144836,-25.3759708404541,-25.274688720703125,0.10128211975097656,-25.27579116821289,0.10017967224121094,0.001102447509765625,1.0110047027016735
TCGA-4Z-AA7N,75,147,15,0.113852858543396,-25.3759708404541,-25.27468490600586,0.10128593444824219,-25.401491165161133,0.02552032470703125,0.07576560974121094,3.968834080717489
TCGA-4Z-AA7N,76,147,15,0.11406448483467102,-25.3759708404541,-25.274688720703125,0.10128211975097656,-25.3448486328125,0.031122207641601562,0.070159912109375,3.254335968621683
TCGA-4Z-AA7N,77,147,15,0.9994909763336182,-25.3759708404541,-3.6767690181732178,21.699201822280884,-25.278501510620117,0.09746932983398438,21.6017324924469,222.62594663613947
TCGA-4Z-AA7N,78,147,15,0.6159847974777222,-25.3759708404541,-3.6767690181732178,21.699201822280884,-25.340167999267578,0.03580284118652344,21.66339898109436,606.0748561610995
TCGA-4Z-AA7N,79,147,15,0.999780535697937,-25.3759708404541,-3.6767690181732178,21.699201822280884,-25.47180938720703,0.09583854675292969,21.603363275527954,226.4141366648755
TCGA-4Z-AA7N,80,147,15,0.884433388710022,-25.3759708404541,-3.6767690181732178,21.699201822280884,-25.351137161254883,0.02483367919921875,21.674368143081665,873.7811923963134
TCGA-4Z-AA7N,81,147,15,0.7666639089584351,-25.3759708404541,-3.6767690181732178,21.699201822280884,-25.340120315551758,0.03585052490234375,21.66335129737854,605.2687340391573
TCGA-4Z-AA7N,82,147,15,0.11428038775920868,-25.3759708404541,-25.274688720703125,0.10128211975097656,-25.279325485229492,0.09664535522460938,0.0046367645263671875,1.0479771067692916
TCGA-4Z-AA7N,83,147,15,0.11418046802282333,-25.3759708404541,-25.274688720703125,0.10128211975097656,-25.33269691467285,0.04327392578125,0.05800819396972656,2.3404883638928067
TCGA-4Z-AA7N,84,147,15,0.11413320153951645,-25.3759708404541,-25.274688720703125,0.10128211975097656,-25.41278648376465,0.036815643310546875,0.06446647644042969,2.751062066107139
TCGA-4Z-AA7N,85,147,15,0.11406076699495316,-25.3759708404541,-25.274688720703125,0.10128211975097656,-25.33872413635254,0.0372467041015625,0.06403541564941406,2.7192236788201556
TCGA-4Z-AA7N,86,147,15,0.9982426166534424,-25.3759708404541,-3.6767690181732178,21.699201822280884,-25.404787063598633,0.02881622314453125,21.670385599136353,753.0203286338364
TCGA-4Z-AA7N,87,147,15,0.49785515666007996,-25.3759708404541,-3.6767690181732178,21.699201822280884,-25.342973709106445,0.03299713134765625,21.666204690933228,657.6087355491329
TCGA-4Z-AA7N,88,147,15,0.9986643195152283,-25.3759708404541,-3.6767690181732178,21.699201822280884,-25.350309371948242,0.025661468505859375,21.673540353775024,845.594702319013
TCGA-4Z-AA7N,89,147,15,0.677257239818573,-25.3759708404541,-3.6767690181732178,21.699201822280884,-25.277881622314453,0.09808921813964844,21.601112604141235,221.21903134540221
TCGA-4Z-AA7N,90,147,15,0.11392948776483536,-25.3759708404541,-25.27468490600586,0.10128593444824219,-25.350433349609375,0.025537490844726562,0.07574844360351562,3.966166255881694
TCGA-4Z-AA7N,91,147,15,0.8022933006286621,-25.3759708404541,-3.6767690181732178,21.699201822280884,-25.280481338500977,0.095489501953125,21.60371232032776,227.2417530560882
TCGA-4Z-AA7N,92,147,15,0.3860924243927002,-25.3759708404541,-3.6767690181732178,21.699201822280884,-25.334251403808594,0.04171943664550781,21.657482385635376,520.1221197366616
TCGA-4Z-AA7N,93,147,15,0.11406612396240234,-25.3759708404541,-25.274688720703125,0.10128211975097656,-25.345338821411133,0.03063201904296875,0.07065010070800781,3.3064134495641344
TCGA-4Z-AA7N,94,147,15,0.1139473021030426,-25.3759708404541,-25.274688720703125,0.10128211975097656,-25.276391983032227,0.099578857421875,0.0017032623291015625,1.0171046582899173
TCGA-4Z-AA7N,95,147,15,0.11407673358917236,-25.3759708404541,-25.274688720703125,0.10128211975097656,-25.277006149291992,0.09896469116210938,0.0023174285888671875,1.0234167212735612
TCGA-4Z-AA7N,96,147,15,0.11481565982103348,-25.3759708404541,-25.274688720703125,0.10128211975097656,-25.4118709564209,0.035900115966796875,0.06538200378417969,2.8212198491127403
TCGA-4Z-AA7N,97,147,15,0.49581044912338257,-25.3759708404541,-3.6767690181732178,21.699201822280884,-25.34605598449707,0.02991485595703125,21.669286966323853,725.3654122035196
TCGA-4Z-AA7N,98,147,15,0.11411654204130173,-25.3759708404541,-25.274688720703125,0.10128211975097656,-25.3496150970459,0.026355743408203125,0.07492637634277344,3.8428860906064553
TCGA-4Z-AA7N,99,147,15,0.11424029618501663,-25.3759708404541,-25.274688720703125,0.10128211975097656,-25.399335861206055,0.023365020751953125,0.07791709899902344,4.334775510204081
TCGA-4Z-AA7N,100,147,15,0.11397415399551392,-25.3759708404541,-25.274688720703125,0.10128211975097656,-25.417760848999023,0.041790008544921875,0.05949211120605469,2.423596531264263
TCGA-4Z-AA7N,101,147,15,0.113833487033844,-25.3759708404541,-25.27468490600586,0.10128593444824219,-25.400007247924805,0.024036407470703125,0.07724952697753906,4.213854943659737
TCGA-4Z-AA7N,102,147,15,0.11401627212762833,-25.3759708404541,-25.274688720703125,0.10128211975097656,-25.644269943237305,0.2682991027832031,-0.16701698303222656,0.37749704974905096
TCGA-4Z-AA7N,103,147,15,0.3384701907634735,-25.3759708404541,-3.6767690181732178,21.699201822280884,-25.34175682067871,0.034214019775390625,21.664987802505493,634.219596666295
TCGA-4Z-AA7N,104,147,15,0.9999949336051941,-25.3759708404541,-3.6767690181732178,21.699201822280884,-25.648420333862305,0.2724494934082031,21.42675232887268,79.6448602301844
TCGA-4Z-AA7N,105,147,15,0.11415167897939682,-25.3759708404541,-25.274688720703125,0.10128211975097656,-25.343828201293945,0.03214263916015625,0.06913948059082031,3.151020650367909
TCGA-4Z-AA7N,106,147,15,0.6534464359283447,-25.3759708404541,-3.6767690181732178,21.699201822280884,-25.277482986450195,0.09848785400390625,21.600713968276978,220.3236332210086
TCGA-4Z-AA7N,107,147,15,0.11400850117206573,-25.3759708404541,-25.274688720703125,0.10128211975097656,-25.338674545288086,0.037296295166015625,0.06398582458496094,2.7156080597320242
TCGA-4Z-AA7N,108,147,15,0.45347222685813904,-25.3759708404541,-3.6767690181732178,21.699201822280884,-25.563241958618164,0.1872711181640625,21.51193070411682,115.87051989122465
TCGA-4Z-AA7N,109,147,15,0.11401382088661194,-25.3759708404541,-25.274688720703125,0.10128211975097656,-25.27937889099121,0.09659194946289062,0.0046901702880859375,1.0485565341021286
TCGA-4Z-AA7N,110,147,15,0.11403799802064896,-25.3759708404541,-25.274688720703125,0.10128211975097656,-25.27618980407715,0.09978103637695312,0.0015010833740234375,1.0150437741331193
TCGA-4Z-AA7N,111,147,15,0.11395809054374695,-25.3759708404541,-25.274688720703125,0.10128211975097656,-25.279006958007812,0.09696388244628906,0.0043182373046875,1.0445344925939768
TCGA-4Z-AA7N,112,147,15,0.5531046986579895,-25.3759708404541,-3.6767690181732178,21.699201822280884,-25.339624404907227,0.036346435546875,21.66285538673401,597.0104494647355
TCGA-4Z-AA7N,113,147,15,0.11384443938732147,-25.3759708404541,-25.27468490600586,0.10128593444824219,-25.3417911529541,0.0341796875,0.06710624694824219,2.9633370535714287
TCGA-4Z-AA7N,114,147,15,0.671400249004364,-25.3759708404541,-3.6767690181732178,21.699201822280884,-25.409814834594727,0.033843994140625,21.66535782814026,641.1536927975653
TCGA-4Z-AA7N,115,147,15,0.11393427848815918,-25.3759708404541,-25.274688720703125,0.10128211975097656,-25.338743209838867,0.037227630615234375,0.06405448913574219,2.7206168664822217
TCGA-4Z-AA7N,116,147,15,0.999917209148407,-25.3759708404541,-3.6767690181732178,21.699201822280884,-25.477827072143555,0.10185623168945312,21.59734559059143,213.03754775102055
TCGA-4Z-AA7N,117,147,15,0.11397989094257355,-25.3759708404541,-25.274688720703125,0.10128211975097656,-25.485185623168945,0.10921478271484375,-0.007932662963867188,0.9273663988822913
TCGA-4Z-AA7N,118,147,15,0.1140892431139946,-25.3759708404541,-25.274688720703125,0.10128211975097656,-25.278005599975586,0.09796524047851562,0.0033168792724609375,1.033857715821035
TCGA-4Z-AA7N,119,147,15,0.1139908879995346,-25.3759708404541,-25.274688720703125,0.10128211975097656,-25.41163444519043,0.035663604736328125,0.06561851501464844,2.8399294042143546
TCGA-4Z-AA7N,120,147,15,0.11387649923563004,-25.3759708404541,-25.27468490600586,0.10128593444824219,-25.40850830078125,0.03253746032714844,0.06874847412109375,3.112902280321238
TCGA-4Z-AA7N,121,147,15,0.11406032741069794,-25.3759708404541,-25.274688720703125,0.10128211975097656,-25.399934768676758,0.02396392822265625,0.07731819152832031,4.226440624005094
TCGA-4Z-AA7N,122,147,15,0.11381769180297852,-25.3759708404541,-25.27468490600586,0.10128593444824219,-25.4212589263916,0.0452880859375,0.05599784851074219,2.236480795148248
TCGA-4Z-AA7N,123,147,15,0.11419706046581268,-25.3759708404541,-25.274688720703125,0.10128211975097656,-25.344648361206055,0.031322479248046875,0.06995964050292969,3.2335281938862503
TCGA-4Z-AA7N,124,147,15,0.7160724997520447,-25.3759708404541,-3.6767690181732178,21.699201822280884,-25.483545303344727,0.107574462890625,21.59162735939026,201.71331781914893
TCGA-4Z-AA7N,125,147,15,0.11466307938098907,-25.3759708404541,-25.274688720703125,0.10128211975097656,-25.415695190429688,0.03972434997558594,0.061557769775390625,2.549623085417967
TCGA-4Z-AA7N,126,147,15,0.8852546811103821,-25.3759708404541,-3.6767690181732178,21.699201822280884,-25.343347549438477,0.032623291015625,21.66657853126526,665.1444764382601
TCGA-4Z-AA7N,127,147,15,0.11402039229869843,-25.3759708404541,-25.274688720703125,0.10128211975097656,-25.546804428100586,0.17083358764648438,-0.06955146789550781,0.5928700623004265
TCGA-4Z-AA7N,128,147,15,0.11404244601726532,-25.3759708404541,-25.274688720703125,0.10128211975097656,-25.33590316772461,0.04006767272949219,0.061214447021484375,2.527776455467225
TCGA-4Z-AA7N,129,147,15,0.11398474872112274,-25.3759708404541,-25.274688720703125,0.10128211975097656,-25.34037971496582,0.03559112548828125,0.06569099426269531,2.845712754555198
TCGA-4Z-AA7N,130,147,15,0.1141531839966774,-25.3759708404541,-25.274688720703125,0.10128211975097656,-25.405118942260742,0.029148101806640625,0.07213401794433594,3.474741525978275
TCGA-4Z-AA7N,131,147,15,0.7300783395767212,-25.3759708404541,-3.6767690181732178,21.699201822280884,-25.55534553527832,0.17937469482421875,21.519827127456665,120.97136579686105
TCGA-4Z-AA7N,132,147,15,0.9976376295089722,-25.3759708404541,-3.6767690181732178,21.699201822280884,-25.339879989624023,0.036090850830078125,21.663110971450806,601.2383006553218
TCGA-4Z-AA7N,133,147,15,0.11396738886833191,-25.3759708404541,-25.274688720703125,0.10128211975097656,-25.337095260620117,0.038875579833984375,0.06240653991699219,2.605288980472966
TCGA-4Z-AA7N,134,147,15,0.9483292102813721,-25.3759708404541,-3.6767690181732178,21.699201822280884,-25.33812713623047,0.03784370422363281,21.66135811805725,573.3900068040925
TCGA-4Z-AA7N,135,147,15,0.5345873236656189,-25.3759708404541,-3.6767690181732178,21.699201822280884,-25.339317321777344,0.03665351867675781,21.662548303604126,592.0086967268564
TCGA-4Z-AA7N,136,147,15,0.9992322325706482,-25.3759708404541,-3.6767690181732178,21.699201822280884,-25.34086036682129,0.0351104736328125,21.66409134864807,618.0264626792699
TCGA-4Z-AA7N,137,147,15,0.11396474391222,-25.3759708404541,-25.27468490600586,0.10128593444824219,-25.351285934448242,0.024684906005859375,0.07660102844238281,4.103152526657395
TCGA-4Z-AA7N,138,147,15,0.11409425735473633,-25.3759708404541,-25.274688720703125,0.10128211975097656,-25.275726318359375,0.10024452209472656,0.00103759765625,1.0103506668949902
TCGA-4Z-AA7N,139,147,15,0.11414916068315506,-25.3759708404541,-25.274688720703125,0.10128211975097656,-25.27796745300293,0.09800338745117188,0.0032787322998046875,1.0334552956288194
TCGA-4Z-AA7N,140,147,15,0.11387672275304794,-25.3759708404541,-25.27468490600586,0.10128593444824219,-25.483800888061523,0.10783004760742188,-0.0065441131591796875,0.9393108571832879
TCGA-4Z-AA7N,141,147,15,0.11409348994493484,-25.3759708404541,-25.274688720703125,0.10128211975097656,-25.404237747192383,0.02826690673828125,0.07301521301269531,3.58306342780027
TCGA-4Z-AA7N,142,147,15,0.11421991139650345,-25.3759708404541,-25.274688720703125,0.10128211975097656,-25.411088943481445,0.03511810302734375,0.06616401672363281,2.884043015424723
TCGA-4Z-AA7N,143,147,15,0.11418236792087555,-25.3759708404541,-25.274688720703125,0.10128211975097656,-25.337921142578125,0.03804969787597656,0.063232421875,2.661837686099554
TCGA-4Z-AA7N,144,147,15,0.9202739000320435,-25.3759708404541,-3.6767690181732178,21.699201822280884,-25.278722763061523,0.09724807739257812,21.601953744888306,223.13245057466756
TCGA-4Z-AA7N,145,147,15,0.11453334987163544,-25.3759708404541,-25.274688720703125,0.10128211975097656,-25.4744873046875,0.09851646423339844,0.002765655517578125,1.0280730285957678
TCGA-4Z-AA7N,146,147,15,0.4763551354408264,-25.3759708404541,-3.6767690181732178,21.699201822280884,-25.34440803527832,0.03156280517578125,21.667639017105103,687.4928163524293
TCGA-4Z-AA7N,147,147,15,0.11408105492591858,-25.3759708404541,-25.274688720703125,0.10128211975097656,-25.411287307739258,0.03531646728515625,0.06596565246582031,2.867844026787643
TCGA-4Z-AA7N,148,147,15,0.11396844685077667,-25.3759708404541,-25.274688720703125,0.10128211975097656,-25.277774810791016,0.09819602966308594,0.003086090087890625,1.031427849969893
TCGA-4Z-AA7N,149,147,15,0.9980456233024597,-25.3759708404541,-3.6767690181732178,21.699201822280884,-25.42079734802246,0.044826507568359375,21.654375314712524,484.07076525402096
TCGA-4Z-AA7N,150,147,15,0.11394621431827545,-25.3759708404541,-25.27468490600586,0.10128593444824219,-25.33307456970215,0.042896270751953125,0.05838966369628906,2.36118274788795
TCGA-4Z-AA7N,151,147,15,0.9875853657722473,-25.3759708404541,-3.6767690181732178,21.699201822280884,-25.402048110961914,0.0260772705078125,21.67312455177307,832.1116972644821
TCGA-4Z-AA7N,152,147,15,0.29823368787765503,-25.3759708404541,-3.6767690181732178,21.699201822280884,-25.413654327392578,0.03768348693847656,21.661518335342407,575.82786480741
TCGA-4Z-AA7N,153,147,15,0.11395245790481567,-25.3759708404541,-25.27468490600586,0.10128593444824219,-25.277408599853516,0.09856224060058594,0.00272369384765625,1.027634252539913
TCGA-4Z-AA7N,154,147,15,0.11391653120517731,-25.3759708404541,-25.27468490600586,0.10128593444824219,-25.34038734436035,0.03558349609375,0.06570243835449219,2.846430102915952
TCGA-4Z-AA7N,155,147,15,0.1139230877161026,-25.3759708404541,-25.27468490600586,0.10128593444824219,-25.417055130004883,0.04108428955078125,0.06020164489746094,2.4653203342618384
TCGA-4Z-AA7N,156,147,15,0.11410043388605118,-25.3759708404541,-25.274688720703125,0.10128211975097656,-25.473073959350586,0.09710311889648438,0.0041790008544921875,1.0430367314869378
TCGA-4Z-AA7N,157,147,15,0.9974971413612366,-25.3759708404541,-3.6767690181732178,21.699201822280884,-25.48008918762207,0.10411834716796875,21.595083475112915,208.40901159595515
TCGA-4Z-AA7N,158,147,15,0.11405640840530396,-25.3759708404541,-25.274688720703125,0.10128211975097656,-25.27710723876953,0.09886360168457031,0.00241851806640625,1.024463179827523
TCGA-4Z-AA7N,159,147,15,0.5531191825866699,-25.3759708404541,-3.6767690181732178,21.699201822280884,-25.483739852905273,0.10776901245117188,21.591432809829712,201.3491756928958
TCGA-4Z-AA7N,160,147,15,0.795761227607727,-25.3759708404541,-3.6767690181732178,21.699201822280884,-25.351905822753906,0.024065017700195312,21.67513680458069,901.690665372117
TCGA-4Z-AA7N,161,147,15,0.7062476873397827,-25.3759708404541,-3.6767690181732178,21.699201822280884,-25.572309494018555,0.19633865356445312,21.50286316871643,110.51925552274184
TCGA-4Z-AA7N,162,147,15,0.9979133605957031,-25.3759708404541,-3.6767690181732178,21.699201822280884,-25.276777267456055,0.09919357299804688,21.600008249282837,218.75612669691958
TCGA-4Z-AA7N,163,147,15,0.6840054392814636,-25.3759708404541,-3.6767690181732178,21.699201822280884,-25.4019832611084,0.026012420654296875,21.673189401626587,834.186180158381
TCGA-4Z-AA7N,164,147,15,0.9998680353164673,-25.3759708404541,-3.6767690181732178,21.699201822280884,-25.276948928833008,0.09902191162109375,21.60017991065979,219.13535567069883
TCGA-4Z-AA7N,165,147,15,0.5593404769897461,-25.3759708404541,-3.6767690181732178,21.699201822280884,-25.554645538330078,0.17867469787597656,21.520527124404907,121.44529740491262
TCGA-4Z-AA7N,166,147,15,0.7166203856468201,-25.3759708404541,-3.6767690181732178,21.699201822280884,-25.279237747192383,0.09673309326171875,21.602468729019165,224.32035501616846
TCGA-4Z-AA7N,167,147,15,0.11402758955955505,-25.3759708404541,-25.274688720703125,0.10128211975097656,-25.335351943969727,0.040618896484375,0.06066322326660156,2.4934729526671675
TCGA-4Z-AA7N,168,147,15,0.11390994489192963,-25.3759708404541,-25.274688720703125,0.10128211975097656,-25.344209671020508,0.03176116943359375,0.06952095031738281,3.1888662022579872
TCGA-4Z-AA7N,169,147,15,0.11401721090078354,-25.3759708404541,-25.274688720703125,0.10128211975097656,-25.276105880737305,0.09986495971679688,0.0014171600341796875,1.0141907635891363
TCGA-4Z-AA7N,170,147,15,0.45250433683395386,-25.3759708404541,-3.6767690181732178,21.699201822280884,-25.341806411743164,0.0341644287109375,21.665037393569946,635.1401923291648
TCGA-4Z-AA7N,171,147,15,0.170829638838768,-25.3759708404541,-3.6767690181732178,21.699201822280884,-25.475744247436523,0.09977340698242188,21.599428415298462,217.48482364748614
TCGA-4Z-AA7N,172,147,15,0.881403386592865,-25.3759708404541,-3.6767690181732178,21.699201822280884,-25.407012939453125,0.031042098999023438,21.66815972328186,699.0249539170507
TCGA-4Z-AA7N,173,147,15,0.7397173047065735,-25.3759708404541,-3.6767690181732178,21.699201822280884,-25.27791404724121,0.09805679321289062,21.601145029067993,221.29218294106204
TCGA-4Z-AA7N,174,147,15,0.999942421913147,-25.3759708404541,-3.6767690181732178,21.699201822280884,-25.4160213470459,0.040050506591796875,21.659151315689087,541.7959388989427
TCGA-4Z-AA7N,175,147,15,0.624626636505127,-25.3759708404541,-3.6767690181732178,21.699201822280884,-25.40686798095703,0.030897140502929688,21.668304681777954,702.3045326872029
TCGA-4Z-AA7N,176,147,15,0.4001179039478302,-25.3759708404541,-3.6767690181732178,21.699201822280884,-25.4892520904541,0.11328125,21.585920572280884,191.55157470703125
TCGA-4Z-AA7N,177,147,15,0.11426443606615067,-25.3759708404541,-25.274688720703125,0.10128211975097656,-25.338157653808594,0.03781318664550781,0.06346893310546875,2.678486759142497
TCGA-4Z-AA7N,178,147,15,0.6621911525726318,-25.3759708404541,-3.6767690181732178,21.699201822280884,-25.404748916625977,0.028778076171875,21.67042374610901,754.0184998011665
TCGA-4Z-AA7N,179,147,15,0.11394082754850388,-25.3759708404541,-25.27468490600586,0.10128593444824219,-25.41352081298828,0.03754997253417969,0.0637359619140625,2.69736374257124
TCGA-4Z-AA7N,180,147,15,0.5285665392875671,-25.3759708404541,-3.6767690181732178,21.699201822280884,-25.343050003051758,0.03292083740234375,21.66628098487854,659.1327418887602
TCGA-4Z-AA7N,181,147,15,0.11399520188570023,-25.3759708404541,-25.274688720703125,0.10128211975097656,-25.4876766204834,0.11170578002929688,-0.010423660278320312,0.9066864733804596
TCGA-4Z-AA7N,182,147,15,0.11406916379928589,-25.3759708404541,-25.274688720703125,0.10128211975097656,-25.277050018310547,0.09892082214355469,0.002361297607421875,1.0238705821105605
TCGA-4Z-AA7N,183,147,15,0.6202161312103271,-25.3759708404541,-3.6767690181732178,21.699201822280884,-25.40570640563965,0.029735565185546875,21.669466257095337,729.7390073765234
TCGA-4Z-AA7N,184,147,15,0.9997022151947021,-25.3759708404541,-3.6767690181732178,21.699201822280884,-25.335742950439453,0.04022789001464844,21.658973932266235,539.4069093452183
TCGA-4Z-AA7N,185,147,15,0.11456800997257233,-25.3759708404541,-25.274688720703125,0.10128211975097656,-25.410446166992188,0.03447532653808594,0.06680679321289062,2.9378146611341633
TCGA-4Z-AA7O,0,142,15,0.9986730813980103,-78.32312774658203,-6.249700546264648,72.07342720031738,-77.78107452392578,0.54205322265625,71.53137397766113,132.96374634050218
TCGA-4Z-AA7O,1,142,15,0.21868383884429932,-78.32312774658203,-6.252598762512207,72.07052898406982,-78.28382110595703,0.039306640625,72.03122234344482,1833.5458802406831
TCGA-4Z-AA7O,2,142,15,0.1067177802324295,-78.32312774658203,-78.45130920410156,0.12818145751953125,-78.45555114746094,0.13242340087890625,-0.004241943359375,0.9679668145416834
TCGA-4Z-AA7O,3,142,15,0.11121669411659241,-78.32312774658203,-78.45130920410156,0.12818145751953125,-78.27288055419922,0.0502471923828125,0.07793426513671875,2.551017309444276
TCGA-4Z-AA7O,4,142,15,0.9997581243515015,-78.32312774658203,-6.249700546264648,72.07342720031738,-78.05731964111328,0.26580810546875,71.80761909484863,271.1483424225029
TCGA-4Z-AA7O,5,142,15,0.9999059438705444,-78.32312774658203,-6.249700546264648,72.07342720031738,-78.45816802978516,0.135040283203125,71.93838691711426,533.7179802259888
TCGA-4Z-AA7O,6,142,15,0.9997872114181519,-78.32312774658203,-6.249700546264648,72.07342720031738,-78.04248046875,0.28064727783203125,71.79277992248535,256.8114244936795
TCGA-4Z-AA7O,7,142,15,0.11111778020858765,-78.32312774658203,-78.45130920410156,0.12818145751953125,-78.25601959228516,0.067108154296875,0.06107330322265625,1.9100727603456116
TCGA-4Z-AA7O,8,142,15,0.9983227252960205,-78.32312774658203,-6.249744892120361,72.07338285446167,-78.46623229980469,0.14310455322265625,71.93027830123901,503.64143719677986
TCGA-4Z-AA7O,9,142,15,0.9990386962890625,-78.32312774658203,-6.249700546264648,72.07342720031738,-78.28610229492188,0.03702545166015625,72.03640174865723,1946.5914382855965
TCGA-4Z-AA7O,10,142,15,0.977657675743103,-78.32312774658203,-6.249700546264648,72.07342720031738,-78.2839126586914,0.039215087890625,72.03421211242676,1837.9004377431907
TCGA-4Z-AA7O,11,142,15,0.10830069333314896,-78.32312774658203,-78.45130920410156,0.12818145751953125,-78.25702667236328,0.06610107421875,0.06208038330078125,1.9391735918744228
TCGA-4Z-AA7O,12,142,15,0.9995837211608887,-78.32312774658203,-6.249700546264648,72.07342720031738,-78.4572525024414,0.134124755859375,71.93930244445801,537.361106370876
TCGA-4Z-AA7O,13,142,15,0.9897323250770569,-78.32312774658203,-6.249700546264648,72.07342720031738,-78.26699829101562,0.05612945556640625,72.01729774475098,1284.0571224683974
TCGA-4Z-AA7O,14,142,15,0.11108723282814026,-78.32312774658203,-78.45130920410156,0.12818145751953125,-78.26813507080078,0.05499267578125,0.07318878173828125,2.3308823529411766
TCGA-4Z-AA7O,15,142,15,0.9999290704727173,-78.32312774658203,-6.249700546264648,72.07342720031738,-77.75608825683594,0.5670394897460938,71.50638771057129,127.10477577600473
TCGA-4Z-AA7O,16,142,15,0.11058010160923004,-78.32312774658203,-78.45130920410156,0.12818145751953125,-78.46550750732422,0.1423797607421875,-0.01419830322265625,0.9002786410888436
TCGA-4Z-AA7O,17,142,15,0.9956671595573425,-78.32312774658203,-6.249700546264648,72.07342720031738,-78.4690170288086,0.1458892822265625,71.92753791809082,494.0282527978245
TCGA-4Z-AA7O,18,142,15,0.9985169172286987,-78.32312774658203,-6.249700546264648,72.07342720031738,-78.23590850830078,0.08721923828125,71.98620796203613,826.3478175297411
TCGA-4Z-AA7O,19,142,15,0.9996652007102966,-78.32312774658203,-6.249700546264648,72.07342720031738,-78.28694915771484,0.0361785888671875,72.0372486114502,1992.1569485449177
TCGA-4Z-AA7O,20,142,15,0.11131954938173294,-78.32312774658203,-78.45130920410156,0.12818145751953125,-78.23009490966797,0.0930328369140625,0.03514862060546875,1.3778087584057734
TCGA-4Z-AA7O,21,142,15,0.6773039102554321,-78.32312774658203,-6.250682830810547,72.07244491577148,-78.26152038574219,0.06160736083984375,72.01083755493164,1169.8674303405573
TCGA-4Z-AA7O,22,142,15,0.7258564233779907,-78.32312774658203,-6.250075817108154,72.07305192947388,-78.28714752197266,0.035980224609375,72.0370717048645,2003.1295722010177
TCGA-4Z-AA7O,23,142,15,0.11132901906967163,-78.32312774658203,-78.45130920410156,0.12818145751953125,-78.26612091064453,0.0570068359375,0.07117462158203125,2.2485278372591004
TCGA-4Z-AA7O,24,142,15,0.9993762373924255,-78.32312774658203,-6.249700546264648,72.07342720031738,-78.2876205444336,0.0355072021484375,72.03791999816895,2029.825580146111
TCGA-4Z-AA7O,25,142,15,0.4879275858402252,-78.32312774658203,-6.252613544464111,72.07051420211792,-78.4669418334961,0.1438140869140625,71.92670011520386,501.13668103448276
TCGA-4Z-AA7O,26,142,15,0.28101077675819397,-78.32312774658203,-6.252598762512207,72.07052898406982,-78.46149444580078,0.13836669921875,71.93216228485107,520.8661433061314
TCGA-4Z-AA7O,27,142,15,0.6559016704559326,-78.32312774658203,-6.251145362854004,72.07198238372803,-78.27237701416016,0.050750732421875,72.02123165130615,1420.11708884546
TCGA-4Z-AA7O,28,142,15,0.11082974821329117,-78.32312774658203,-78.45130920410156,0.12818145751953125,-78.0010986328125,0.32202911376953125,-0.19384765625,0.3980430713828804
TCGA-4Z-AA7O,29,142,15,0.20577704906463623,-78.32312774658203,-6.252633571624756,72.07049417495728,-78.2927017211914,0.030426025390625,72.04006814956665,2368.7120893931797
TCGA-4Z-AA7O,30,142,15,0.5833116173744202,-78.32312774658203,-6.251139163970947,72.07198858261108,-78.04108428955078,0.28204345703125,71.78994512557983,255.53504889363774
TCGA-4Z-AA7O,31,142,15,0.43899020552635193,-78.32312774658203,-6.25250768661499,72.07062005996704,-78.46453857421875,0.14141082763671875,71.92920923233032,509.6541846506609
TCGA-4Z-AA7O,32,142,15,0.7009671926498413,-78.32312774658203,-6.251463890075684,72.07166385650635,-78.27297973632812,0.05014801025390625,72.02151584625244,1437.1789327552108
TCGA-4Z-AA7O,33,142,15,0.7241607308387756,-78.32312774658203,-6.251741886138916,72.07138586044312,-78.28791046142578,0.03521728515625,72.03616857528687,2046.4776186091854
TCGA-4Z-AA7O,34,142,15,0.7129497528076172,-78.32312774658203,-6.250524044036865,72.07260370254517,-78.23323822021484,0.0898895263671875,71.98271417617798,801.7908939483958
TCGA-4Z-AA7O,35,142,15,0.11106722801923752,-78.32312774658203,-78.45130920410156,0.12818145751953125,-78.46565246582031,0.14252471923828125,-0.01434326171875,0.899362989133344
TCGA-4Z-AA7O,36,142,15,0.6735314726829529,-78.32312774658203,-6.2507100105285645,72.07241773605347,-78.45650482177734,0.1333770751953125,71.93904066085815,540.3658584544103
TCGA-4Z-AA7O,37,142,15,0.4809965491294861,-78.32312774658203,-6.252532482147217,72.07059526443481,-78.4596176147461,0.1364898681640625,71.93410539627075,528.0289023197317
TCGA-4Z-AA7O,38,142,15,0.1114063486456871,-78.32312774658203,-78.45183563232422,0.1287078857421875,-78.01417541503906,0.30895233154296875,-0.18024444580078125,0.41659464131374246
TCGA-4Z-AA7O,39,142,15,0.6527504324913025,-78.32312774658203,-6.2507100105285645,72.07241773605347,-78.46102142333984,0.1378936767578125,71.93452405929565,522.6665894378666
TCGA-4Z-AA7O,40,142,15,0.9999983906745911,-78.32312774658203,-6.25017786026001,72.07294988632202,-78.27980041503906,0.04332733154296875,72.02962255477905,1663.4523133474204
TCGA-4Z-AA7O,41,142,15,0.2152605652809143,-78.32312774658203,-6.252598762512207,72.07052898406982,-78.29198455810547,0.0311431884765625,72.03938579559326,2314.1666768740815
TCGA-4Z-AA7O,42,142,15,0.23507247865200043,-78.32312774658203,-6.252633571624756,72.07049417495728,-78.2280502319336,0.0950775146484375,71.97541666030884,758.0182805729418
TCGA-4Z-AA7O,43,142,15,0.2696366012096405,-78.32312774658203,-6.252598762512207,72.07052898406982,-78.45893096923828,0.13580322265625,71.93472576141357,530.6982233146067
TCGA-4Z-AA7O,44,142,15,0.11081276834011078,-78.32312774658203,-78.45130920410156,0.12818145751953125,-78.46198272705078,0.13885498046875,-0.01067352294921875,0.9231318681318681
TCGA-4Z-AA7O,45,142,15,0.9993707537651062,-78.32312774658203,-6.249700546264648,72.07342720031738,-78.0632553100586,0.2598724365234375,71.81355476379395,277.34156097704187
TCGA-4Z-AA7O,46,142,15,0.34660226106643677,-78.32312774658203,-6.252633571624756,72.07049417495728,-78.26374053955078,0.05938720703125,72.01110696792603,1213.5693489850976
TCGA-4Z-AA7O,47,142,15,0.9988150596618652,-78.32312774658203,-6.249700546264648,72.07342720031738,-78.46012115478516,0.136993408203125,71.93643379211426,526.1087241033638
TCGA-4Z-AA7O,48,142,15,0.7862412333488464,-78.32312774658203,-6.249868869781494,72.07325887680054,-78.26593780517578,0.05718994140625,72.01606893539429,1260.2436215981857
TCGA-4Z-AA7O,49,142,15,0.16975641250610352,-78.32312774658203,-6.252633571624756,72.07049417495728,-78.27105712890625,0.05207061767578125,72.0184235572815,1384.091401098901
TCGA-4Z-AA7O,50,142,15,0.19563403725624084,-78.32312774658203,-6.252633571624756,72.07049417495728,-78.03903198242188,0.28409576416015625,71.78639841079712,253.683804079276
TCGA-4Z-AA7O,51,142,15,0.6572984457015991,-78.32312774658203,-6.250682830810547,72.07244491577148,-78.4634780883789,0.140350341796875,71.93209457397461,513.5181289410741
TCGA-4Z-AA7O,52,142,15,0.11133091896772385,-78.32312774658203,-78.45130920410156,0.12818145751953125,-78.05536651611328,0.26776123046875,-0.13957977294921875,0.47871552313653976
TCGA-4Z-AA7O,53,142,15,0.7169548869132996,-78.32312774658203,-6.250075817108154,72.07305192947388,-78.23220825195312,0.09091949462890625,71.98213243484497,792.7128524376941
TCGA-4Z-AA7O,54,142,15,0.18514366447925568,-78.32312774658203,-6.252633571624756,72.07049417495728,-78.2568130493164,0.066314697265625,72.00417947769165,1086.7951924183158
TCGA-4Z-AA7O,55,142,15,0.12834621965885162,-78.32312774658203,-6.252633571624756,72.07049417495728,-78.2293472290039,0.093780517578125,71.97671365737915,768.5017745281484
TCGA-4Z-AA7O,56,142,15,0.7437184453010559,-78.32312774658203,-6.250404357910156,72.07272338867188,-78.05155181884766,0.271575927734375,71.8011474609375,265.3870097763794
TCGA-4Z-AA7O,57,142,15,0.9924828410148621,-78.32312774658203,-6.249744892120361,72.07338285446167,-78.45682525634766,0.133697509765625,71.93968534469604,539.0779752054325
TCGA-4Z-AA7O,58,142,15,0.9861658215522766,-78.32312774658203,-6.249700546264648,72.07342720031738,-78.46402740478516,0.140899658203125,71.93252754211426,511.5230804635044
TCGA-4Z-AA7O,59,142,15,0.9997603297233582,-78.32312774658203,-6.249700546264648,72.07342720031738,-78.01934051513672,0.3037872314453125,71.76963996887207,237.24969235019338
TCGA-4Z-AA7O,60,142,15,0.21094585955142975,-78.32312774658203,-6.252633571624756,72.07049417495728,-78.28650665283203,0.03662109375,72.03387308120728,1968.0049609375
TCGA-4Z-AA7O,61,142,15,0.5832597017288208,-78.32312774658203,-6.252424240112305,72.07070350646973,-78.25078582763672,0.0723419189453125,71.99836158752441,996.2509228010969
TCGA-4Z-AA7O,62,142,15,0.9888691306114197,-78.32312774658203,-6.249700546264648,72.07342720031738,-78.0154037475586,0.3077239990234375,71.76570320129395,234.21451504933802
TCGA-4Z-AA7O,63,142,15,0.11104893684387207,-78.32312774658203,-78.45130920410156,0.12818145751953125,-78.4598617553711,0.1367340087890625,-0.00855255126953125,0.9374511773239593
TCGA-4Z-AA7O,64,142,15,0.11153639107942581,-78.32312774658203,-78.45183563232422,0.1287078857421875,-78.28409576416016,0.039031982421875,0.0896759033203125,3.297498045347928
TCGA-4Z-AA7O,65,142,15,0.9999948143959045,-78.32312774658203,-6.2502360343933105,72.07289171218872,-78.25663757324219,0.06649017333984375,72.00640153884888,1083.9630593803786
TCGA-4Z-AA7O,66,142,15,0.9993064999580383,-78.32312774658203,-6.249700546264648,72.07342720031738,-78.298583984375,0.02454376220703125,72.04888343811035,2936.5272769661174
TCGA-4Z-AA7O,67,142,15,0.1113203689455986,-78.32312774658203,-78.45130920410156,0.12818145751953125,-78.463134765625,0.14000701904296875,-0.0118255615234375,0.9155359380960165
TCGA-4Z-AA7O,68,142,15,0.11135376989841461,-78.32312774658203,-78.45183563232422,0.1287078857421875,-78.28739929199219,0.03572845458984375,0.09297943115234375,3.602391629297459
TCGA-4Z-AA7O,69,142,15,0.1112818568944931,-78.32312774658203,-78.45130920410156,0.12818145751953125,-78.45830535888672,0.1351776123046875,-0.00699615478515625,0.9482447228806863
TCGA-4Z-AA7O,70,142,15,0.9935204982757568,-78.32312774658203,-6.249700546264648,72.07342720031738,-78.28865814208984,0.0344696044921875,72.0389575958252,2090.92701416556
TCGA-4Z-AA7O,71,142,15,0.11119107902050018,-78.32312774658203,-78.45130920410156,0.12818145751953125,-78.46431732177734,0.1411895751953125,-0.01300811767578125,0.9078677185777586
TCGA-4Z-AA7O,72,142,15,0.9985126256942749,-78.32312774658203,-6.249700546264648,72.07342720031738,-78.0155258178711,0.3076019287109375,71.76582527160645,234.30746192767498
TCGA-4Z-AA7O,73,142,15,0.11046862602233887,-78.32312774658203,-78.45130920410156,0.12818145751953125,-78.46065521240234,0.1375274658203125,-0.00934600830078125,0.9320426051259292
TCGA-4Z-AA7O,74,142,15,0.9981990456581116,-78.32312774658203,-6.249700546264648,72.07342720031738,-78.25270080566406,0.07042694091796875,72.00300025939941,1023.3786426172679
TCGA-4Z-AA7O,75,142,15,0.9906580448150635,-78.32312774658203,-6.249700546264648,72.07342720031738,-78.46155548095703,0.138427734375,71.93499946594238,520.657421186067
TCGA-4Z-AA7O,76,142,15,0.591871440410614,-78.32312774658203,-6.252009868621826,72.0711178779602,-78.46782684326172,0.1446990966796875,71.92641878128052,498.0757968206264
TCGA-4Z-AA7O,77,142,15,0.9996827840805054,-78.32312774658203,-6.249700546264648,72.07342720031738,-78.0805435180664,0.242584228515625,71.83084297180176,297.10681375015724
TCGA-4Z-AA7O,78,142,15,0.782666027545929,-78.32312774658203,-6.249791622161865,72.07333612442017,-78.29041290283203,0.03271484375,72.04062128067017,2203.077498250933
TCGA-4Z-AA7O,79,142,15,0.9999739527702332,-78.32312774658203,-6.249700546264648,72.07342720031738,-78.26099395751953,0.0621337890625,72.01129341125488,1159.9715434675834
TCGA-4Z-AA7O,80,142,15,0.9994028210639954,-78.32312774658203,-6.249700546264648,72.07342720031738,-78.46821594238281,0.14508819580078125,71.9283390045166,496.75596834411317
TCGA-4Z-AA7O,81,142,15,0.9987697005271912,-78.32312774658203,-6.249700546264648,72.07342720031738,-78.2780990600586,0.0450286865234375,72.02839851379395,1600.6113605557439
TCGA-4Z-AA7O,82,142,15,0.6889936327934265,-78.32312774658203,-6.250830173492432,72.0722975730896,-78.27339935302734,0.0497283935546875,72.02256917953491,1449.3188382172445
TCGA-4Z-AA7O,83,142,15,0.1756902039051056,-78.32312774658203,-6.252633571624756,72.07049417495728,-78.01773834228516,0.305389404296875,71.7651047706604,235.99539853352653
TCGA-4Z-AA7O,84,142,15,0.998363733291626,-78.32312774658203,-6.249700546264648,72.07342720031738,-78.2802505493164,0.042877197265625,72.03055000305176,1680.926734875445
TCGA-4Z-AA7O,85,142,15,0.23276492953300476,-78.32312774658203,-6.252633571624756,72.07049417495728,-78.26422882080078,0.05889892578125,72.01159524917603,1223.6300275259068
TCGA-4Z-AA7O,86,142,15,0.9998380541801453,-78.32312774658203,-6.249700546264648,72.07342720031738,-78.23114776611328,0.09197998046875,71.98144721984863,783.5773266423357
TCGA-4Z-AA7O,87,142,15,0.9992393851280212,-78.32312774658203,-6.249700546264648,72.07342720031738,-78.2789306640625,0.04419708251953125,72.02923011779785,1630.728163300535
TCGA-4Z-AA7O,88,142,15,0.14248435199260712,-78.32312774658203,-6.252633571624756,72.07049417495728,-78.04448699951172,0.2786407470703125,71.79185342788696,258.6502330786923
TCGA-4Z-AA7O,89,142,15,0.2141278088092804,-78.32312774658203,-6.252633571624756,72.07049417495728,-78.45921325683594,0.13608551025390625,71.93440866470337,529.5971190502887
TCGA-4Z-AA7O,90,142,15,0.9907823204994202,-78.32312774658203,-6.249700546264648,72.07342720031738,-78.28662872314453,0.0364990234375,72.03692817687988,1974.6672763377926
TCGA-4Z-AA7O,91,142,15,0.11037160456180573,-78.32312774658203,-78.45130920410156,0.12818145751953125,-78.2284927368164,0.094635009765625,0.03354644775390625,1.3544824250241858
TCGA-4Z-AA7O,92,142,15,0.3098558783531189,-78.32312774658203,-6.2525954246521,72.07053232192993,-78.28386688232422,0.0392608642578125,72.03127145767212,1835.6837956665372
TCGA-4Z-AA7O,93,142,15,0.6770573854446411,-78.32312774658203,-6.250682830810547,72.07244491577148,-78.26128387451172,0.0618438720703125,72.01060104370117,1165.3934739698989
TCGA-4Z-AA7O,94,142,15,0.6322559118270874,-78.32312774658203,-6.251973628997803,72.07115411758423,-78.2834243774414,0.039703369140625,72.0314507484436,1815.2402598962337
TCGA-4Z-AA7O,95,142,15,0.11134238541126251,-78.32312774658203,-78.45183563232422,0.1287078857421875,-78.25581359863281,0.06731414794921875,0.06139373779296875,1.9120480562167064
TCGA-4Z-AA7O,96,142,15,0.7735399007797241,-78.32312774658203,-6.2501540184021,72.07297372817993,-78.2766342163086,0.0464935302734375,72.0264801979065,1550.1721057597638
TCGA-4Z-AA7O,97,142,15,0.10988226532936096,-78.32312774658203,-78.45130920410156,0.12818145751953125,-78.2286376953125,0.09449005126953125,0.03369140625,1.35656035526847
TCGA-4Z-AA7O,98,142,15,0.40576717257499695,-78.32312774658203,-6.252649784088135,72.0704779624939,-78.46533966064453,0.1422119140625,71.9282660484314,506.7822793723176
TCGA-4Z-AA7O,99,142,15,0.6039733290672302,-78.32312774658203,-6.252431392669678,72.07069635391235,-78.46385955810547,0.1407318115234375,71.92996454238892,512.1137543369837
TCGA-4Z-AA7O,100,142,15,0.9999091029167175,-78.32312774658203,-6.249700546264648,72.07342720031738,-78.46060180664062,0.13747406005859375,71.93595314025879,524.2692851989567
TCGA-4Z-AA7O,101,142,15,0.9986466765403748,-78.32312774658203,-6.249700546264648,72.07342720031738,-78.46019744873047,0.1370697021484375,71.93635749816895,525.8158883446511
TCGA-4Z-AA7O,102,142,15,0.39912325143814087,-78.32312774658203,-6.252491474151611,72.07063627243042,-78.29314422607422,0.0299835205078125,72.04065275192261,2403.6749204834605
TCGA-4Z-AA7O,103,142,15,0.9956558346748352,-78.32312774658203,-6.249700546264648,72.07342720031738,-78.46138000488281,0.13825225830078125,71.9351749420166,521.3182633408752
TCGA-4Z-AA7O,104,142,15,0.11127696186304092,-78.32312774658203,-78.45130920410156,0.12818145751953125,-78.033447265625,0.28968048095703125,-0.1614990234375,0.4424925597197714
TCGA-4Z-AA7O,105,142,15,0.23699849843978882,-78.32312774658203,-6.252633571624756,72.07049417495728,-78.27404022216797,0.0490875244140625,72.02140665054321,1468.203887550513
TCGA-4Z-AA7O,106,142,15,0.11127354949712753,-78.32312774658203,-78.45130920410156,0.12818145751953125,-78.28643798828125,0.03668975830078125,0.09149169921875,3.4936577250987733
TCGA-4Z-AA7O,107,142,15,0.9999115467071533,-78.32312774658203,-6.249700546264648,72.07342720031738,-78.2552261352539,0.067901611328125,72.00552558898926,1061.439129213483
TCGA-4Z-AA7O,108,142,15,0.18697233498096466,-78.32312774658203,-6.252633571624756,72.07049417495728,-78.45722961425781,0.13410186767578125,71.9363923072815,537.4309502474825
TCGA-4Z-AA7O,109,142,15,0.9985177516937256,-78.32312774658203,-6.249700546264648,72.07342720031738,-78.45844268798828,0.13531494140625,71.93811225891113,532.6346555029319
TCGA-4Z-AA7O,110,142,15,0.36441975831985474,-78.32312774658203,-6.252649784088135,72.0704779624939,-78.26850128173828,0.05462646484375,72.01585149765015,1319.3326379189944
TCGA-4Z-AA7O,111,142,15,0.10934216529130936,-78.32312774658203,-78.45130920410156,0.12818145751953125,-78.46807098388672,0.1449432373046875,-0.01676177978515625,0.884356248026108
TCGA-4Z-AA7O,112,142,15,0.2155025452375412,-78.32312774658203,-6.252633571624756,72.07049417495728,-78.46826934814453,0.1451416015625,71.92535257339478,496.55297584629943
TCGA-4Z-AA7O,113,142,15,0.27003392577171326,-78.32312774658203,-6.252598762512207,72.07052898406982,-78.45948791503906,0.13636016845703125,71.9341688156128,528.5306537794438
TCGA-4Z-AA7O,114,142,15,0.11136573553085327,-78.32312774658203,-78.45183563232422,0.1287078857421875,-78.28565216064453,0.0374755859375,0.0912322998046875,3.4344462540716614
TCGA-4Z-AA7O,115,142,15,0.2004624903202057,-78.32312774658203,-6.252598762512207,72.07052898406982,-78.4603271484375,0.13719940185546875,71.93332958221436,525.297690874715
TCGA-4Z-AA7O,116,142,15,0.9997325539588928,-78.32312774658203,-6.249744892120361,72.07338285446167,-78.06928253173828,0.25384521484375,71.81953763961792,283.9264978811012
TCGA-4Z-AA7O,117,142,15,0.5132424235343933,-78.32312774658203,-6.252662181854248,72.07046556472778,-78.47261810302734,0.1494903564453125,71.92097520828247,482.10779128814943
TCGA-4Z-AA7O,118,142,15,0.6925555467605591,-78.32312774658203,-6.250569820404053,72.07255792617798,-78.46431732177734,0.1411895751953125,71.93136835098267,510.46656827515403
TCGA-4Z-AA7O,119,142,15,0.11126121133565903,-78.32312774658203,-78.45130920410156,0.12818145751953125,-78.46277618408203,0.1396484375,-0.01146697998046875,0.9178868006993007
TCGA-4Z-AA7O,120,142,15,0.9971492886543274,-78.32312774658203,-6.249700546264648,72.07342720031738,-78.46923065185547,0.1461029052734375,71.92732429504395,493.3059138381201
TCGA-4Z-AA7O,121,142,15,0.5903065204620361,-78.32312774658203,-6.25234842300415,72.07077932357788,-78.45578002929688,0.13265228271484375,71.93812704086304,543.305986512912
TCGA-4Z-AA7O,122,142,15,0.977155864238739,-78.32312774658203,-6.249700546264648,72.07342720031738,-78.46504974365234,0.1419219970703125,71.93150520324707,507.8383103967315
TCGA-4Z-AA7O,123,142,15,0.9992527365684509,-78.32312774658203,-6.249700546264648,72.07342720031738,-78.27542877197266,0.047698974609375,72.02572822570801,1511.0057981445937
TCGA-4Z-AA7O,124,142,15,0.2395198494195938,-78.32312774658203,-6.252598762512207,72.07052898406982,-78.2597427368164,0.063385009765625,72.0071439743042,1137.027970028888
TCGA-4Z-AA7O,125,142,15,0.8282867670059204,-78.32312774658203,-6.249868869781494,72.07325887680054,-78.25403594970703,0.069091796875,72.00416707992554,1043.1521850154593
TCGA-4Z-AA7O,126,142,15,0.9973140954971313,-78.32312774658203,-6.249700546264648,72.07342720031738,-78.08312225341797,0.2400054931640625,71.83342170715332,300.29907336766485
TCGA-4Z-AA7O,127,142,15,0.10867882519960403,-78.32312774658203,-78.45130920410156,0.12818145751953125,-78.45707702636719,0.13394927978515625,-0.005767822265625,0.9569402517514382
TCGA-4Z-AA7O,128,142,15,0.1111929640173912,-78.32312774658203,-78.45130920410156,0.12818145751953125,-78.46280670166016,0.139678955078125,-0.01149749755859375,0.9176862573738257
TCGA-4Z-AA7O,129,142,15,0.9979674816131592,-78.32312774658203,-6.249700546264648,72.07342720031738,-78.05452728271484,0.2686004638671875,71.8048267364502,268.32949639266036
TCGA-4Z-AA7O,130,142,15,0.747089147567749,-78.32312774658203,-6.250075817108154,72.07305192947388,-78.0553207397461,0.2678070068359375,71.80524492263794,269.123100179477
TCGA-4Z-AA7O,131,142,15,0.6859198212623596,-78.32312774658203,-6.2513837814331055,72.07174396514893,-78.46695709228516,0.143829345703125,71.9279146194458,501.0920658285593
TCGA-4Z-AA7O,132,142,15,0.1107284277677536,-78.32312774658203,-78.45130920410156,0.12818145751953125,-78.46138763427734,0.1382598876953125,-0.01007843017578125,0.9271051760291359
TCGA-4Z-AA7O,133,142,15,0.9728786945343018,-78.32312774658203,-6.249700546264648,72.07342720031738,-78.26875305175781,0.05437469482421875,72.01905250549316,1325.4957555773817
TCGA-4Z-AA7O,134,142,15,0.9992268681526184,-78.32312774658203,-6.249700546264648,72.07342720031738,-78.46424102783203,0.14111328125,71.93231391906738,510.7487159385813
TCGA-4Z-AA7O,135,142,15,0.22789713740348816,-78.32312774658203,-6.252633571624756,72.07049417495728,-78.05358123779297,0.2695465087890625,71.80094766616821,267.376841565242
TCGA-4Z-AA7O,136,142,15,0.7298157811164856,-78.32312774658203,-6.250075817108154,72.07305192947388,-78.26660919189453,0.0565185546875,72.01653337478638,1275.2104566009718
TCGA-4Z-AA7O,137,142,15,0.560352087020874,-78.32312774658203,-6.252513408660889,72.07061433792114,-78.0707778930664,0.252349853515625,71.81826448440552,285.5980034617245
TCGA-4Z-AA7O,138,142,15,0.11026514321565628,-78.32312774658203,-78.45130920410156,0.12818145751953125,-78.28327941894531,0.03984832763671875,0.0883331298828125,3.2167336779628566
TCGA-4Z-AA7O,139,142,15,0.11135660856962204,-78.32312774658203,-78.45130920410156,0.12818145751953125,-78.46146392822266,0.138336181640625,-0.01015472412109375,0.9265938671961174
TCGA-4Z-AA7O,140,142,15,0.2244078516960144,-78.32312774658203,-6.252598762512207,72.07052898406982,-77.97376251220703,0.349365234375,71.72116374969482,206.2899278258211
TCGA-4Z-AA7O,141,142,15,0.9985554218292236,-78.32312774658203,-6.249744892120361,72.07338285446167,-78.46147918701172,0.1383514404296875,71.93503141403198,520.9442173541414
TCGA-4Z-AA7O,142,142,15,0.11139911413192749,-78.32312774658203,-78.45183563232422,0.1287078857421875,-78.46456146240234,0.1414337158203125,-0.012725830078125,0.9100226561657137
TCGA-4Z-AA7O,143,142,15,0.11127045750617981,-78.32312774658203,-78.45130920410156,0.12818145751953125,-78.47023010253906,0.14710235595703125,-0.0189208984375,0.8713759659768684
TCGA-4Z-AA7O,144,142,15,0.6324633359909058,-78.32312774658203,-6.251973628997803,72.07115411758423,-78.46048736572266,0.137359619140625,71.9337944984436,524.6895307987114
TCGA-4Z-AA7O,145,142,15,0.6963918209075928,-78.32312774658203,-6.251681327819824,72.0714464187622,-77.98532104492188,0.33780670166015625,71.73363971710205,213.3511444994015
TCGA-4Z-AA7O,146,142,15,0.10840242356061935,-78.32312774658203,-78.45130920410156,0.12818145751953125,-78.46239471435547,0.1392669677734375,-0.01108551025390625,0.920401007998247
TCGA-4Z-AA7O,147,142,15,0.11439228057861328,-78.32312774658203,-6.252633571624756,72.07049417495728,-78.4555892944336,0.1324615478515625,71.93803262710571,544.0861543888952
TCGA-4Z-AA7O,148,142,15,0.10893014073371887,-78.32312774658203,-78.45130920410156,0.12818145751953125,-78.29102325439453,0.0321044921875,0.09607696533203125,3.992633079847909
TCGA-4Z-AA7O,149,142,15,0.9999337792396545,-78.32312774658203,-6.249700546264648,72.07342720031738,-78.27566528320312,0.04746246337890625,72.02596473693848,1518.5353239029096
TCGA-4Z-AA7O,150,142,15,0.1373639553785324,-78.32312774658203,-6.252633571624756,72.07049417495728,-78.45890045166016,0.135772705078125,71.93472146987915,530.8172517700607
TCGA-4Z-AA7O,151,142,15,0.9999580383300781,-78.32312774658203,-6.249700546264648,72.07342720031738,-78.29003143310547,0.0330963134765625,72.04033088684082,2177.6874711848777
TCGA-4Z-AA7O,152,142,15,0.11135682463645935,-78.32312774658203,-78.45183563232422,0.1287078857421875,-78.01122283935547,0.3119049072265625,-0.183197021484375,0.41265104446944867
TCGA-4Z-AA7O,153,142,15,0.6870492696762085,-78.32312774658203,-6.250682830810547,72.07244491577148,-78.0483169555664,0.274810791015625,71.79763412475586,262.2620627429206
TCGA-4Z-AA7O,154,142,15,0.11092401295900345,-78.32312774658203,-78.45130920410156,0.12818145751953125,-78.23479461669922,0.0883331298828125,0.03984832763671875,1.451114182069442
TCGA-4Z-AA7O,155,142,15,0.9997410178184509,-78.32312774658203,-6.249700546264648,72.07342720031738,-78.29386138916016,0.029266357421875,72.04416084289551,2462.6715980187696
TCGA-4Z-AA7O,156,142,15,0.7832399606704712,-78.32312774658203,-6.2499918937683105,72.07313585281372,-78.26941680908203,0.0537109375,72.01942491531372,1341.8707475142046
TCGA-4Z-AA7O,157,142,15,0.1113571971654892,-78.32312774658203,-78.45183563232422,0.1287078857421875,-78.23092651367188,0.09220123291015625,0.03650665283203125,1.3959453868431941
TCGA-4Z-AA7O,158,142,15,0.11096278578042984,-78.32312774658203,-78.45130920410156,0.12818145751953125,-78.286376953125,0.03675079345703125,0.0914306640625,3.487855511729292
TCGA-4Z-AA7O,159,142,15,0.11141287535429001,-78.32312774658203,-78.45183563232422,0.1287078857421875,-78.06982421875,0.25330352783203125,-0.12459564208984375,0.5081172253847775
TCGA-4Z-AA7O,160,142,15,0.41959720849990845,-78.32312774658203,-6.2525954246521,72.07053232192993,-78.46257781982422,0.1394500732421875,71.93108224868774,516.8196089561221
TCGA-4Z-AA7O,161,142,15,0.9863775372505188,-78.32312774658203,-6.249744892120361,72.07338285446167,-78.2875747680664,0.035552978515625,72.03782987594604,2027.210823497854
TCGA-4Z-AA7O,162,142,15,0.7607536315917969,-78.32312774658203,-6.249868869781494,72.07325887680054,-78.01297760009766,0.310150146484375,71.76310873031616,232.3818308447309
TCGA-4Z-AA7O,163,142,15,0.10653166472911835,-78.32312774658203,-78.45130920410156,0.12818145751953125,-78.24056243896484,0.0825653076171875,0.04561614990234375,1.5524856773239697
TCGA-4Z-AA7O,164,142,15,0.22303633391857147,-78.32312774658203,-6.252598762512207,72.07052898406982,-78.28966522216797,0.0334625244140625,72.03706645965576,2153.768439352485
TCGA-4Z-AA7O,165,142,15,0.999495804309845,-78.32312774658203,-6.249700546264648,72.07342720031738,-78.46392059326172,0.1407928466796875,71.9326343536377,511.9111439254362
TCGA-4Z-AA7O,166,142,15,0.10810170322656631,-78.32312774658203,-78.45130920410156,0.12818145751953125,-78.46846771240234,0.1453399658203125,-0.01715850830078125,0.8819422572178478
TCGA-4Z-AA7O,167,142,15,0.5951134562492371,-78.32312774658203,-6.252391338348389,72.07073640823364,-78.45922088623047,0.1360931396484375,71.9346432685852,529.5692096927907
TCGA-4Z-AA7O,168,142,15,0.6656878590583801,-78.32312774658203,-6.251463890075684,72.07166385650635,-78.46569061279297,0.1425628662109375,71.92910099029541,505.5430335545328
TCGA-4Z-AA7O,169,142,15,0.23409347236156464,-78.32312774658203,-6.252598762512207,72.07052898406982,-78.46556854248047,0.1424407958984375,71.92808818817139,505.9683114622389
TCGA-4Z-AA7O,170,142,15,0.519693911075592,-78.32312774658203,-6.252532482147217,72.07059526443481,-78.46257781982422,0.1394500732421875,71.93114519119263,516.8200603184156
TCGA-4Z-AA7O,171,142,15,0.6775984764099121,-78.32312774658203,-6.250682830810547,72.07244491577148,-78.28430938720703,0.038818359375,72.03362655639648,1856.6587067610062
TCGA-4Z-AA7O,172,142,15,0.5360341668128967,-78.32312774658203,-6.252546787261963,72.07058095932007,-78.4607162475586,0.1375885009765625,71.9329924583435,523.8125311910835
TCGA-4Z-AA7O,173,142,15,0.9995386004447937,-78.32312774658203,-6.249700546264648,72.07342720031738,-78.27112579345703,0.052001953125,72.02142524719238,1385.97538879108
TCGA-4Z-AA7O,174,142,15,0.9996746778488159,-78.32312774658203,-6.249700546264648,72.07342720031738,-78.46796417236328,0.14483642578125,71.92859077453613,497.61948219553307
TCGA-4Z-AA7O,175,142,15,0.999940812587738,-78.32312774658203,-6.249700546264648,72.07342720031738,-78.29110717773438,0.03202056884765625,72.04140663146973,2250.8478079580655
TCGA-4Z-AA7O,176,142,15,0.7165253758430481,-78.32312774658203,-6.250328540802002,72.07279920578003,-78.0528793334961,0.2702484130859375,71.80255079269409,266.6909247783863
TCGA-4Z-AA7O,177,142,15,0.702843427658081,-78.32312774658203,-6.2505998611450195,72.07252788543701,-78.26604461669922,0.0570831298828125,72.0154447555542,1262.588930098904
TCGA-4Z-AA7O,178,142,15,0.9910813570022583,-78.32312774658203,-6.249700546264648,72.07342720031738,-78.46015167236328,0.13702392578125,71.93640327453613,525.9915506681515
TCGA-4Z-AA7O,179,142,15,0.1517353355884552,-78.32312774658203,-6.252633571624756,72.07049417495728,-78.2659912109375,0.05713653564453125,72.01335763931274,1261.373189010549
TCGA-4Z-AA7O,180,142,15,0.22590981423854828,-78.32312774658203,-6.252633571624756,72.07049417495728,-78.46309661865234,0.1399688720703125,71.93052530288696,514.903729014499
TCGA-4Z-AA7O,181,142,15,0.5608306527137756,-78.32312774658203,-6.252513408660889,72.07061433792114,-78.27877044677734,0.0443572998046875,72.02625703811646,1624.7746065531476
TCGA-4Z-AA7O,182,142,15,0.23766185343265533,-78.32312774658203,-6.252633571624756,72.07049417495728,-78.28875732421875,0.03437042236328125,72.036123752594,2096.8754300776914
TCGA-4Z-AA7O,183,142,15,0.15239806473255157,-78.32312774658203,-6.252633571624756,72.07049417495728,-78.26387786865234,0.0592498779296875,72.01124429702759,1216.3821545840844
TCGA-4Z-AA7O,184,142,15,0.9996426105499268,-78.32312774658203,-6.249700546264648,72.07342720031738,-78.4652099609375,0.14208221435546875,71.93134498596191,507.26565268753694
TCGA-4Z-AA7O,185,142,15,0.5796799063682556,-78.32312774658203,-6.251980304718018,72.07114744186401,-78.29503631591797,0.0280914306640625,72.04305601119995,2565.5919167571974
TCGA-4Z-AA7Q,0,100,10,0.10023591667413712,0.823311984539032,0.8257756233215332,0.0024636387825012207,0.8234497904777527,0.00013780593872070312,0.0023258328437805176,17.877595155709344
TCGA-4Z-AA7Q,1,100,10,0.10001589357852936,0.823311984539032,0.8224666118621826,0.0008453726768493652,0.8237462043762207,0.0004342198371887207,0.00041115283966064453,1.9468771448181195
TCGA-4Z-AA7Q,2,100,10,0.10032530128955841,0.823311984539032,0.8257756233215332,0.0024636387825012207,0.8231030106544495,0.00020897388458251953,0.002254664897918701,11.789218482601255
TCGA-4Z-AA7Q,3,100,10,0.10006032884120941,0.823311984539032,0.8256337642669678,0.002321779727935791,0.8231469392776489,0.00016504526138305664,0.0021567344665527344,14.067533405561575
TCGA-4Z-AA7Q,4,100,10,0.10002750903367996,0.823311984539032,0.8222532868385315,0.0010586977005004883,0.8230904340744019,0.00022155046463012695,0.0008371472358703613,4.778584880279795
TCGA-4Z-AA7Q,5,100,10,0.10024727880954742,0.823311984539032,0.8257756233215332,0.0024636387825012207,0.8237870335578918,0.0004750490188598633,0.0019885897636413574,5.186072772898369
TCGA-4Z-AA7Q,6,100,10,0.10052847117185593,0.823311984539032,0.8257756233215332,0.0024636387825012207,0.8234075903892517,9.560585021972656e-05,0.002368032932281494,25.768703241895263
TCGA-4Z-AA7Q,7,100,10,0.10002413392066956,0.823311984539032,0.824888288974762,0.0015763044357299805,0.8233705163002014,5.8531761169433594e-05,0.0015177726745605469,26.930753564154784
TCGA-4Z-AA7Q,8,100,10,0.10023082047700882,0.823311984539032,0.8220967054367065,0.0012152791023254395,0.8236370086669922,0.0003250241279602051,0.0008902549743652344,3.7390427287731525
TCGA-4Z-AA7Q,9,100,10,0.10005228966474533,0.823311984539032,0.8222852945327759,0.0010266900062561035,0.8229946494102478,0.0003173351287841797,0.0007093548774719238,3.2353493613824194
TCGA-4Z-AA7Q,10,100,10,0.10018766671419144,0.823311984539032,0.8221075534820557,0.0012044310569763184,0.8230679631233215,0.00024402141571044922,0.0009604096412658691,4.935759648265755
TCGA-4Z-AA7Q,11,100,10,0.10027804225683212,0.823311984539032,0.8257756233215332,0.0024636387825012207,0.8228553533554077,0.0004566311836242676,0.002007007598876953,5.395248662054562
TCGA-4Z-AA7Q,12,100,10,0.10049635171890259,0.823311984539032,0.8257756233215332,0.0024636387825012207,0.8229429721832275,0.00036901235580444336,0.0020946264266967773,6.676304312712001
TCGA-4Z-AA7Q,13,100,10,0.1001853346824646,0.823311984539032,0.8257756233215332,0.0024636387825012207,0.823221743106842,9.02414321899414e-05,0.0023733973503112793,27.300528401585204
TCGA-4Z-AA7Q,14,100,10,0.10015479475259781,0.823311984539032,0.8257756233215332,0.0024636387825012207,0.8235460519790649,0.00023406744003295898,0.0022295713424682617,10.52533740769035
TCGA-4Z-AA7Q,15,100,10,0.1000322476029396,0.823311984539032,0.8253950476646423,0.0020830631256103516,0.8232024312019348,0.00010955333709716797,0.0019735097885131836,19.014145810663766
TCGA-4Z-AA7Q,16,100,10,0.10001567751169205,0.823311984539032,0.8246161341667175,0.0013041496276855469,0.8237857818603516,0.0004737973213195801,0.0008303523063659668,2.752547490250346
TCGA-4Z-AA7Q,17,100,10,0.10017374902963638,0.823311984539032,0.8257756233215332,0.0024636387825012207,0.823451042175293,0.00013905763626098633,0.0023245811462402344,17.716673810544364
TCGA-4Z-AA7Q,18,100,10,0.10038647800683975,0.823311984539032,0.8257756233215332,0.0024636387825012207,0.823752760887146,0.00044077634811401367,0.002022862434387207,5.589317106152806
TCGA-4Z-AA7Q,19,100,10,0.10052631050348282,0.823311984539032,0.8257756233215332,0.0024636387825012207,0.8229235410690308,0.0003884434700012207,0.0020751953125,6.342335430412767
TCGA-4Z-AA7Q,20,100,10,0.1001012772321701,0.823311984539032,0.8258296847343445,0.0025177001953125,0.8233211040496826,9.119510650634766e-06,0.0025085806846618652,276.078431372549
TCGA-4Z-AA7Q,21,100,10,0.10004247725009918,0.823311984539032,0.8255937099456787,0.0022817254066467285,0.8229220509529114,0.00038993358612060547,0.001891791820526123,5.851574442066647
TCGA-4Z-AA7Q,22,100,10,0.10017143189907074,0.823311984539032,0.8257756233215332,0.0024636387825012207,0.8230564594268799,0.0002555251121520996,0.002208113670349121,9.641474224399348
TCGA-4Z-AA7Q,23,100,10,0.1002030074596405,0.823311984539032,0.8257756233215332,0.0024636387825012207,0.8230782747268677,0.00023370981216430664,0.002229928970336914,10.54144350930885
TCGA-4Z-AA7Q,24,100,10,0.10008428990840912,0.823311984539032,0.8222386240959167,0.0010733604431152344,0.8228368163108826,0.00047516822814941406,0.0005981922149658203,2.2589061716006023
TCGA-4Z-AA7Q,25,100,10,0.10012496262788773,0.823311984539032,0.8221746683120728,0.0011373162269592285,0.8237009644508362,0.0003889799118041992,0.0007483363151550293,2.9238430891817346
TCGA-4Z-AA7Q,26,100,10,0.10001351684331894,0.823311984539032,0.8225492835044861,0.0007627010345458984,0.8232417702674866,7.021427154541016e-05,0.0006924867630004883,10.862478777589134
TCGA-4Z-AA7Q,27,100,10,0.10017098486423492,0.823311984539032,0.8257756233215332,0.0024636387825012207,0.8232832551002502,2.872943878173828e-05,0.0024349093437194824,85.75311203319502
TCGA-4Z-AA7Q,28,100,10,0.1002197340130806,0.823311984539032,0.8257756233215332,0.0024636387825012207,0.8233463168144226,3.4332275390625e-05,0.0024293065071105957,71.75868055555556
TCGA-4Z-AA7Q,29,100,10,0.10004730522632599,0.823311984539032,0.8240594267845154,0.0007474422454833984,0.823161244392395,0.0001507401466369629,0.0005967020988464355,4.958481613285883
TCGA-4Z-AA7Q,30,100,10,0.10008734464645386,0.823311984539032,0.8222275972366333,0.0010843873023986816,0.8235960602760315,0.0002840757369995117,0.0008003115653991699,3.817247167436005
TCGA-4Z-AA7Q,31,100,10,0.10044268518686295,0.823311984539032,0.8257756233215332,0.0024636387825012207,0.8234925866127014,0.0001806020736694336,0.002283036708831787,13.64125412541254
TCGA-4Z-AA7Q,32,100,10,0.10002907365560532,0.823311984539032,0.8222606182098389,0.0010513663291931152,0.8240236639976501,0.0007116794586181641,0.00033968687057495117,1.4773031825795644
TCGA-4Z-AA7Q,33,100,10,0.10015639662742615,0.823311984539032,0.8257756233215332,0.0024636387825012207,0.8239761590957642,0.0006641745567321777,0.001799464225769043,3.709324239432828
TCGA-4Z-AA7Q,34,100,10,0.1000470444560051,0.823311984539032,0.8222091197967529,0.0011028647422790527,0.8233844637870789,7.2479248046875e-05,0.0010303854942321777,15.216282894736842
TCGA-4Z-AA7Q,35,100,10,0.1001056507229805,0.823311984539032,0.8221746683120728,0.0011373162269592285,0.82346111536026,0.00014913082122802734,0.0009881854057312012,7.626298960831335
TCGA-4Z-AA7Q,36,100,10,0.1001393049955368,0.823311984539032,0.8221746683120728,0.0011373162269592285,0.8236745595932007,0.00036257505416870117,0.0007747411727905273,3.136774617787276
TCGA-4Z-AA7Q,37,100,10,0.10003940761089325,0.823311984539032,0.8255937099456787,0.0022817254066467285,0.8233989477157593,8.696317672729492e-05,0.0021947622299194336,26.237834132967787
TCGA-4Z-AA7Q,38,100,10,0.10027586668729782,0.823311984539032,0.8257756233215332,0.0024636387825012207,0.8231515884399414,0.00016039609909057617,0.0023032426834106445,15.359717577108881
TCGA-4Z-AA7Q,39,100,10,0.10005411505699158,0.823311984539032,0.8222852945327759,0.0010266900062561035,0.8232436180114746,6.836652755737305e-05,0.0009583234786987305,15.01743679163034
TCGA-4Z-AA7Q,40,100,10,0.10010010004043579,0.823311984539032,0.8221835494041443,0.0011284351348876953,0.8233969807624817,8.499622344970703e-05,0.0010434389114379883,13.276297335203367
TCGA-4Z-AA7Q,41,100,10,0.10030531138181686,0.823311984539032,0.8257756233215332,0.0024636387825012207,0.8238048553466797,0.0004928708076477051,0.0019707679748535156,4.9985487967106055
TCGA-4Z-AA7Q,42,100,10,0.100019671022892,0.823311984539032,0.8232443332672119,6.765127182006836e-05,0.8231781721115112,0.00013381242752075195,-6.61611557006836e-05,0.5055679287305123
TCGA-4Z-AA7Q,43,100,10,0.10018212348222733,0.823311984539032,0.8257756233215332,0.0024636387825012207,0.823148250579834,0.00016373395919799805,0.0022999048233032227,15.04659628685839
TCGA-4Z-AA7Q,44,100,10,0.10006493330001831,0.823311984539032,0.8257349133491516,0.002422928810119629,0.8229627013206482,0.00034928321838378906,0.00207364559173584,6.936860068259386
TCGA-4Z-AA7Q,45,100,10,0.10009463131427765,0.823311984539032,0.8258296847343445,0.0025177001953125,0.8241971135139465,0.0008851289749145508,0.0016325712203979492,2.8444444444444446
TCGA-4Z-AA7Q,46,100,10,0.10002036392688751,0.823311984539032,0.8247165083885193,0.0014045238494873047,0.8229601979255676,0.00035178661346435547,0.0010527372360229492,3.9925449000338866
TCGA-4Z-AA7Q,47,100,10,0.10004673153162003,0.823311984539032,0.8222619295120239,0.0010500550270080566,0.8229124546051025,0.00039952993392944336,0.0006505250930786133,2.6282261673877367
TCGA-4Z-AA7Q,48,100,10,0.10003909468650818,0.823311984539032,0.8222293853759766,0.00108259916305542,0.823438823223114,0.00012683868408203125,0.0009557604789733887,8.535244360902256
TCGA-4Z-AA7Q,49,100,10,0.10003838688135147,0.823311984539032,0.8256337642669678,0.002321779727935791,0.8227516412734985,0.0005603432655334473,0.0017614364624023438,4.143495372832677
TCGA-4Z-AA7Q,50,100,10,0.10002313554286957,0.823311984539032,0.8224174380302429,0.0008945465087890625,0.823248565196991,6.341934204101562e-05,0.0008311271667480469,14.105263157894736
TCGA-4Z-AA7Q,51,100,10,0.10004550218582153,0.823311984539032,0.8222091197967529,0.0011028647422790527,0.8229644894599915,0.00034749507904052734,0.0007553696632385254,3.173756432246998
TCGA-4Z-AA7Q,52,100,10,0.10006871074438095,0.823311984539032,0.8223031163215637,0.0010088682174682617,0.8233376741409302,2.568960189819336e-05,0.0009831786155700684,39.27146171693735
TCGA-4Z-AA7Q,53,100,10,0.10005192458629608,0.823311984539032,0.8254607319831848,0.002148747444152832,0.8238572478294373,0.0005452632904052734,0.0016034841537475586,3.940752076956712
TCGA-4Z-AA7Q,54,100,10,0.10008825361728668,0.823311984539032,0.8257756233215332,0.0024636387825012207,0.8241393566131592,0.0008273720741271973,0.0016362667083740234,2.9776673150349398
TCGA-4Z-AA7Q,55,100,10,0.10020510107278824,0.823311984539032,0.8257756233215332,0.0024636387825012207,0.8236985802650452,0.0003865957260131836,0.002077043056488037,6.372648781991983
TCGA-4Z-AA7Q,56,100,10,0.10027594119310379,0.823311984539032,0.8220967054367065,0.0012152791023254395,0.8238384127616882,0.00052642822265625,0.0006888508796691895,2.308537137681159
TCGA-4Z-AA7Q,57,100,10,0.10002698749303818,0.823311984539032,0.824888288974762,0.0015763044357299805,0.8229237198829651,0.00038826465606689453,0.001188039779663086,4.059871046975744
TCGA-4Z-AA7Q,58,100,10,0.10003256052732468,0.823311984539032,0.8222747445106506,0.0010372400283813477,0.8238874077796936,0.0005754232406616211,0.00046181678771972656,1.8025688833644085
TCGA-4Z-AA7Q,59,100,10,0.10013190656900406,0.823311984539032,0.8221746683120728,0.0011373162269592285,0.8231800198554993,0.00013196468353271484,0.0010053515434265137,8.618337850045167
TCGA-4Z-AA7Q,60,100,10,0.10004081577062607,0.823311984539032,0.8244141936302185,0.0011022090911865234,0.8237324953079224,0.00042051076889038086,0.0006816983222961426,2.621119773210489
TCGA-4Z-AA7Q,61,100,10,0.10007473826408386,0.823311984539032,0.8221785426139832,0.0011334419250488281,0.8235606551170349,0.0002486705780029297,0.0008847713470458984,4.5580057526366256
TCGA-4Z-AA7Q,62,100,10,0.10007377713918686,0.823311984539032,0.8257349133491516,0.002422928810119629,0.8233305811882019,1.8596649169921875e-05,0.002404332160949707,130.28846153846155
TCGA-4Z-AA7Q,63,100,10,0.1000259667634964,0.823311984539032,0.8248810172080994,0.0015690326690673828,0.8235390782356262,0.00022709369659423828,0.0013419389724731445,6.909186351706037
TCGA-4Z-AA7Q,64,100,10,0.10014782100915909,0.823311984539032,0.8221075534820557,0.0012044310569763184,0.8232616782188416,5.030632019042969e-05,0.0011541247367858887,23.941943127962084
TCGA-4Z-AA7Q,65,100,10,0.10020114481449127,0.823311984539032,0.8221075534820557,0.0012044310569763184,0.8228669762611389,0.0004450082778930664,0.000759422779083252,2.7065362978837397
TCGA-4Z-AA7Q,66,100,10,0.1000591516494751,0.823311984539032,0.8222249746322632,0.0010870099067687988,0.8230318427085876,0.00028014183044433594,0.0008068680763244629,3.880212765957447
TCGA-4Z-AA7Q,67,100,10,0.10030092298984528,0.823311984539032,0.8257756233215332,0.0024636387825012207,0.8236721158027649,0.00036013126373291016,0.0021035075187683105,6.840946706388613
TCGA-4Z-AA7Q,68,100,10,0.10023941099643707,0.823311984539032,0.8257756233215332,0.0024636387825012207,0.822975754737854,0.0003362298011779785,0.002127408981323242,7.327246942031555
TCGA-4Z-AA7Q,69,100,10,0.10011490434408188,0.823311984539032,0.8258296847343445,0.0025177001953125,0.8233409523963928,2.8967857360839844e-05,0.00248873233795166,86.91358024691358
TCGA-4Z-AA7Q,70,100,10,0.10008320212364197,0.823311984539032,0.8222386240959167,0.0010733604431152344,0.8231962323188782,0.0001157522201538086,0.0009576082229614258,9.272914521112256
TCGA-4Z-AA7Q,71,100,10,0.10007169842720032,0.823311984539032,0.8222386240959167,0.0010733604431152344,0.8229523301124573,0.00035965442657470703,0.0007137060165405273,2.9844216108717267
TCGA-4Z-AA7Q,72,100,10,0.10010194778442383,0.823311984539032,0.8221746683120728,0.0011373162269592285,0.8232417702674866,7.021427154541016e-05,0.0010671019554138184,16.19779286926995
TCGA-4Z-AA7Q,73,100,10,0.100032277405262,0.823311984539032,0.8251740336418152,0.0018620491027832031,0.8235930800437927,0.0002810955047607422,0.001580953598022461,6.624257845631892
TCGA-4Z-AA7Q,74,100,10,0.10018376260995865,0.823311984539032,0.8221746683120728,0.0011373162269592285,0.823268711566925,4.3272972106933594e-05,0.001094043254852295,26.28236914600551
TCGA-4Z-AA7Q,75,100,10,0.10014554858207703,0.823311984539032,0.8221746683120728,0.0011373162269592285,0.8230662941932678,0.00024569034576416016,0.0008916258811950684,4.629063561377972
TCGA-4Z-AA7Q,76,100,10,0.10007230192422867,0.823311984539032,0.8254621624946594,0.0021501779556274414,0.8232824206352234,2.956390380859375e-05,0.0021206140518188477,72.72983870967742
TCGA-4Z-AA7Q,77,100,10,0.10046549886465073,0.823311984539032,0.8257756233215332,0.0024636387825012207,0.8232889771461487,2.300739288330078e-05,0.00244063138961792,107.08031088082902
TCGA-4Z-AA7Q,78,100,10,0.10004080086946487,0.823311984539032,0.8221965432167053,0.0011154413223266602,0.823286235332489,2.574920654296875e-05,0.0010896921157836914,43.31944444444444
TCGA-4Z-AA7Q,79,100,10,0.10037162899971008,0.823311984539032,0.8257756233215332,0.0024636387825012207,0.823320209980011,8.225440979003906e-06,0.002455413341522217,299.5144927536232
TCGA-4Z-AA7Q,80,100,10,0.10001207888126373,0.823311984539032,0.8225638270378113,0.0007481575012207031,0.8241596817970276,0.0008476972579956055,-9.953975677490234e-05,0.8825762902545352
TCGA-4Z-AA7Q,81,100,10,0.10004668682813644,0.823311984539032,0.8222852945327759,0.0010266900062561035,0.8232405781745911,7.140636444091797e-05,0.0009552836418151855,14.37813021702838
TCGA-4Z-AA7Q,82,100,10,0.10023228824138641,0.823311984539032,0.8220967054367065,0.0012152791023254395,0.8244919180870056,0.0011799335479736328,3.534555435180664e-05,1.0299555465750656
TCGA-4Z-AA7Q,83,100,10,0.1000550165772438,0.823311984539032,0.8221965432167053,0.0011154413223266602,0.8231485486030579,0.0001634359359741211,0.0009520053863525391,6.824945295404814
TCGA-4Z-AA7Q,84,100,10,0.10007024556398392,0.823311984539032,0.8257756233215332,0.0024636387825012207,0.8232933878898621,1.8596649169921875e-05,0.002445042133331299,132.47756410256412
TCGA-4Z-AA7Q,85,100,10,0.10005960613489151,0.823311984539032,0.8251792788505554,0.0018672943115234375,0.8236467242240906,0.00033473968505859375,0.0015325546264648438,5.578347578347579
TCGA-4Z-AA7Q,86,100,10,0.10041483491659164,0.823311984539032,0.8257756233215332,0.0024636387825012207,0.8235027194023132,0.00019073486328125,0.0022729039192199707,12.9165625
TCGA-4Z-AA7Q,87,100,10,0.10007338970899582,0.823311984539032,0.8222197890281677,0.0010921955108642578,0.8232410550117493,7.092952728271484e-05,0.001021265983581543,15.398319327731093
TCGA-4Z-AA7Q,88,100,10,0.10040023177862167,0.823311984539032,0.8257756233215332,0.0024636387825012207,0.8229957818984985,0.00031620264053344727,0.0021474361419677734,7.791328934967012
TCGA-4Z-AA7Q,89,100,10,0.1000390350818634,0.823311984539032,0.8222293853759766,0.00108259916305542,0.8235949277877808,0.0002829432487487793,0.0007996559143066406,3.826206024857805
TCGA-4Z-AA7Q,90,100,10,0.10013741254806519,0.823311984539032,0.8255053758621216,0.0021933913230895996,0.8230566382408142,0.00025534629821777344,0.0019380450248718262,8.589869281045752
TCGA-4Z-AA7Q,91,100,10,0.10006606578826904,0.823311984539032,0.8222386240959167,0.0010733604431152344,0.8228378891944885,0.00047409534454345703,0.0005992650985717773,2.2640181040985667
TCGA-4Z-AA7Q,92,100,10,0.10009366273880005,0.823311984539032,0.8257756233215332,0.0024636387825012207,0.823067843914032,0.000244140625,0.0022194981575012207,10.091064453125
TCGA-4Z-AA7Q,93,100,10,0.10013796389102936,0.823311984539032,0.8257756233215332,0.0024636387825012207,0.8228568434715271,0.0004551410675048828,0.002008497714996338,5.412912519643792
TCGA-4Z-AA7Q,94,100,10,0.10002824664115906,0.823311984539032,0.8222852945327759,0.0010266900062561035,0.8233607411384583,4.875659942626953e-05,0.000977933406829834,21.057457212713935
TCGA-4Z-AA7Q,95,100,10,0.10008634626865387,0.823311984539032,0.8257756233215332,0.0024636387825012207,0.8237587809562683,0.0004467964172363281,0.0020168423652648926,5.514007470651014
TCGA-4Z-AA7Q,96,100,10,0.1000196635723114,0.823311984539032,0.8226677775382996,0.0006442070007324219,0.8241063952445984,0.0007944107055664062,-0.00015020370483398438,0.8109243697478992
TCGA-4Z-AA7Q,97,100,10,0.10001839697360992,0.823311984539032,0.8229454159736633,0.00036656856536865234,0.823032557964325,0.00027942657470703125,8.71419906616211e-05,1.3118600682593857
TCGA-4Z-AA7Q,98,100,10,0.10001999884843826,0.823311984539032,0.8238016963005066,0.0004897117614746094,0.8235095143318176,0.00019752979278564453,0.00029218196868896484,2.47917923958962
TCGA-4Z-AA7Q,99,100,10,0.10003957152366638,0.823311984539032,0.8222852945327759,0.0010266900062561035,0.8235117793083191,0.00019979476928710938,0.0008268952369689941,5.138723150357995
TCGA-4Z-AA7Q,100,100,10,0.10006220638751984,0.823311984539032,0.8259372711181641,0.00262528657913208,0.8228971362113953,0.00041484832763671875,0.0022104382514953613,6.328304597701149
TCGA-4Z-AA7Q,101,100,10,0.10004463791847229,0.823311984539032,0.8257505893707275,0.0024386048316955566,0.8231621980667114,0.00014978647232055664,0.002288818359375,16.280541185833666
TCGA-4Z-AA7Q,102,100,10,0.1000184714794159,0.823311984539032,0.8224250674247742,0.0008869171142578125,0.8229179978370667,0.00039398670196533203,0.0004929304122924805,2.2511346444780633
TCGA-4Z-AA7Q,103,100,10,0.10024741291999817,0.823311984539032,0.8257756233215332,0.0024636387825012207,0.8229639530181885,0.00034803152084350586,0.002115607261657715,7.078780613118685
TCGA-4Z-AA7Q,104,100,10,0.10002724081277847,0.823311984539032,0.822615921497345,0.0006960630416870117,0.8232914805412292,2.0503997802734375e-05,0.0006755590438842773,33.94767441860465
TCGA-4Z-AA7Q,105,100,10,0.10004378855228424,0.823311984539032,0.8256337642669678,0.002321779727935791,0.82346510887146,0.00015312433242797852,0.0021686553955078125,15.162709225379524
TCGA-4Z-AA7Q,106,100,10,0.10023225843906403,0.823311984539032,0.8257756233215332,0.0024636387825012207,0.8231629729270935,0.00014901161193847656,0.002314627170562744,16.5332
TCGA-4Z-AA7Q,107,100,10,0.10018891841173172,0.823311984539032,0.8221075534820557,0.0012044310569763184,0.8230155110359192,0.00029647350311279297,0.0009079575538635254,4.062525130679534
TCGA-4Z-AA7Q,108,100,10,0.10027480870485306,0.823311984539032,0.8257756233215332,0.0024636387825012207,0.8237820267677307,0.00047004222869873047,0.0019935965538024902,5.241313720517373
TCGA-4Z-AA7Q,109,100,10,0.10014953464269638,0.823311984539032,0.8257756233215332,0.0024636387825012207,0.8233335018157959,2.1517276763916016e-05,0.0024421215057373047,114.49584487534626
TCGA-4Z-AA7Q,110,100,10,0.10006743669509888,0.823311984539032,0.8257756233215332,0.0024636387825012207,0.8232566714286804,5.53131103515625e-05,0.002408325672149658,44.539870689655174
TCGA-4Z-AA7Q,111,100,10,0.10013704001903534,0.823311984539032,0.8221746683120728,0.0011373162269592285,0.8232679963111877,4.398822784423828e-05,0.0010933279991149902,25.855013550135503
TCGA-4Z-AA7Q,112,100,10,0.10007058084011078,0.823311984539032,0.8222275972366333,0.0010843873023986816,0.8233018517494202,1.0132789611816406e-05,0.0010742545127868652,107.01764705882353
TCGA-4Z-AA7Q,113,100,10,0.10003896802663803,0.823311984539032,0.8256337642669678,0.002321779727935791,0.8230929374694824,0.00021904706954956055,0.0021027326583862305,10.599455782312925
TCGA-4Z-AA7Q,114,100,10,0.10042095929384232,0.823311984539032,0.8257756233215332,0.0024636387825012207,0.8231063485145569,0.00020563602447509766,0.002258002758026123,11.980579710144928
TCGA-4Z-AA7Q,115,100,10,0.10019339621067047,0.823311984539032,0.8221075534820557,0.0012044310569763184,0.8229468464851379,0.00036513805389404297,0.0008392930030822754,3.2985634998367614
TCGA-4Z-AA7Q,116,100,10,0.100154809653759,0.823311984539032,0.8221659660339355,0.0011460185050964355,0.8230587840080261,0.0002532005310058594,0.0008928179740905762,4.526129943502825
TCGA-4Z-AA7Q,117,100,10,0.10009720921516418,0.823311984539032,0.8221746683120728,0.0011373162269592285,0.82310551404953,0.00020647048950195312,0.0009308457374572754,5.50837182448037
TCGA-4Z-AA7Q,118,100,10,0.10024700313806534,0.823311984539032,0.8220967054367065,0.0012152791023254395,0.8235301971435547,0.00021821260452270508,0.0009970664978027344,5.5692433761267415
TCGA-4Z-AA7Q,119,100,10,0.10007471591234207,0.823311984539032,0.8223031163215637,0.0010088682174682617,0.8235465884208679,0.0002346038818359375,0.0007742643356323242,4.300304878048781
TCGA-4Z-AA7Q,120,100,10,0.10003537684679031,0.823311984539032,0.8256337642669678,0.002321779727935791,0.8230352401733398,0.00027674436569213867,0.0020450353622436523,8.389618780960586
TCGA-4Z-AA7Q,121,100,10,0.10002029687166214,0.823311984539032,0.8251740336418152,0.0018620491027832031,0.823674201965332,0.00036221742630004883,0.0014998316764831543,5.1406944215896
TCGA-4Z-AA7Q,122,100,10,0.10007697343826294,0.823311984539032,0.8222386240959167,0.0010733604431152344,0.823900043964386,0.0005880594253540039,0.00048530101776123047,1.8252584634096898
TCGA-4Z-AA7Q,123,100,10,0.10028258711099625,0.823311984539032,0.8220967054367065,0.0012152791023254395,0.8235812783241272,0.00026929378509521484,0.0009459853172302246,4.512837538733953
TCGA-4Z-AA7Q,124,100,10,0.10026323050260544,0.823311984539032,0.8257756233215332,0.0024636387825012207,0.8234927654266357,0.00018078088760375977,0.002282857894897461,13.62776129244972
TCGA-4Z-AA7Q,125,100,10,0.10014801472425461,0.823311984539032,0.8222078680992126,0.001104116439819336,0.8230535387992859,0.00025844573974609375,0.0008456707000732422,4.272140221402214
TCGA-4Z-AA7Q,126,100,10,0.10005303472280502,0.823311984539032,0.8257381916046143,0.0024262070655822754,0.8228415846824646,0.0004703998565673828,0.0019558072090148926,5.157754688291941
TCGA-4Z-AA7Q,127,100,10,0.10012120753526688,0.823311984539032,0.8221746683120728,0.0011373162269592285,0.82331782579422,5.841255187988281e-06,0.0011314749717712402,194.70408163265307
TCGA-4Z-AA7Q,128,100,10,0.100063756108284,0.823311984539032,0.8222275972366333,0.0010843873023986816,0.8233876824378967,7.56978988647461e-05,0.0010086894035339355,14.3251968503937
TCGA-4Z-AA7Q,129,100,10,0.10004474222660065,0.823311984539032,0.8254898190498352,0.0021778345108032227,0.8238257765769958,0.0005137920379638672,0.0016640424728393555,4.2387470997679815
TCGA-4Z-AA7Q,130,100,10,0.10001951456069946,0.823311984539032,0.8225050568580627,0.0008069276809692383,0.8236072659492493,0.00029528141021728516,0.0005116462707519531,2.7327412192167944
TCGA-4Z-AA7Q,131,100,10,0.10005618631839752,0.823311984539032,0.825767457485199,0.002455472946166992,0.8234636783599854,0.00015169382095336914,0.002303779125213623,16.187033398821217
TCGA-4Z-AA7Q,132,100,10,0.10013587772846222,0.823311984539032,0.8221746683120728,0.0011373162269592285,0.8235469460487366,0.00023496150970458984,0.0009023547172546387,4.840436326737697
TCGA-4Z-AA7Q,133,100,10,0.10018260031938553,0.823311984539032,0.8257756233215332,0.0024636387825012207,0.8233285546302795,1.6570091247558594e-05,0.002447068691253662,148.67985611510792
TCGA-4Z-AA7Q,134,100,10,0.10041914135217667,0.823311984539032,0.8257756233215332,0.0024636387825012207,0.8231778740882874,0.0001341104507446289,0.002329528331756592,18.37022222222222
TCGA-4Z-AA7Q,135,100,10,0.10026342421770096,0.823311984539032,0.8257756233215332,0.0024636387825012207,0.8234808444976807,0.00016885995864868164,0.002294778823852539,14.589834098129192
TCGA-4Z-AA7Q,136,100,10,0.10004040598869324,0.823311984539032,0.8222293853759766,0.00108259916305542,0.8240472674369812,0.0007352828979492188,0.00034731626510620117,1.472357328145266
TCGA-4Z-AA7Q,137,100,10,0.10016748309135437,0.823311984539032,0.8257756233215332,0.0024636387825012207,0.8237249255180359,0.00041294097900390625,0.0020506978034973145,5.966079676674365
TCGA-4Z-AA7Q,138,100,10,0.10003529489040375,0.823311984539032,0.8256337642669678,0.002321779727935791,0.8235838413238525,0.00027185678482055664,0.0020499229431152344,8.54045165533874
TCGA-4Z-AA7Q,139,100,10,0.10027158260345459,0.823311984539032,0.8257756233215332,0.0024636387825012207,0.8235835433006287,0.0002715587615966797,0.002192080020904541,9.072212467076383
TCGA-4Z-AA7Q,140,100,10,0.10021582990884781,0.823311984539032,0.8257756233215332,0.0024636387825012207,0.8231690526008606,0.00014293193817138672,0.002320706844329834,17.236447039199334
TCGA-4Z-AA7Q,141,100,10,0.10011935979127884,0.823311984539032,0.8221746683120728,0.0011373162269592285,0.823483943939209,0.00017195940017700195,0.0009653568267822266,6.613864818024264
TCGA-4Z-AA7Q,142,100,10,0.10036002844572067,0.823311984539032,0.8257756233215332,0.0024636387825012207,0.823726236820221,0.00041425228118896484,0.002049386501312256,5.947194244604317
TCGA-4Z-AA7Q,143,100,10,0.1003405898809433,0.823311984539032,0.8257756233215332,0.0024636387825012207,0.8233075737953186,4.410743713378906e-06,0.002459228038787842,558.5540540540541
TCGA-4Z-AA7Q,144,100,10,0.10002630949020386,0.823311984539032,0.824888288974762,0.0015763044357299805,0.8236632943153381,0.00035130977630615234,0.0012249946594238281,4.486935866983373
TCGA-4Z-AA7Q,145,100,10,0.10009297728538513,0.823311984539032,0.8221659660339355,0.0011460185050964355,0.823329508304596,1.7523765563964844e-05,0.0011284947395324707,65.39795918367346
TCGA-4Z-AA7Q,146,100,10,0.10005561262369156,0.823311984539032,0.8222852945327759,0.0010266900062561035,0.8231622576713562,0.00014972686767578125,0.0008769631385803223,6.857085987261146
TCGA-4Z-AA7Q,147,100,10,0.10005492717027664,0.823311984539032,0.8257349133491516,0.002422928810119629,0.8232606053352356,5.137920379638672e-05,0.002371549606323242,47.15777262180975
TCGA-4Z-AA7Q,148,100,10,0.10009866952896118,0.823311984539032,0.8221746683120728,0.0011373162269592285,0.823756992816925,0.0004450082778930664,0.0006923079490661621,2.555719260648272
TCGA-4Z-AA7Q,149,100,10,0.10003247112035751,0.823311984539032,0.8222852945327759,0.0010266900062561035,0.8231987357139587,0.00011324882507324219,0.0009134411811828613,9.06578947368421
TCGA-4Z-AA7Q,150,100,10,0.10018507391214371,0.823311984539032,0.8257756233215332,0.0024636387825012207,0.8229666352272034,0.0003453493118286133,0.0021182894706726074,7.133759061097687
TCGA-4Z-AA7Q,151,100,10,0.10033180564641953,0.823311984539032,0.8257756233215332,0.0024636387825012207,0.8231730461120605,0.00013893842697143555,0.002324700355529785,17.731874731874733
TCGA-4Z-AA7Q,152,100,10,0.10024003684520721,0.823311984539032,0.8257756233215332,0.0024636387825012207,0.8235182762145996,0.00020629167556762695,0.0022573471069335938,11.942502167003756
TCGA-4Z-AA7Q,153,100,10,0.10008454322814941,0.823311984539032,0.8222386240959167,0.0010733604431152344,0.8231306672096252,0.00018131732940673828,0.0008920431137084961,5.919789612097304
TCGA-4Z-AA7Q,154,100,10,0.10007251799106598,0.823311984539032,0.8257505893707275,0.0024386048316955566,0.8230128288269043,0.00029915571212768555,0.002139449119567871,8.151623829448097
TCGA-4Z-AA7Q,155,100,10,0.10006991773843765,0.823311984539032,0.8222386240959167,0.0010733604431152344,0.8230827450752258,0.00022923946380615234,0.000844120979309082,4.682267290691628
TCGA-4Z-AA7Q,156,100,10,0.10012738406658173,0.823311984539032,0.8221785426139832,0.0011334419250488281,0.8232005834579468,0.00011140108108520508,0.001022040843963623,10.174424826110219
TCGA-4Z-AA7Q,157,100,10,0.1001281589269638,0.823311984539032,0.8221746683120728,0.0011373162269592285,0.8227866291999817,0.000525355339050293,0.0006119608879089355,2.1648513728159746
TCGA-4Z-AA7Q,158,100,10,0.10012893378734589,0.823311984539032,0.8221746683120728,0.0011373162269592285,0.8232415914535522,7.039308547973633e-05,0.0010669231414794922,16.156646909398816
TCGA-4Z-AA7Q,159,100,10,0.10003550350666046,0.823311984539032,0.8256508111953735,0.0023388266563415527,0.8230851292610168,0.00022685527801513672,0.002111971378326416,10.309774040987914
TCGA-4Z-AA7Q,160,100,10,0.1000571995973587,0.823311984539032,0.8259372711181641,0.00262528657913208,0.8229217529296875,0.0003902316093444824,0.0022350549697875977,6.727508782648541
TCGA-4Z-AA7Q,161,100,10,0.10013160854578018,0.823311984539032,0.8221746683120728,0.0011373162269592285,0.8229904770851135,0.00032150745391845703,0.0008158087730407715,3.5374490174267703
TCGA-4Z-AA7Q,162,100,10,0.10006154328584671,0.823311984539032,0.8259372711181641,0.00262528657913208,0.823468029499054,0.00015604496002197266,0.0024692416191101074,16.823911382734913
TCGA-4Z-AA7Q,163,100,10,0.10023181140422821,0.823311984539032,0.8257756233215332,0.0024636387825012207,0.8229967355728149,0.000315248966217041,0.0021483898162841797,7.814898846662885
TCGA-4Z-AA7Q,164,100,10,0.10045170038938522,0.823311984539032,0.8257756233215332,0.0024636387825012207,0.8229807019233704,0.0003312826156616211,0.0021323561668395996,7.436667866138899
TCGA-4Z-AA7Q,165,100,10,0.10018202662467957,0.823311984539032,0.8220967054367065,0.0012152791023254395,0.8239423632621765,0.0006303787231445312,0.0005849003791809082,1.92785552193646
TCGA-4Z-AA7Q,166,100,10,0.10016413033008575,0.823311984539032,0.8257756233215332,0.0024636387825012207,0.8233692049980164,5.7220458984375e-05,0.0024064183235168457,43.05520833333333
TCGA-4Z-AA7Q,167,100,10,0.1001296415925026,0.823311984539032,0.8255053758621216,0.0021933913230895996,0.8234315514564514,0.0001195669174194336,0.002073824405670166,18.3444666001994
TCGA-4Z-AA7Q,168,100,10,0.10014316439628601,0.823311984539032,0.8220967054367065,0.0012152791023254395,0.8230828642845154,0.00022912025451660156,0.0009861588478088379,5.304110301768991
TCGA-4Z-AA7Q,169,100,10,0.10010574758052826,0.823311984539032,0.8257756233215332,0.0024636387825012207,0.8229542374610901,0.00035774707794189453,0.002105891704559326,6.886537820726424
TCGA-4Z-AA7Q,170,100,10,0.10002979636192322,0.823311984539032,0.8222660422325134,0.0010459423065185547,0.8235957622528076,0.00028377771377563477,0.0007621645927429199,3.685780298256669
TCGA-4Z-AA7Q,171,100,10,0.10027249157428741,0.823311984539032,0.8257756233215332,0.0024636387825012207,0.8239372372627258,0.0006252527236938477,0.001838386058807373,3.940228789323165
TCGA-4Z-AA7Q,172,100,10,0.10028334707021713,0.823311984539032,0.8257756233215332,0.0024636387825012207,0.823000967502594,0.0003110170364379883,0.0021526217460632324,7.921234189344577
TCGA-4Z-AA7Q,173,100,10,0.1000450998544693,0.823311984539032,0.8256337642669678,0.002321779727935791,0.8231219053268433,0.0001900792121887207,0.0021317005157470703,12.214800878018188
TCGA-4Z-AA7Q,174,100,10,0.10048078000545502,0.823311984539032,0.8257756233215332,0.0024636387825012207,0.8230416178703308,0.0002703666687011719,0.002193272113800049,9.112213403880071
TCGA-4Z-AA7Q,175,100,10,0.10002298653125763,0.823311984539032,0.8223187923431396,0.000993192195892334,0.8229503035545349,0.0003616809844970703,0.0006315112113952637,2.7460448253131178
TCGA-4Z-AA7Q,176,100,10,0.10029639303684235,0.823311984539032,0.8257756233215332,0.0024636387825012207,0.8231090903282166,0.0002028942108154297,0.002260744571685791,12.142479435957696
TCGA-4Z-AA7Q,177,100,10,0.1002744510769844,0.823311984539032,0.8257756233215332,0.0024636387825012207,0.8235681653022766,0.0002561807632446289,0.002207458019256592,9.616798510935318
TCGA-4Z-AA7Q,178,100,10,0.10008232295513153,0.823311984539032,0.8222386240959167,0.0010733604431152344,0.8233795762062073,6.759166717529297e-05,0.0010057687759399414,15.880070546737214
TCGA-4Z-AA7Q,179,100,10,0.10025051236152649,0.823311984539032,0.8257756233215332,0.0024636387825012207,0.8235172629356384,0.0002052783966064453,0.0022583603858947754,12.001451800232289
TCGA-4Z-AA7Q,180,100,10,0.10011041909456253,0.823311984539032,0.8257756233215332,0.0024636387825012207,0.8232751488685608,3.6835670471191406e-05,0.0024268031120300293,66.88187702265373
TCGA-4Z-AA7Q,181,100,10,0.10001976788043976,0.823311984539032,0.8224174380302429,0.0008945465087890625,0.8236032128334045,0.0002912282943725586,0.0006033182144165039,3.0716332378223496
TCGA-4Z-AA7Q,182,100,10,0.10001949965953827,0.823311984539032,0.822380542755127,0.0009314417839050293,0.823268711566925,4.3272972106933594e-05,0.0008881688117980957,21.524793388429753
TCGA-4Z-AA7Q,183,100,10,0.10002008080482483,0.823311984539032,0.8244367241859436,0.001124739646911621,0.823905348777771,0.0005933642387390137,0.0005313754081726074,1.8955298844801607
TCGA-4Z-AA7Q,184,100,10,0.10044056922197342,0.823311984539032,0.8257756233215332,0.0024636387825012207,0.8237777948379517,0.00046581029891967773,0.001997828483581543,5.28893154190659
TCGA-4Z-AA7Q,185,100,10,0.10014721006155014,0.823311984539032,0.8257756233215332,0.0024636387825012207,0.8233712315559387,5.924701690673828e-05,0.0024043917655944824,41.58249496981891
TCGA-4Z-AA7R,0,118,12,0.11376508325338364,-4.207637786865234,-4.2216267585754395,0.013988971710205078,-4.221860885620117,0.014223098754882812,-0.00023412704467773438,0.9835389566849939
TCGA-4Z-AA7R,1,118,12,0.1136644184589386,-4.207637786865234,-4.2216267585754395,0.013988971710205078,-4.221368789672852,0.013731002807617188,0.0002579689025878906,1.0187873315738296
TCGA-4Z-AA7R,2,118,12,0.11368326097726822,-4.207637786865234,-4.2216267585754395,0.013988971710205078,-4.209806442260742,0.0021686553955078125,0.011820316314697266,6.450527704485488
TCGA-4Z-AA7R,3,118,12,0.11381849646568298,-4.207637786865234,-4.2216267585754395,0.013988971710205078,-4.221511363983154,0.013873577117919922,0.00011539459228515625,1.0083175803402646
TCGA-4Z-AA7R,4,118,12,0.1137988492846489,-4.207637786865234,-4.2216267585754395,0.013988971710205078,-4.209409236907959,0.0017714500427246094,0.012217521667480469,7.896904441453566
TCGA-4Z-AA7R,5,118,12,0.11382631957530975,-4.207637786865234,-4.2216267585754395,0.013988971710205078,-4.209351062774658,0.0017132759094238281,0.01227569580078125,8.165043139437795
TCGA-4Z-AA7R,6,118,12,0.11379192769527435,-4.207637786865234,-4.2216267585754395,0.013988971710205078,-4.210049629211426,0.0024118423461914062,0.011577129364013672,5.800118623962041
TCGA-4Z-AA7R,7,118,12,0.11352577805519104,-4.207637786865234,-4.2216267585754395,0.013988971710205078,-4.221468925476074,0.013831138610839844,0.00015783309936523438,1.011411432117493
TCGA-4Z-AA7R,8,118,12,0.11391507834196091,-4.207637786865234,-4.2216267585754395,0.013988971710205078,-4.198229789733887,0.009407997131347656,0.004580974578857422,1.4869234668018245
TCGA-4Z-AA7R,9,118,12,0.11359164118766785,-4.207637786865234,-4.2216267585754395,0.013988971710205078,-4.2215895652771,0.013951778411865234,3.719329833984375e-05,1.002665846406234
TCGA-4Z-AA7R,10,118,12,0.11364968121051788,-4.207637786865234,-4.2216267585754395,0.013988971710205078,-4.221695899963379,0.014058113098144531,-6.914138793945312e-05,0.9950817447934333
TCGA-4Z-AA7R,11,118,12,0.1136612594127655,-4.207637786865234,-4.2216267585754395,0.013988971710205078,-4.210268020629883,0.0026302337646484375,0.01135873794555664,5.318527918781726
TCGA-4Z-AA7R,12,118,12,0.11386269330978394,-4.207637786865234,-4.2216267585754395,0.013988971710205078,-4.210081577301025,0.0024437904357910156,0.011545181274414062,5.724292682926829
TCGA-4Z-AA7R,13,118,12,0.11384107917547226,-4.207637786865234,-4.2216267585754395,0.013988971710205078,-4.22172737121582,0.014089584350585938,-0.00010061264038085938,0.992859076756464
TCGA-4Z-AA7R,14,118,12,0.11361675709486008,-4.207637786865234,-4.2216267585754395,0.013988971710205078,-4.221227645874023,0.013589859008789062,0.0003991127014160156,1.0293684210526315
TCGA-4Z-AA7R,15,118,12,0.11368340998888016,-4.207637786865234,-4.2216267585754395,0.013988971710205078,-4.197896480560303,0.00974130630493164,0.0042476654052734375,1.4360467962210584
TCGA-4Z-AA7R,16,118,12,0.11370667815208435,-4.207637786865234,-4.2216267585754395,0.013988971710205078,-4.221671104431152,0.014033317565917969,-4.4345855712890625e-05,0.9968399592252803
TCGA-4Z-AA7R,17,118,12,0.11361744999885559,-4.207637786865234,-4.2216267585754395,0.013988971710205078,-4.197381019592285,0.010256767272949219,0.0037322044372558594,1.3638772663877266
TCGA-4Z-AA7R,18,118,12,0.11374128609895706,-4.207637786865234,-4.2216267585754395,0.013988971710205078,-4.20947790145874,0.0018401145935058594,0.012148857116699219,7.6022285566208865
TCGA-4Z-AA7R,19,118,12,0.113803431391716,-4.207637786865234,-4.2216267585754395,0.013988971710205078,-4.198983192443848,0.008654594421386719,0.005334377288818359,1.6163636363636364
TCGA-4Z-AA7R,20,118,12,0.11373057216405869,-4.207637786865234,-4.2216267585754395,0.013988971710205078,-4.221828937530518,0.014191150665283203,-0.000202178955078125,0.9857531668962737
TCGA-4Z-AA7R,21,118,12,0.11359851062297821,-4.207637786865234,-4.2216267585754395,0.013988971710205078,-4.221208572387695,0.013570785522460938,0.0004181861877441406,1.0308151791988756
TCGA-4Z-AA7R,22,118,12,0.1137331873178482,-4.207637786865234,-4.2216267585754395,0.013988971710205078,-4.211026668548584,0.0033888816833496094,0.010600090026855469,4.127902068383284
TCGA-4Z-AA7R,23,118,12,0.11367703974246979,-4.207637786865234,-4.2216267585754395,0.013988971710205078,-4.212338924407959,0.004701137542724609,0.009287834167480469,2.9756567603205193
TCGA-4Z-AA7R,24,118,12,0.1137160062789917,-4.207637786865234,-4.2216267585754395,0.013988971710205078,-4.221485137939453,0.01384735107421875,0.00014162063598632812,1.0102272727272728
TCGA-4Z-AA7R,25,118,12,0.9999979138374329,-4.207637786865234,-3.0436627864837646,1.1639750003814697,-4.221497535705566,0.013859748840332031,1.1501152515411377,83.98240211931466
TCGA-4Z-AA7R,26,118,12,0.11373654007911682,-4.207637786865234,-4.2216267585754395,0.013988971710205078,-4.2097978591918945,0.0021600723266601562,0.011828899383544922,6.476158940397351
TCGA-4Z-AA7R,27,118,12,0.11375667154788971,-4.207637786865234,-4.2216267585754395,0.013988971710205078,-4.210095405578613,0.0024576187133789062,0.011531352996826172,5.692083818393481
TCGA-4Z-AA7R,28,118,12,0.11361424624919891,-4.207637786865234,-4.2216267585754395,0.013988971710205078,-4.200435638427734,0.0072021484375,0.006786823272705078,1.9423331567796611
TCGA-4Z-AA7R,29,118,12,0.11390455067157745,-4.207637786865234,-4.2216267585754395,0.013988971710205078,-4.210010051727295,0.002372264862060547,0.011616706848144531,5.896884422110553
TCGA-4Z-AA7R,30,118,12,0.11378166824579239,-4.207637786865234,-4.2216267585754395,0.013988971710205078,-4.211134433746338,0.0034966468811035156,0.010492324829101562,4.0006818491749625
TCGA-4Z-AA7R,31,118,12,0.11391409486532211,-4.207637786865234,-4.2216267585754395,0.013988971710205078,-4.210834503173828,0.00319671630859375,0.010792255401611328,4.37604415274463
TCGA-4Z-AA7R,32,118,12,0.11406373977661133,-4.207637786865234,-4.2216267585754395,0.013988971710205078,-4.197721481323242,0.009916305541992188,0.004072666168212891,1.4107039815349105
TCGA-4Z-AA7R,33,118,12,0.11386144161224365,-4.207637786865234,-4.2216267585754395,0.013988971710205078,-4.198118686676025,0.009519100189208984,0.004469871520996094,1.469568702098883
TCGA-4Z-AA7R,34,118,12,0.1137978583574295,-4.207637786865234,-4.2216267585754395,0.013988971710205078,-4.2096076011657715,0.0019698143005371094,0.012019157409667969,7.101670297748729
TCGA-4Z-AA7R,35,118,12,0.1135590523481369,-4.207637786865234,-4.2216267585754395,0.013988971710205078,-4.197470188140869,0.010167598724365234,0.0038213729858398438,1.3758382966749518
TCGA-4Z-AA7R,36,118,12,0.11369477212429047,-4.207637786865234,-4.2216267585754395,0.013988971710205078,-4.210021495819092,0.002383708953857422,0.011605262756347656,5.868573714742949
TCGA-4Z-AA7R,37,118,12,0.11360509693622589,-4.207637786865234,-4.2216267585754395,0.013988971710205078,-4.199086666107178,0.00855112075805664,0.0054378509521484375,1.6359226007918364
TCGA-4Z-AA7R,38,118,12,0.11375503242015839,-4.207637786865234,-4.2216267585754395,0.013988971710205078,-4.210552215576172,0.0029144287109375,0.011074542999267578,4.7999018324607325
TCGA-4Z-AA7R,39,118,12,0.11378005892038345,-4.207637786865234,-4.2216267585754395,0.013988971710205078,-4.209461212158203,0.00182342529296875,0.012165546417236328,7.6718096234309625
TCGA-4Z-AA7R,40,118,12,0.11380162835121155,-4.207637786865234,-4.2216267585754395,0.013988971710205078,-4.197470188140869,0.010167598724365234,0.0038213729858398438,1.3758382966749518
TCGA-4Z-AA7R,41,118,12,0.11378315091133118,-4.207637786865234,-4.2216267585754395,0.013988971710205078,-4.198402404785156,0.009235382080078125,0.004753589630126953,1.514714993804213
TCGA-4Z-AA7R,42,118,12,0.11377939581871033,-4.207637786865234,-4.2216267585754395,0.013988971710205078,-4.209859371185303,0.0022215843200683594,0.011767387390136719,6.296844816484224
TCGA-4Z-AA7R,43,118,12,0.11361775547266006,-4.207637786865234,-4.2216267585754395,0.013988971710205078,-4.22160530090332,0.013967514038085938,2.1457672119140625e-05,1.0015362556329372
TCGA-4Z-AA7R,44,118,12,0.11352360248565674,-4.207637786865234,-4.2216267585754395,0.013988971710205078,-4.221634387969971,0.013996601104736328,-7.62939453125e-06,0.9994549109120022
TCGA-4Z-AA7R,45,118,12,0.1138140931725502,-4.207637786865234,-4.2216267585754395,0.013988971710205078,-4.211180210113525,0.0035424232482910156,0.010446548461914062,3.9489837124781264
TCGA-4Z-AA7R,46,118,12,0.11364089697599411,-4.207637786865234,-4.2216267585754395,0.013988971710205078,-4.200092792510986,0.007544994354248047,0.006443977355957031,1.8540731846046894
TCGA-4Z-AA7R,47,118,12,0.11369554698467255,-4.207637786865234,-4.2216267585754395,0.013988971710205078,-4.209420204162598,0.0017824172973632812,0.012206554412841797,7.848314606741573
TCGA-4Z-AA7R,48,118,12,0.1139044314622879,-4.207637786865234,-4.2216267585754395,0.013988971710205078,-4.210066318511963,0.0024285316467285156,0.011560440063476562,5.760259179265659
TCGA-4Z-AA7R,49,118,12,0.1136285662651062,-4.207637786865234,-4.2216267585754395,0.013988971710205078,-4.2095818519592285,0.0019440650939941406,0.012044906616210938,7.195732155997057
TCGA-4Z-AA7R,50,118,12,0.11367746442556381,-4.207637786865234,-4.2216267585754395,0.013988971710205078,-4.210005283355713,0.0023674964904785156,0.011621475219726562,5.908761329305136
TCGA-4Z-AA7R,51,118,12,0.11373765766620636,-4.207637786865234,-4.2216267585754395,0.013988971710205078,-4.210139751434326,0.002501964569091797,0.011487007141113281,5.591194968553459
TCGA-4Z-AA7R,52,118,12,0.11358466744422913,-4.207637786865234,-4.2216267585754395,0.013988971710205078,-4.211362361907959,0.0037245750427246094,0.010264396667480469,3.755857124567917
TCGA-4Z-AA7R,53,118,12,0.11357235908508301,-4.207637786865234,-4.2216267585754395,0.013988971710205078,-4.176360607147217,0.03127717971801758,-0.0172882080078125,0.4472580915646487
TCGA-4Z-AA7R,54,118,12,0.11374747008085251,-4.207637786865234,-4.2216267585754395,0.013988971710205078,-4.221602916717529,0.013965129852294922,2.384185791015625e-05,1.0017072421210775
TCGA-4Z-AA7R,55,118,12,0.11377786844968796,-4.207637786865234,-4.2216267585754395,0.013988971710205078,-4.198017597198486,0.009620189666748047,0.004368782043457031,1.4541263940520446
TCGA-4Z-AA7R,56,118,12,0.11390514671802521,-4.207637786865234,-4.2216267585754395,0.013988971710205078,-4.199035167694092,0.008602619171142578,0.0053863525390625,1.626129371986032
TCGA-4Z-AA7R,57,118,12,0.10444246232509613,-4.207637786865234,-4.221698760986328,0.01406097412109375,-4.209669589996338,0.0020318031311035156,0.012029170989990234,6.920441210983337
TCGA-4Z-AA7R,58,118,12,0.11362612992525101,-4.207637786865234,-4.2216267585754395,0.013988971710205078,-4.209407806396484,0.00177001953125,0.012218952178955078,7.903286637931035
TCGA-4Z-AA7R,59,118,12,0.11349370330572128,-4.207637786865234,-4.2216267585754395,0.013988971710205078,-4.209654331207275,0.0020165443420410156,0.011972427368164062,6.937100969496335
TCGA-4Z-AA7R,60,118,12,0.11381673812866211,-4.207637786865234,-4.2216267585754395,0.013988971710205078,-4.209265232086182,0.0016274452209472656,0.012361526489257812,8.595663639027249
TCGA-4Z-AA7R,61,118,12,0.11378045380115509,-4.207637786865234,-4.2216267585754395,0.013988971710205078,-4.221670150756836,0.014032363891601562,-4.3392181396484375e-05,0.9969077069457659
TCGA-4Z-AA7R,62,118,12,0.11381715536117554,-4.207637786865234,-4.2216267585754395,0.013988971710205078,-4.221566677093506,0.013928890228271484,6.008148193359375e-05,1.0043134435657801
TCGA-4Z-AA7R,63,118,12,0.11364719271659851,-4.207637786865234,-4.2216267585754395,0.013988971710205078,-4.1980180740356445,0.009619712829589844,0.004369258880615234,1.4541984732824427
TCGA-4Z-AA7R,64,118,12,0.1136491447687149,-4.207637786865234,-4.2216267585754395,0.013988971710205078,-4.1979899406433105,0.009647846221923828,0.00434112548828125,1.4499579894232195
TCGA-4Z-AA7R,65,118,12,0.11389720439910889,-4.207637786865234,-4.2216267585754395,0.013988971710205078,-4.184909343719482,0.022728443145751953,-0.008739471435546875,0.6154830588482115
TCGA-4Z-AA7R,66,118,12,0.11389769613742828,-4.207637786865234,-4.2216267585754395,0.013988971710205078,-4.209973335266113,0.0023355484008789062,0.011653423309326172,5.98958758677011
TCGA-4Z-AA7R,67,118,12,0.11357668042182922,-4.207637786865234,-4.2216267585754395,0.013988971710205078,-4.199009895324707,0.008627891540527344,0.005361080169677734,1.6213661987399137
TCGA-4Z-AA7R,68,118,12,0.11359234899282455,-4.207637786865234,-4.2216267585754395,0.013988971710205078,-4.221606731414795,0.013968944549560547,2.002716064453125e-05,1.0014336917562725
TCGA-4Z-AA7R,69,118,12,0.8939599990844727,-4.207637786865234,-3.0436627864837646,1.1639750003814697,-4.209293365478516,0.00165557861328125,1.1623194217681885,703.0623559907834
TCGA-4Z-AA7R,70,118,12,0.11360374838113785,-4.207637786865234,-4.2216267585754395,0.013988971710205078,-4.221617221832275,0.013979434967041016,9.5367431640625e-06,1.0006821980420917
TCGA-4Z-AA7R,71,118,12,0.9995701313018799,-4.207637786865234,-3.0436627864837646,1.1639750003814697,-4.200451850891113,0.007185935974121094,1.1567890644073486,161.97959522229596
TCGA-4Z-AA7R,72,118,12,0.11356347799301147,-4.207637786865234,-4.2216267585754395,0.013988971710205078,-4.198986530303955,0.008651256561279297,0.005337715148925781,1.616987267816789
TCGA-4Z-AA7R,73,118,12,0.11355641484260559,-4.207637786865234,-4.2216267585754395,0.013988971710205078,-4.2103590965271,0.0027213096618652344,0.011267662048339844,5.14052917469774
TCGA-4Z-AA7R,74,118,12,0.11375420540571213,-4.207637786865234,-4.2216267585754395,0.013988971710205078,-4.18522310256958,0.022414684295654297,-0.008425712585449219,0.6240985385155402
TCGA-4Z-AA7R,75,118,12,0.11357033252716064,-4.207637786865234,-4.2216267585754395,0.013988971710205078,-4.188079357147217,0.019558429718017578,-0.0055694580078125,0.7152400224297243
TCGA-4Z-AA7R,76,118,12,0.11371496319770813,-4.207637786865234,-4.2216267585754395,0.013988971710205078,-4.1881561279296875,0.019481658935546875,-0.005492687225341797,0.7180585470922264
TCGA-4Z-AA7R,77,118,12,0.11378680169582367,-4.207637786865234,-4.2216267585754395,0.013988971710205078,-4.209681034088135,0.0020432472229003906,0.011945724487304688,6.846441073512252
TCGA-4Z-AA7R,78,118,12,0.11362877488136292,-4.207637786865234,-4.2216267585754395,0.013988971710205078,-4.209346294403076,0.0017085075378417969,0.012280464172363281,8.18783142617918
TCGA-4Z-AA7R,79,118,12,0.11373784393072128,-4.207637786865234,-4.2216267585754395,0.013988971710205078,-4.209691524505615,0.0020537376403808594,0.011935234069824219,6.811469700487578
TCGA-4Z-AA7R,80,118,12,0.11369714140892029,-4.207637786865234,-4.2216267585754395,0.013988971710205078,-4.209653377532959,0.0020155906677246094,0.011973381042480469,6.940383250532292
TCGA-4Z-AA7R,81,118,12,0.1136615201830864,-4.207637786865234,-4.2216267585754395,0.013988971710205078,-4.201376914978027,0.006260871887207031,0.007728099822998047,2.234348819497334
TCGA-4Z-AA7R,82,118,12,0.11398158967494965,-4.207637786865234,-4.2216267585754395,0.013988971710205078,-4.209537506103516,0.00189971923828125,0.012089252471923828,7.363704819277109
TCGA-4Z-AA7R,83,118,12,0.11375488340854645,-4.207637786865234,-4.2216267585754395,0.013988971710205078,-4.20910120010376,0.0014634132385253906,0.012525558471679688,9.559139784946236
TCGA-4Z-AA7R,84,118,12,0.1136506199836731,-4.207637786865234,-4.2216267585754395,0.013988971710205078,-4.19822883605957,0.009408950805664062,0.004580020904541016,1.4867727549158727
TCGA-4Z-AA7R,85,118,12,0.11385270953178406,-4.207637786865234,-4.2216267585754395,0.013988971710205078,-4.209988594055176,0.0023508071899414062,0.011638164520263672,5.950709939148073
TCGA-4Z-AA7R,86,118,12,0.1137445718050003,-4.207637786865234,-4.2216267585754395,0.013988971710205078,-4.209980010986328,0.00234222412109375,0.011646747589111328,5.972516286644951
TCGA-4Z-AA7R,87,118,12,0.11377954483032227,-4.207637786865234,-4.2216267585754395,0.013988971710205078,-4.209774494171143,0.002136707305908203,0.011852264404296875,6.546976121401473
TCGA-4Z-AA7R,88,118,12,0.11383584141731262,-4.207637786865234,-4.2216267585754395,0.013988971710205078,-4.210235595703125,0.002597808837890625,0.011391162872314453,5.384911894273127
TCGA-4Z-AA7R,89,118,12,0.11383438855409622,-4.207637786865234,-4.2216267585754395,0.013988971710205078,-4.20955228805542,0.0019145011901855469,0.012074470520019531,7.306849315068493
TCGA-4Z-AA7R,90,118,12,0.11353841423988342,-4.207637786865234,-4.2216267585754395,0.013988971710205078,-4.1856184005737305,0.022019386291503906,-0.008030414581298828,0.6353025250119104
TCGA-4Z-AA7R,91,118,12,0.11354932188987732,-4.207637786865234,-4.2216267585754395,0.013988971710205078,-4.221639633178711,0.014001846313476562,-1.2874603271484375e-05,0.9990805067429506
TCGA-4Z-AA7R,92,118,12,0.1137375608086586,-4.207637786865234,-4.2216267585754395,0.013988971710205078,-4.211430072784424,0.003792285919189453,0.010196685791015625,3.6887966804979255
TCGA-4Z-AA7R,93,118,12,0.11368625611066818,-4.207637786865234,-4.2216267585754395,0.013988971710205078,-4.21208381652832,0.0044460296630859375,0.00954294204711914,3.1463963963963963
TCGA-4Z-AA7R,94,118,12,0.11369230598211288,-4.207637786865234,-4.2216267585754395,0.013988971710205078,-4.221528053283691,0.013890266418457031,9.870529174804688e-05,1.0071060762100927
TCGA-4Z-AA7R,95,118,12,0.11376473307609558,-4.207637786865234,-4.2216267585754395,0.013988971710205078,-4.221690654754639,0.014052867889404297,-6.389617919921875e-05,0.995453157341115
TCGA-4Z-AA7R,96,118,12,0.11397455632686615,-4.207637786865234,-4.2216267585754395,0.013988971710205078,-4.197505474090576,0.010132312774658203,0.003856658935546875,1.3806296766906678
TCGA-4Z-AA7R,97,118,12,0.11355572193861008,-4.207637786865234,-4.2216267585754395,0.013988971710205078,-4.198562145233154,0.009075641632080078,0.004913330078125,1.5413755057006253
TCGA-4Z-AA7R,98,118,12,0.11375025659799576,-4.207637786865234,-4.2216267585754395,0.013988971710205078,-4.209965705871582,0.0023279190063476562,0.011661052703857422,6.009217533797624
TCGA-4Z-AA7R,99,118,12,0.11384215205907822,-4.207637786865234,-4.2216267585754395,0.013988971710205078,-4.186478137969971,0.021159648895263672,-0.007170677185058594,0.6611154929577465
TCGA-4Z-AA7R,100,118,12,0.1138351708650589,-4.207637786865234,-4.2216267585754395,0.013988971710205078,-4.221374034881592,0.013736248016357422,0.00025272369384765625,1.0183983059672996
TCGA-4Z-AA7R,101,118,12,0.11357441544532776,-4.207637786865234,-4.2216267585754395,0.013988971710205078,-4.209543228149414,0.0019054412841796875,0.01208353042602539,7.341591591591592
TCGA-4Z-AA7R,102,118,12,0.113569475710392,-4.207637786865234,-4.2216267585754395,0.013988971710205078,-4.221667766571045,0.014029979705810547,-4.100799560546875e-05,0.9970771165414811
TCGA-4Z-AA7R,103,118,12,0.11385660618543625,-4.207637786865234,-4.2216267585754395,0.013988971710205078,-4.221672534942627,0.014034748077392578,-4.57763671875e-05,0.9967383549077566
TCGA-4Z-AA7R,104,118,12,0.11393709480762482,-4.207637786865234,-4.2216267585754395,0.013988971710205078,-4.2217183113098145,0.014080524444580078,-9.1552734375e-05,0.9934979173016357
TCGA-4Z-AA7R,105,118,12,0.11379021406173706,-4.207637786865234,-4.2216267585754395,0.013988971710205078,-4.210192680358887,0.0025548934936523438,0.011434078216552734,5.4753639417693165
TCGA-4Z-AA7R,106,118,12,0.11361113935709,-4.207637786865234,-4.2216267585754395,0.013988971710205078,-4.211167812347412,0.0035300254821777344,0.010458946228027344,3.962852897473997
TCGA-4Z-AA7R,107,118,12,0.1136748194694519,-4.207637786865234,-4.2216267585754395,0.013988971710205078,-4.2100677490234375,0.002429962158203125,0.011559009552001953,5.756868131868132
TCGA-4Z-AA7R,108,118,12,0.11361032724380493,-4.207637786865234,-4.2216267585754395,0.013988971710205078,-4.210090160369873,0.002452373504638672,0.011536598205566406,5.704258215049582
TCGA-4Z-AA7R,109,118,12,0.11358793824911118,-4.207637786865234,-4.2216267585754395,0.013988971710205078,-4.212388515472412,0.004750728607177734,0.009238243103027344,2.9445950015055704
TCGA-4Z-AA7R,110,118,12,0.1137508898973465,-4.207637786865234,-4.2216267585754395,0.013988971710205078,-4.20997428894043,0.0023365020751953125,0.011652469635009766,5.9871428571428575
TCGA-4Z-AA7R,111,118,12,0.11355073750019073,-4.207637786865234,-4.2216267585754395,0.013988971710205078,-4.221012115478516,0.01337432861328125,0.0006146430969238281,1.0459569309754706
TCGA-4Z-AA7R,112,118,12,0.11354479193687439,-4.207637786865234,-4.2216267585754395,0.013988971710205078,-4.221492767333984,0.01385498046875,0.00013399124145507812,1.0096709801762114
TCGA-4Z-AA7R,113,118,12,0.11356006562709808,-4.207637786865234,-4.2216267585754395,0.013988971710205078,-4.221329212188721,0.013691425323486328,0.00029754638671875,1.0217323163723748
TCGA-4Z-AA7R,114,118,12,0.11380291730165482,-4.207637786865234,-4.2216267585754395,0.013988971710205078,-4.197153568267822,0.01048421859741211,0.0035047531127929688,1.3342884431709647
TCGA-4Z-AA7R,115,118,12,0.11362559348344803,-4.207637786865234,-4.2216267585754395,0.013988971710205078,-4.221397876739502,0.013760089874267578,0.0002288818359375,1.0166337457116124
TCGA-4Z-AA7R,116,118,12,0.1138807013630867,-4.207637786865234,-4.2216267585754395,0.013988971710205078,-4.210056781768799,0.002418994903564453,0.011569976806640625,5.782968657599054
TCGA-4Z-AA7R,117,118,12,0.11352373659610748,-4.207637786865234,-4.2216267585754395,0.013988971710205078,-4.188425540924072,0.01921224594116211,-0.005223274230957031,0.7281278697475864
TCGA-4Z-AA7R,118,118,12,0.11378943175077438,-4.207637786865234,-4.2216267585754395,0.013988971710205078,-4.2212934494018555,0.013655662536621094,0.0003333091735839844,1.024408129059292
TCGA-4Z-AA7R,119,118,12,0.9999943375587463,-4.207637786865234,-3.0436627864837646,1.1639750003814697,-4.211086273193359,0.003448486328125,1.1605265140533447,337.53214878318585
TCGA-4Z-AA7R,120,118,12,0.11373469978570938,-4.207637786865234,-4.2216267585754395,0.013988971710205078,-4.19835901260376,0.00927877426147461,0.004710197448730469,1.507631430186546
TCGA-4Z-AA7R,121,118,12,0.11373521387577057,-4.207637786865234,-4.2216267585754395,0.013988971710205078,-4.210077285766602,0.0024394989013671875,0.01154947280883789,5.73436278342455
TCGA-4Z-AA7R,122,118,12,0.8797328472137451,-4.207637786865234,-3.0436627864837646,1.1639750003814697,-4.2120137214660645,0.004375934600830078,1.1595990657806396,265.99460608041846
TCGA-4Z-AA7R,123,118,12,0.11391367018222809,-4.207637786865234,-4.2216267585754395,0.013988971710205078,-4.211173057556152,0.0035352706909179688,0.01045370101928711,3.956973293768546
TCGA-4Z-AA7R,124,118,12,0.11376463621854782,-4.207637786865234,-4.2216267585754395,0.013988971710205078,-4.212320804595947,0.004683017730712891,0.009305953979492188,2.9871703492516035
TCGA-4Z-AA7R,125,118,12,0.1142374575138092,-4.207637786865234,-4.2216267585754395,0.013988971710205078,-4.221683979034424,0.014046192169189453,-5.7220458984375e-05,0.9959262654038089
TCGA-4Z-AA7R,126,118,12,0.11358782649040222,-4.207637786865234,-4.2216267585754395,0.013988971710205078,-4.211136341094971,0.003498554229736328,0.01049041748046875,3.998500749625187
TCGA-4Z-AA7R,127,118,12,0.11356376856565475,-4.207637786865234,-4.2216267585754395,0.013988971710205078,-4.221608638763428,0.01397085189819336,1.811981201171875e-05,1.0012969725929213
TCGA-4Z-AA7R,128,118,12,0.1138438880443573,-4.207637786865234,-4.2216267585754395,0.013988971710205078,-4.209658145904541,0.0020203590393066406,0.011968612670898438,6.924002832192589
TCGA-4Z-AA7R,129,118,12,0.11355605721473694,-4.207637786865234,-4.2216267585754395,0.013988971710205078,-4.2214765548706055,0.013838768005371094,0.00015020370483398438,1.0108538350217078
TCGA-4Z-AA7R,130,118,12,0.11368386447429657,-4.207637786865234,-4.2216267585754395,0.013988971710205078,-4.185808181762695,0.021829605102539062,-0.007840633392333984,0.6408256880733945
TCGA-4Z-AA7R,131,118,12,0.11369296908378601,-4.207637786865234,-4.2216267585754395,0.013988971710205078,-4.20945405960083,0.0018162727355957031,0.012172698974609375,7.7020215279600945
TCGA-4Z-AA7R,132,118,12,0.11362920701503754,-4.207637786865234,-4.2216267585754395,0.013988971710205078,-4.197445392608643,0.010192394256591797,0.0037965774536132812,1.3724912280701755
TCGA-4Z-AA7R,133,118,12,0.11358235031366348,-4.207637786865234,-4.2216267585754395,0.013988971710205078,-4.221534729003906,0.013896942138671875,9.202957153320312e-05,1.0066222893219874
TCGA-4Z-AA7R,134,118,12,0.11365416646003723,-4.207637786865234,-4.2216267585754395,0.013988971710205078,-4.200285911560059,0.007351875305175781,0.006637096405029297,1.902775976131794
TCGA-4Z-AA7R,135,118,12,0.11360396444797516,-4.207637786865234,-4.2216267585754395,0.013988971710205078,-4.1889967918396,0.018640995025634766,-0.0046520233154296875,0.7504412554677308
TCGA-4Z-AA7R,136,118,12,0.11374925076961517,-4.207637786865234,-4.2216267585754395,0.013988971710205078,-4.210439682006836,0.0028018951416015625,0.011187076568603516,4.992682096664398
TCGA-4Z-AA7R,137,118,12,0.11357064545154572,-4.207637786865234,-4.2216267585754395,0.013988971710205078,-4.2213969230651855,0.013759136199951172,0.00022983551025390625,1.016704210708716
TCGA-4Z-AA7R,138,118,12,0.1138312816619873,-4.207637786865234,-4.2216267585754395,0.013988971710205078,-4.184661388397217,0.022976398468017578,-0.0089874267578125,0.6088409255992528
TCGA-4Z-AA7R,139,118,12,0.11361013352870941,-4.207637786865234,-4.2216267585754395,0.013988971710205078,-4.209997177124023,0.0023593902587890625,0.011629581451416016,5.929062247372676
TCGA-4Z-AA7R,140,118,12,0.1136409118771553,-4.207637786865234,-4.2216267585754395,0.013988971710205078,-4.209515571594238,0.0018777847290039062,0.012111186981201172,7.449720670391062
TCGA-4Z-AA7R,141,118,12,0.11372896283864975,-4.207637786865234,-4.2216267585754395,0.013988971710205078,-4.209911823272705,0.002274036407470703,0.011714935302734375,6.151604109876284
TCGA-4Z-AA7R,142,118,12,0.11383184045553207,-4.207637786865234,-4.2216267585754395,0.013988971710205078,-4.209774971008301,0.0021371841430664062,0.011851787567138672,6.545515394912985
TCGA-4Z-AA7R,143,118,12,0.11395183950662613,-4.207637786865234,-4.2216267585754395,0.013988971710205078,-4.221490859985352,0.013853073120117188,0.00013589859008789062,1.0098099958694755
TCGA-4Z-AA7R,144,118,12,0.11372728645801544,-4.207637786865234,-4.2216267585754395,0.013988971710205078,-4.198230743408203,0.00940704345703125,0.004581928253173828,1.487074209245742
TCGA-4Z-AA7R,145,118,12,0.11412310600280762,-4.207637786865234,-4.2216267585754395,0.013988971710205078,-4.174829006195068,0.032808780670166016,-0.018819808959960938,0.42637889688249403
TCGA-4Z-AA7R,146,118,12,0.11361081153154373,-4.207637786865234,-4.2216267585754395,0.013988971710205078,-4.210925579071045,0.003287792205810547,0.010701179504394531,4.254822335025381
TCGA-4Z-AA7R,147,118,12,0.11368516832590103,-4.207637786865234,-4.2216267585754395,0.013988971710205078,-4.2122015953063965,0.004563808441162109,0.009425163269042969,3.0651969491171247
TCGA-4Z-AA7R,148,118,12,0.11332296580076218,-4.207637786865234,-4.2216267585754395,0.013988971710205078,-4.221628189086914,0.013990402221679688,-1.430511474609375e-06,0.9998977505112474
TCGA-4Z-AA7R,149,118,12,0.11369526386260986,-4.207637786865234,-4.2216267585754395,0.013988971710205078,-4.211266040802002,0.003628253936767578,0.0103607177734375,3.855565777368905
TCGA-4Z-AA7R,150,118,12,0.11351598054170609,-4.207637786865234,-4.2216267585754395,0.013988971710205078,-4.209615707397461,0.0019779205322265625,0.012011051177978516,7.072565091610414
TCGA-4Z-AA7R,151,118,12,0.11380793899297714,-4.207637786865234,-4.2216267585754395,0.013988971710205078,-4.21069860458374,0.0030608177185058594,0.010928153991699219,4.570338058887677
TCGA-4Z-AA7R,152,118,12,0.11375439912080765,-4.207637786865234,-4.2216267585754395,0.013988971710205078,-4.199049472808838,0.008588314056396484,0.005400657653808594,1.62883793237466
TCGA-4Z-AA7R,153,118,12,0.11358845233917236,-4.207637786865234,-4.2216267585754395,0.013988971710205078,-4.210207462310791,0.0025696754455566406,0.011419296264648438,5.443867136760066
TCGA-4Z-AA7R,154,118,12,0.11364912241697311,-4.207637786865234,-4.2216267585754395,0.013988971710205078,-4.221232891082764,0.013595104217529297,0.00039386749267578125,1.0289712742450283
TCGA-4Z-AA7R,155,118,12,0.1137581542134285,-4.207637786865234,-4.2216267585754395,0.013988971710205078,-4.221362590789795,0.013724803924560547,0.00026416778564453125,1.0192474724663865
TCGA-4Z-AA7R,156,118,12,0.11384542286396027,-4.207637786865234,-4.2216267585754395,0.013988971710205078,-4.189876079559326,0.017761707305908203,-0.003772735595703125,0.7875916131976697
TCGA-4Z-AA7R,157,118,12,0.11377313733100891,-4.207637786865234,-4.2216267585754395,0.013988971710205078,-4.2215094566345215,0.01387166976928711,0.00011730194091796875,1.0084562235743013
TCGA-4Z-AA7R,158,118,12,0.11354868859052658,-4.207637786865234,-4.2216267585754395,0.013988971710205078,-4.210075855255127,0.002438068389892578,0.0115509033203125,5.737727361627225
TCGA-4Z-AA7R,159,118,12,0.11372968554496765,-4.207637786865234,-4.2216267585754395,0.013988971710205078,-4.2214508056640625,0.013813018798828125,0.00017595291137695312,1.012738193869097
TCGA-4Z-AA7R,160,118,12,0.1137649416923523,-4.207637786865234,-4.2216267585754395,0.013988971710205078,-4.221684455871582,0.014046669006347656,-5.7697296142578125e-05,0.9958924570575056
TCGA-4Z-AA7R,161,118,12,0.9082905054092407,-4.207637786865234,-3.0436627864837646,1.1639750003814697,-4.200745582580566,0.006892204284667969,1.1570827960968018,168.88283520132836
TCGA-4Z-AA7R,162,118,12,0.11369584500789642,-4.207637786865234,-4.2216267585754395,0.013988971710205078,-4.209575653076172,0.0019378662109375,0.012051105499267578,7.21875
TCGA-4Z-AA7R,163,118,12,0.11354590207338333,-4.207637786865234,-4.2216267585754395,0.013988971710205078,-4.1987223625183105,0.008915424346923828,0.00507354736328125,1.5690752527143392
TCGA-4Z-AA7R,164,118,12,0.11379428207874298,-4.207637786865234,-4.2216267585754395,0.013988971710205078,-4.197362422943115,0.01027536392211914,0.0037136077880859375,1.3614088820826953
TCGA-4Z-AA7R,165,118,12,0.11364684998989105,-4.207637786865234,-4.2216267585754395,0.013988971710205078,-4.22167444229126,0.01403665542602539,-4.76837158203125e-05,0.996602914699188
TCGA-4Z-AA7R,166,118,12,0.11368757486343384,-4.207637786865234,-4.2216267585754395,0.013988971710205078,-4.199271202087402,0.008366584777832031,0.005622386932373047,1.6720050153881227
TCGA-4Z-AA7R,167,118,12,0.9686557650566101,-4.207637786865234,-3.0436627864837646,1.1639750003814697,-4.221186637878418,0.013548851013183594,1.1504261493682861,85.90949883860068
TCGA-4Z-AA7R,168,118,12,0.11372032016515732,-4.207637786865234,-4.2216267585754395,0.013988971710205078,-4.212248802185059,0.004611015319824219,0.00937795639038086,3.0338159255429162
TCGA-4Z-AA7R,169,118,12,0.1135837659239769,-4.207637786865234,-4.2216267585754395,0.013988971710205078,-4.198329925537109,0.009307861328125,0.004681110382080078,1.502920081967213
TCGA-4Z-AA7R,170,118,12,0.11381947249174118,-4.207637786865234,-4.2216267585754395,0.013988971710205078,-4.221743106842041,0.01410531997680664,-0.0001163482666015625,0.9917514620871505
TCGA-4Z-AA7R,171,118,12,0.11378364264965057,-4.207637786865234,-4.2216267585754395,0.013988971710205078,-4.209270477294922,0.0016326904296875,0.012356281280517578,8.56804906542056
TCGA-4Z-AA7R,172,118,12,0.11365149915218353,-4.207637786865234,-4.2216267585754395,0.013988971710205078,-4.197251796722412,0.010385990142822266,0.0036029815673828125,1.3469078554703642
TCGA-4Z-AA7R,173,118,12,0.11371020972728729,-4.207637786865234,-4.2216267585754395,0.013988971710205078,-4.221706867218018,0.014069080352783203,-8.0108642578125e-05,0.994306049822064
TCGA-4Z-AA7R,174,118,12,0.11391842365264893,-4.207637786865234,-4.2216267585754395,0.013988971710205078,-4.221251010894775,0.013613224029541016,0.0003757476806640625,1.0276016673088375
TCGA-4Z-AA7R,175,118,12,0.11369898915290833,-4.207637786865234,-4.2216267585754395,0.013988971710205078,-4.221414089202881,0.013776302337646484,0.00021266937255859375,1.0154373334256344
TCGA-4Z-AA7R,176,118,12,0.11385514587163925,-4.207637786865234,-4.2216267585754395,0.013988971710205078,-4.2218146324157715,0.01417684555053711,-0.00018787384033203125,0.9867478389559718
TCGA-4Z-AA7R,177,118,12,0.11379443854093552,-4.207637786865234,-4.2216267585754395,0.013988971710205078,-4.2102460861206055,0.0026082992553710938,0.011380672454833984,5.363254113345521
TCGA-4Z-AA7R,178,118,12,0.11361736059188843,-4.207637786865234,-4.2216267585754395,0.013988971710205078,-4.209660530090332,0.0020227432250976562,0.011966228485107422,6.915841584158416
TCGA-4Z-AA7R,179,118,12,0.11368604749441147,-4.207637786865234,-4.2216267585754395,0.013988971710205078,-4.22152042388916,0.013882637023925781,0.00010633468627929688,1.007659545235969
TCGA-4Z-AA7R,180,118,12,0.1136624664068222,-4.207637786865234,-4.2216267585754395,0.013988971710205078,-4.197994709014893,0.009643077850341797,0.004345893859863281,1.45067497403946
TCGA-4Z-AA7R,181,118,12,0.1136036291718483,-4.207637786865234,-4.2216267585754395,0.013988971710205078,-4.221480369567871,0.013842582702636719,0.00014638900756835938,1.0105752669652084
TCGA-4Z-AA7R,182,118,12,0.11372091621160507,-4.207637786865234,-4.2216267585754395,0.013988971710205078,-4.20946741104126,0.0018296241760253906,0.012159347534179688,7.645817044566067
TCGA-4Z-AA7R,183,118,12,0.11359249800443649,-4.207637786865234,-4.2216267585754395,0.013988971710205078,-4.210095405578613,0.0024576187133789062,0.011531352996826172,5.692083818393481
TCGA-4Z-AA7R,184,118,12,0.11383906751871109,-4.207637786865234,-4.2216267585754395,0.013988971710205078,-4.212344646453857,0.004706859588623047,0.009282112121582031,2.972039307061088
TCGA-4Z-AA7R,185,118,12,0.11390101909637451,-4.207637786865234,-4.2216267585754395,0.013988971710205078,-4.20986795425415,0.0022301673889160156,0.011758804321289062,6.272610647851186
TCGA-4Z-AA7S,0,162,17,0.1218719631433487,-17.408777236938477,-17.47412109375,0.06534385681152344,-17.3603572845459,0.048419952392578125,0.016923904418945312,1.3495233593319151
TCGA-4Z-AA7S,1,162,17,0.12180887907743454,-17.408777236938477,-17.47412109375,0.06534385681152344,-17.361257553100586,0.047519683837890625,0.017824172973632812,1.3750903106687002
TCGA-4Z-AA7S,2,162,17,0.12184952199459076,-17.408777236938477,-17.47412109375,0.06534385681152344,-17.447736740112305,0.038959503173828125,0.026384353637695312,1.6772251052580045
TCGA-4Z-AA7S,3,162,17,0.12222226709127426,-17.408777236938477,-17.474153518676758,0.06537628173828125,-17.41499900817871,0.006221771240234375,0.059154510498046875,10.507664009809933
TCGA-4Z-AA7S,4,162,17,0.11683391034603119,-17.408777236938477,-17.474210739135742,0.06543350219726562,-17.417818069458008,0.00904083251953125,0.056392669677734375,7.2375527426160335
TCGA-4Z-AA7S,5,162,17,0.12200020253658295,-17.408777236938477,-17.474153518676758,0.06537628173828125,-17.385042190551758,0.02373504638671875,0.0416412353515625,2.754419800707168
TCGA-4Z-AA7S,6,162,17,0.1221567764878273,-17.408777236938477,-17.474153518676758,0.06537628173828125,-17.4774227142334,0.06864547729492188,-0.003269195556640625,0.9523756599055293
TCGA-4Z-AA7S,7,162,17,0.12184665352106094,-17.408777236938477,-17.47412109375,0.06534385681152344,-17.41729736328125,0.008520126342773438,0.05682373046875,7.66935303335572
TCGA-4Z-AA7S,8,162,17,0.7727648019790649,-17.408777236938477,-16.510374069213867,0.8984031677246094,-17.35077476501465,0.058002471923828125,0.8404006958007812,15.489049654718842
TCGA-4Z-AA7S,9,162,17,0.12180107831954956,-17.408777236938477,-17.47412109375,0.06534385681152344,-17.447484970092773,0.038707733154296875,0.026636123657226562,1.6881344239676752
TCGA-4Z-AA7S,10,162,17,0.7780970335006714,-17.408777236938477,-16.510374069213867,0.8984031677246094,-17.47890281677246,0.07012557983398438,0.828277587890625,12.811347440570092
TCGA-4Z-AA7S,11,162,17,0.12187973409891129,-17.408777236938477,-17.47412109375,0.06534385681152344,-17.38829231262207,0.02048492431640625,0.04485893249511719,3.1898510242085663
TCGA-4Z-AA7S,12,162,17,0.12231143563985825,-17.408777236938477,-17.474153518676758,0.06537628173828125,-17.191930770874023,0.21684646606445312,-0.15147018432617188,0.30148649837276803
TCGA-4Z-AA7S,13,162,17,0.12188063561916351,-17.408777236938477,-17.47412109375,0.06534385681152344,-17.316316604614258,0.09246063232421875,-0.027116775512695312,0.7067208515554089
TCGA-4Z-AA7S,14,162,17,0.12187328189611435,-17.408777236938477,-17.47412109375,0.06534385681152344,-17.38776206970215,0.021015167236328125,0.04432868957519531,3.109366491196224
TCGA-4Z-AA7S,15,162,17,0.11995100229978561,-17.408777236938477,-17.474210739135742,0.06543350219726562,-17.3851375579834,0.023639678955078125,0.0417938232421875,2.7679522349523964
TCGA-4Z-AA7S,16,162,17,0.12190917134284973,-17.408777236938477,-17.47412109375,0.06534385681152344,-17.385812759399414,0.0229644775390625,0.04237937927246094,2.8454318936877074
TCGA-4Z-AA7S,17,162,17,0.6914092302322388,-17.408777236938477,-16.510374069213867,0.8984031677246094,-17.416841506958008,0.00806427001953125,0.8903388977050781,111.40539262062441
TCGA-4Z-AA7S,18,162,17,0.12197768688201904,-17.408777236938477,-17.47412109375,0.06534385681152344,-17.44965171813965,0.040874481201171875,0.024469375610351562,1.5986467568828744
TCGA-4Z-AA7S,19,162,17,0.12218557298183441,-17.408777236938477,-17.474153518676758,0.06537628173828125,-17.31237030029297,0.09640693664550781,-0.031030654907226562,0.6781284004352557
TCGA-4Z-AA7S,20,162,17,0.12188826501369476,-17.408777236938477,-17.474153518676758,0.06537628173828125,-17.42078399658203,0.012006759643554688,0.05336952209472656,5.444956314535346
TCGA-4Z-AA7S,21,162,17,0.12172587215900421,-17.408777236938477,-17.47412109375,0.06534385681152344,-17.41901206970215,0.010234832763671875,0.05510902404785156,6.3844576966082744
TCGA-4Z-AA7S,22,162,17,0.12185202538967133,-17.408777236938477,-17.47412109375,0.06534385681152344,-17.415536880493164,0.0067596435546875,0.05858421325683594,9.66676072234763
TCGA-4Z-AA7S,23,162,17,0.12170450389385223,-17.408777236938477,-17.47412109375,0.06534385681152344,-17.418149948120117,0.009372711181640625,0.05597114562988281,6.971713471713472
TCGA-4Z-AA7S,24,162,17,0.7735130190849304,-17.408777236938477,-16.510374069213867,0.8984031677246094,-17.42514991760254,0.0163726806640625,0.8820304870605469,54.87208760484623
TCGA-4Z-AA7S,25,162,17,0.12193185091018677,-17.408777236938477,-17.474153518676758,0.06537628173828125,-17.385087966918945,0.02368927001953125,0.04168701171875,2.759742351046699
TCGA-4Z-AA7S,26,162,17,0.1221001148223877,-17.408777236938477,-17.474153518676758,0.06537628173828125,-17.35405158996582,0.05472564697265625,0.010650634765625,1.1946187090478182
TCGA-4Z-AA7S,27,162,17,0.7845025658607483,-17.408777236938477,-16.510374069213867,0.8984031677246094,-17.31322479248047,0.09555244445800781,0.8028507232666016,9.402199732518913
TCGA-4Z-AA7S,28,162,17,0.12191657721996307,-17.408777236938477,-17.474153518676758,0.06537628173828125,-17.386384963989258,0.02239227294921875,0.0429840087890625,2.9195911413969338
TCGA-4Z-AA7S,29,162,17,0.12209594249725342,-17.408777236938477,-17.474153518676758,0.06537628173828125,-17.415422439575195,0.00664520263671875,0.0587310791015625,9.838117106773824
TCGA-4Z-AA7S,30,162,17,0.12174679338932037,-17.408777236938477,-17.47412109375,0.06534385681152344,-17.389039993286133,0.01973724365234375,0.04560661315917969,3.31068805566293
TCGA-4Z-AA7S,31,162,17,0.12215981632471085,-17.408777236938477,-17.474153518676758,0.06537628173828125,-17.445308685302734,0.03653144836425781,0.028844833374023438,1.78958909831358
TCGA-4Z-AA7S,32,162,17,0.12213543057441711,-17.408777236938477,-17.474153518676758,0.06537628173828125,-17.389108657836914,0.0196685791015625,0.04570770263671875,3.3238944918541504
TCGA-4Z-AA7S,33,162,17,0.12231654673814774,-17.408777236938477,-17.474153518676758,0.06537628173828125,-17.415855407714844,0.0070781707763671875,0.05829811096191406,9.236324440851522
TCGA-4Z-AA7S,34,162,17,0.1220720112323761,-17.408777236938477,-17.474153518676758,0.06537628173828125,-17.359304428100586,0.049472808837890625,0.015903472900390625,1.3214588634435962
TCGA-4Z-AA7S,35,162,17,0.12188012152910233,-17.408777236938477,-17.47412109375,0.06534385681152344,-17.393144607543945,0.01563262939453125,0.04971122741699219,4.179965836993656
TCGA-4Z-AA7S,36,162,17,0.12182339280843735,-17.408777236938477,-17.47412109375,0.06534385681152344,-17.421472549438477,0.0126953125,0.05264854431152344,5.147085336538462
TCGA-4Z-AA7S,37,162,17,0.12185563892126083,-17.408777236938477,-17.47412109375,0.06534385681152344,-17.386571884155273,0.022205352783203125,0.04313850402832031,2.942707438584436
TCGA-4Z-AA7S,38,162,17,0.12206082791090012,-17.408777236938477,-17.474153518676758,0.06537628173828125,-17.34929656982422,0.05948066711425781,0.0058956146240234375,1.0991181657848323
TCGA-4Z-AA7S,39,162,17,0.12006206065416336,-17.408777236938477,-17.474210739135742,0.06543350219726562,-17.41762351989746,0.008846282958984375,0.05658721923828125,7.396722725312634
TCGA-4Z-AA7S,40,162,17,0.12195940315723419,-17.408777236938477,-17.474153518676758,0.06537628173828125,-17.354902267456055,0.053874969482421875,0.011501312255859375,1.2134815549104299
TCGA-4Z-AA7S,41,162,17,0.12210708111524582,-17.408777236938477,-17.474153518676758,0.06537628173828125,-17.416515350341797,0.0077381134033203125,0.05763816833496094,8.44860734532906
TCGA-4Z-AA7S,42,162,17,0.12197689712047577,-17.408777236938477,-17.474153518676758,0.06537628173828125,-17.318769454956055,0.09000778198242188,-0.024631500244140625,0.7263403263403263
TCGA-4Z-AA7S,43,162,17,0.12186403572559357,-17.408777236938477,-17.47412109375,0.06534385681152344,-17.416719436645508,0.00794219970703125,0.05740165710449219,8.227425552353505
TCGA-4Z-AA7S,44,162,17,0.1218012198805809,-17.408777236938477,-17.47412109375,0.06534385681152344,-17.417184829711914,0.0084075927734375,0.05693626403808594,7.772005444646098
TCGA-4Z-AA7S,45,162,17,0.12169654667377472,-17.408777236938477,-17.47412109375,0.06534385681152344,-17.417207717895508,0.00843048095703125,0.05691337585449219,7.750904977375566
TCGA-4Z-AA7S,46,162,17,0.12176010012626648,-17.408777236938477,-17.47412109375,0.06534385681152344,-17.350740432739258,0.05803680419921875,0.0073070526123046875,1.1259037728408046
TCGA-4Z-AA7S,47,162,17,0.12185171246528625,-17.408777236938477,-17.47412109375,0.06534385681152344,-17.47661018371582,0.06783294677734375,-0.0024890899658203125,0.9633055899223935
TCGA-4Z-AA7S,48,162,17,0.24507509171962738,-17.408777236938477,-16.51218032836914,0.8965969085693359,-17.420642852783203,0.011865615844726562,0.8847312927246094,75.5626105127793
TCGA-4Z-AA7S,49,162,17,0.12194915115833282,-17.408777236938477,-17.474153518676758,0.06537628173828125,-17.44451332092285,0.035736083984375,0.02964019775390625,1.8294192997438088
TCGA-4Z-AA7S,50,162,17,0.12103546410799026,-17.408777236938477,-17.474210739135742,0.06543350219726562,-17.41608238220215,0.007305145263671875,0.05812835693359375,8.957180156657964
TCGA-4Z-AA7S,51,162,17,0.12178601324558258,-17.408777236938477,-17.47412109375,0.06534385681152344,-17.42198371887207,0.01320648193359375,0.05213737487792969,4.947862507221259
TCGA-4Z-AA7S,52,162,17,0.12186078727245331,-17.408777236938477,-17.47412109375,0.06534385681152344,-17.415525436401367,0.006748199462890625,0.05859565734863281,9.683154324477107
TCGA-4Z-AA7S,53,162,17,0.12210255861282349,-17.408777236938477,-17.474153518676758,0.06537628173828125,-17.31266975402832,0.09610748291015625,-0.030731201171875,0.6802413273001509
TCGA-4Z-AA7S,54,162,17,0.121921107172966,-17.408777236938477,-17.474153518676758,0.06537628173828125,-17.38627815246582,0.02249908447265625,0.042877197265625,2.9057307561885386
TCGA-4Z-AA7S,55,162,17,0.12202498316764832,-17.408777236938477,-17.474153518676758,0.06537628173828125,-17.41952896118164,0.010751724243164062,0.05462455749511719,6.080539293950683
TCGA-4Z-AA7S,56,162,17,0.12226712703704834,-17.408777236938477,-17.474153518676758,0.06537628173828125,-17.319561004638672,0.08921623229980469,-0.023839950561523438,0.7327846071619455
TCGA-4Z-AA7S,57,162,17,0.7662598490715027,-17.408777236938477,-16.510374069213867,0.8984031677246094,-17.422203063964844,0.013425827026367188,0.8849773406982422,66.91603921011507
TCGA-4Z-AA7S,58,162,17,0.6558218002319336,-17.408777236938477,-16.510374069213867,0.8984031677246094,-17.325292587280273,0.08348464965820312,0.8149185180664062,10.761297692483437
TCGA-4Z-AA7S,59,162,17,0.6407584547996521,-17.408777236938477,-16.51218032836914,0.8965969085693359,-17.35660743713379,0.0521697998046875,0.8444271087646484,17.186128985083357
TCGA-4Z-AA7S,60,162,17,0.12200567126274109,-17.408777236938477,-17.474153518676758,0.06537628173828125,-17.382272720336914,0.0265045166015625,0.03887176513671875,2.4666090961427747
TCGA-4Z-AA7S,61,162,17,0.12203346937894821,-17.408777236938477,-17.47412109375,0.06534385681152344,-17.410465240478516,0.0016880035400390625,0.06365585327148438,38.710734463276836
TCGA-4Z-AA7S,62,162,17,0.12197229266166687,-17.408777236938477,-17.474153518676758,0.06537628173828125,-17.39363670349121,0.015140533447265625,0.050235748291015625,4.317964222726127
TCGA-4Z-AA7S,63,162,17,0.12188559025526047,-17.408777236938477,-17.47412109375,0.06534385681152344,-17.42680549621582,0.01802825927734375,0.04731559753417969,3.624523910283538
TCGA-4Z-AA7S,64,162,17,0.12211791425943375,-17.408777236938477,-17.474153518676758,0.06537628173828125,-17.415552139282227,0.00677490234375,0.05860137939453125,9.649774774774775
TCGA-4Z-AA7S,65,162,17,0.3153999149799347,-17.408777236938477,-16.51218032836914,0.8965969085693359,-17.420419692993164,0.0116424560546875,0.8849544525146484,77.01097640891219
TCGA-4Z-AA7S,66,162,17,0.7828149795532227,-17.408777236938477,-16.510374069213867,0.8984031677246094,-17.478429794311523,0.06965255737304688,0.8287506103515625,12.89835149789145
TCGA-4Z-AA7S,67,162,17,0.1219574362039566,-17.408777236938477,-17.474153518676758,0.06537628173828125,-17.384572982788086,0.024204254150390625,0.041172027587890625,2.7010244286840033
TCGA-4Z-AA7S,68,162,17,0.12186786532402039,-17.408777236938477,-17.47412109375,0.06534385681152344,-17.41815948486328,0.009382247924804688,0.05596160888671875,6.964626956698516
TCGA-4Z-AA7S,69,162,17,0.12179459631443024,-17.408777236938477,-17.47412109375,0.06534385681152344,-17.448766708374023,0.039989471435546875,0.025354385375976562,1.6340265191262042
TCGA-4Z-AA7S,70,162,17,0.6633175611495972,-17.408777236938477,-16.510374069213867,0.8984031677246094,-17.381423950195312,0.027353286743164062,0.8710498809814453,32.84443204797434
TCGA-4Z-AA7S,71,162,17,0.12178441882133484,-17.408777236938477,-17.47412109375,0.06534385681152344,-17.477985382080078,0.06920814514160156,-0.003864288330078125,0.9441642552018741
TCGA-4Z-AA7S,72,162,17,0.6370716094970703,-17.408777236938477,-16.5093936920166,0.899383544921875,-17.419063568115234,0.010286331176757812,0.8890972137451172,87.43482291859819
TCGA-4Z-AA7S,73,162,17,0.6830189228057861,-17.408777236938477,-16.510374069213867,0.8984031677246094,-17.449419021606445,0.04064178466796875,0.8577613830566406,22.1054064201239
TCGA-4Z-AA7S,74,162,17,0.7035890221595764,-17.408777236938477,-16.510374069213867,0.8984031677246094,-17.386432647705078,0.022344589233398438,0.8760585784912109,40.206743491250535
TCGA-4Z-AA7S,75,162,17,0.12179096043109894,-17.408777236938477,-17.47412109375,0.06534385681152344,-17.316320419311523,0.09245681762695312,-0.027112960815429688,0.7067500103148079
TCGA-4Z-AA7S,76,162,17,0.12206332385540009,-17.408777236938477,-17.474153518676758,0.06537628173828125,-17.35222816467285,0.056549072265625,0.00882720947265625,1.1560982191041553
TCGA-4Z-AA7S,77,162,17,0.1221250370144844,-17.408777236938477,-17.474153518676758,0.06537628173828125,-17.38547134399414,0.023305892944335938,0.04207038879394531,2.805139536786971
TCGA-4Z-AA7S,78,162,17,0.12176483869552612,-17.408777236938477,-17.47412109375,0.06534385681152344,-17.41869354248047,0.009916305541992188,0.05542755126953125,6.589536449317176
TCGA-4Z-AA7S,79,162,17,0.12198913842439651,-17.408777236938477,-17.474153518676758,0.06537628173828125,-17.382747650146484,0.026029586791992188,0.03934669494628906,2.5116142741994576
TCGA-4Z-AA7S,80,162,17,0.7089818120002747,-17.408777236938477,-16.510374069213867,0.8984031677246094,-17.38186264038086,0.026914596557617188,0.8714885711669922,33.379774643894834
TCGA-4Z-AA7S,81,162,17,0.12182091921567917,-17.408777236938477,-17.47412109375,0.06534385681152344,-17.31782341003418,0.09095382690429688,-0.025609970092773438,0.7184288889820912
TCGA-4Z-AA7S,82,162,17,0.29362350702285767,-17.408777236938477,-16.51218032836914,0.8965969085693359,-17.45717430114746,0.048397064208984375,0.8481998443603516,18.52585323559549
TCGA-4Z-AA7S,83,162,17,0.1219300627708435,-17.408777236938477,-17.474153518676758,0.06537628173828125,-17.4453067779541,0.036529541015625,0.02884674072265625,1.7896825396825398
TCGA-4Z-AA7S,84,162,17,0.12188173830509186,-17.408777236938477,-17.47412109375,0.06534385681152344,-17.44816780090332,0.03939056396484375,0.025953292846679688,1.658870811543676
TCGA-4Z-AA7S,85,162,17,0.12206128239631653,-17.408777236938477,-17.474153518676758,0.06537628173828125,-17.384870529174805,0.023906707763671875,0.041469573974609375,2.7346417743737037
TCGA-4Z-AA7S,86,162,17,0.12210536748170853,-17.408777236938477,-17.474153518676758,0.06537628173828125,-17.417219161987305,0.008441925048828125,0.056934356689453125,7.744238590149119
TCGA-4Z-AA7S,87,162,17,0.12188161164522171,-17.408777236938477,-17.474153518676758,0.06537628173828125,-17.419090270996094,0.010313034057617188,0.05506324768066406,6.339189938968005
TCGA-4Z-AA7S,88,162,17,0.12211200594902039,-17.408777236938477,-17.474153518676758,0.06537628173828125,-17.421857833862305,0.013080596923828125,0.052295684814453125,4.9979585885097695
TCGA-4Z-AA7S,89,162,17,0.12191551178693771,-17.408777236938477,-17.47412109375,0.06534385681152344,-17.379968643188477,0.02880859375,0.03653526306152344,2.268207097457627
TCGA-4Z-AA7S,90,162,17,0.7291070222854614,-17.408777236938477,-16.510374069213867,0.8984031677246094,-17.385971069335938,0.022806167602539062,0.8755970001220703,39.39299155306515
TCGA-4Z-AA7S,91,162,17,0.12187928706407547,-17.408777236938477,-17.47412109375,0.06534385681152344,-17.449342727661133,0.04056549072265625,0.024778366088867188,1.610823772804213
TCGA-4Z-AA7S,92,162,17,0.12194507569074631,-17.408777236938477,-17.474153518676758,0.06537628173828125,-17.380857467651367,0.027919769287109375,0.037456512451171875,2.3415767181308924
TCGA-4Z-AA7S,93,162,17,0.1219521313905716,-17.408777236938477,-17.474153518676758,0.06537628173828125,-17.35153579711914,0.05724143981933594,0.008134841918945312,1.1421145579954017
TCGA-4Z-AA7S,94,162,17,0.6500537395477295,-17.408777236938477,-16.5093936920166,0.899383544921875,-17.39201545715332,0.01676177978515625,0.8826217651367188,53.65680473372781
TCGA-4Z-AA7S,95,162,17,0.12217399477958679,-17.408777236938477,-17.474153518676758,0.06537628173828125,-17.386201858520508,0.02257537841796875,0.0428009033203125,2.895910780669145
TCGA-4Z-AA7S,96,162,17,0.12227387726306915,-17.408777236938477,-17.474153518676758,0.06537628173828125,-17.389596939086914,0.0191802978515625,0.04619598388671875,3.4085123309466985
TCGA-4Z-AA7S,97,162,17,0.11937004327774048,-17.408777236938477,-17.474210739135742,0.06543350219726562,-17.477087020874023,0.06830978393554688,-0.00287628173828125,0.9578935611771933
TCGA-4Z-AA7S,98,162,17,0.12199617177248001,-17.408777236938477,-17.474153518676758,0.06537628173828125,-17.418333053588867,0.009555816650390625,0.055820465087890625,6.841516966067864
TCGA-4Z-AA7S,99,162,17,0.12205036729574203,-17.408777236938477,-17.47412109375,0.06534385681152344,-17.393953323364258,0.01482391357421875,0.05051994323730469,4.408003088008234
TCGA-4Z-AA7S,100,162,17,0.11599185317754745,-17.408777236938477,-17.474210739135742,0.06543350219726562,-17.448528289794922,0.03975105285644531,0.025682449340820312,1.6460822417350416
TCGA-4Z-AA7S,101,162,17,0.12158988416194916,-17.408777236938477,-17.47412109375,0.06534385681152344,-17.421049118041992,0.012271881103515625,0.05307197570800781,5.324681380167858
TCGA-4Z-AA7S,102,162,17,0.12187390774488449,-17.408777236938477,-17.47412109375,0.06534385681152344,-17.421018600463867,0.012241363525390625,0.05310249328613281,5.337955749454658
TCGA-4Z-AA7S,103,162,17,0.12193796783685684,-17.408777236938477,-17.474153518676758,0.06537628173828125,-17.449478149414062,0.04070091247558594,0.024675369262695312,1.6062608369651812
TCGA-4Z-AA7S,104,162,17,0.12261742353439331,-17.408777236938477,-17.474153518676758,0.06537628173828125,-17.355470657348633,0.05330657958984375,0.0120697021484375,1.2264204952053814
TCGA-4Z-AA7S,105,162,17,0.1220557764172554,-17.408777236938477,-17.474153518676758,0.06537628173828125,-17.35393714904785,0.054840087890625,0.01053619384765625,1.1921257651641626
TCGA-4Z-AA7S,106,162,17,0.12179393321275711,-17.408777236938477,-17.47412109375,0.06534385681152344,-17.449190139770508,0.04041290283203125,0.024930953979492188,1.616905795733434
TCGA-4Z-AA7S,107,162,17,0.7800040245056152,-17.408777236938477,-16.510374069213867,0.8984031677246094,-17.444433212280273,0.035655975341796875,0.8627471923828125,25.196426660960736
TCGA-4Z-AA7S,108,162,17,0.12190738320350647,-17.408777236938477,-17.47412109375,0.06534385681152344,-17.4471492767334,0.038372039794921875,0.026971817016601562,1.7029028730490108
TCGA-4Z-AA7S,109,162,17,0.7479420900344849,-17.408777236938477,-16.510374069213867,0.8984031677246094,-17.44553565979004,0.0367584228515625,0.8616447448730469,24.440743046907432
TCGA-4Z-AA7S,110,162,17,0.12210667133331299,-17.408777236938477,-17.474153518676758,0.06537628173828125,-17.366140365600586,0.042636871337890625,0.022739410400390625,1.5333273687035878
TCGA-4Z-AA7S,111,162,17,0.12197186052799225,-17.408777236938477,-17.474153518676758,0.06537628173828125,-17.44842529296875,0.03964805603027344,0.025728225708007812,1.6489151873767258
TCGA-4Z-AA7S,112,162,17,0.12180785834789276,-17.408777236938477,-17.47412109375,0.06534385681152344,-17.476974487304688,0.06819725036621094,-0.0028533935546875,0.9581596979443434
TCGA-4Z-AA7S,113,162,17,0.755984365940094,-17.408777236938477,-16.510374069213867,0.8984031677246094,-17.412630081176758,0.00385284423828125,0.8945503234863281,233.17920792079207
TCGA-4Z-AA7S,114,162,17,0.12211698293685913,-17.408777236938477,-17.474153518676758,0.06537628173828125,-17.386537551879883,0.02223968505859375,0.0431365966796875,2.939622641509434
TCGA-4Z-AA7S,115,162,17,0.12177032232284546,-17.408777236938477,-17.47412109375,0.06534385681152344,-17.415441513061523,0.006664276123046875,0.05867958068847656,9.8050944476245
TCGA-4Z-AA7S,116,162,17,0.12196077406406403,-17.408777236938477,-17.474153518676758,0.06537628173828125,-17.385465621948242,0.023311614990234375,0.042064666748046875,2.804450990018
TCGA-4Z-AA7S,117,162,17,0.6477713584899902,-17.408777236938477,-16.5093936920166,0.899383544921875,-17.44992446899414,0.04114723205566406,0.8582363128662109,21.857692485977843
TCGA-4Z-AA7S,118,162,17,0.7807474732398987,-17.408777236938477,-16.510374069213867,0.8984031677246094,-17.385297775268555,0.023479461669921875,0.8749237060546875,38.26336311941511
TCGA-4Z-AA7S,119,162,17,0.12185543775558472,-17.408777236938477,-17.47412109375,0.06534385681152344,-17.348459243774414,0.0603179931640625,0.0050258636474609375,1.083322792815583
TCGA-4Z-AA7S,120,162,17,0.12159237265586853,-17.408777236938477,-17.47412109375,0.06534385681152344,-17.423662185668945,0.01488494873046875,0.05045890808105469,4.389928241927217
TCGA-4Z-AA7S,121,162,17,0.12218118458986282,-17.408777236938477,-17.474153518676758,0.06537628173828125,-17.417526245117188,0.008749008178710938,0.05662727355957031,7.47242206235012
TCGA-4Z-AA7S,122,162,17,0.2690551280975342,-17.408777236938477,-16.51218032836914,0.8965969085693359,-17.4210147857666,0.012237548828125,0.8843593597412109,73.2660536159601
TCGA-4Z-AA7S,123,162,17,0.7811251878738403,-17.408777236938477,-16.510374069213867,0.8984031677246094,-17.447729110717773,0.038951873779296875,0.8594512939453125,23.06444030947018
TCGA-4Z-AA7S,124,162,17,0.12178989499807358,-17.408777236938477,-17.47412109375,0.06534385681152344,-17.385251998901367,0.023525238037109375,0.04181861877441406,2.7776066158586024
TCGA-4Z-AA7S,125,162,17,0.12225383520126343,-17.408777236938477,-17.474153518676758,0.06537628173828125,-17.47776985168457,0.06899261474609375,-0.0036163330078125,0.9475837664491872
TCGA-4Z-AA7S,126,162,17,0.6597111225128174,-17.408777236938477,-16.510374069213867,0.8984031677246094,-17.358644485473633,0.05013275146484375,0.8482704162597656,17.92048394460508
TCGA-4Z-AA7S,127,162,17,0.12174690514802933,-17.408777236938477,-17.47412109375,0.06534385681152344,-17.38355827331543,0.025218963623046875,0.04012489318847656,2.5910603539555286
TCGA-4Z-AA7S,128,162,17,0.1223478689789772,-17.408777236938477,-17.474153518676758,0.06537628173828125,-17.449087142944336,0.040309906005859375,0.025066375732421875,1.6218415822844705
TCGA-4Z-AA7S,129,162,17,0.4101119935512543,-17.408777236938477,-16.510374069213867,0.8984031677246094,-17.355371475219727,0.05340576171875,0.8449974060058594,16.822214285714285
TCGA-4Z-AA7S,130,162,17,0.12200219929218292,-17.408777236938477,-17.474153518676758,0.06537628173828125,-17.414596557617188,0.0058193206787109375,0.05955696105957031,11.234349393641429
TCGA-4Z-AA7S,131,162,17,0.6167923808097839,-17.408777236938477,-16.51218032836914,0.8965969085693359,-17.387693405151367,0.021083831787109375,0.8755130767822266,42.52533019721368
TCGA-4Z-AA7S,132,162,17,0.1223326250910759,-17.408777236938477,-17.474153518676758,0.06537628173828125,-17.388872146606445,0.01990509033203125,0.04547119140625,3.2844001533154463
TCGA-4Z-AA7S,133,162,17,0.12178881466388702,-17.408777236938477,-17.47412109375,0.06534385681152344,-17.418657302856445,0.00988006591796875,0.05546379089355469,6.613706563706564
TCGA-4Z-AA7S,134,162,17,0.12190999835729599,-17.408777236938477,-17.47412109375,0.06534385681152344,-17.38759994506836,0.021177291870117188,0.04416656494140625,3.0855624605962353
TCGA-4Z-AA7S,135,162,17,0.1218663901090622,-17.408777236938477,-17.47412109375,0.06534385681152344,-17.236108779907227,0.17266845703125,-0.10732460021972656,0.3784354012018381
TCGA-4Z-AA7S,136,162,17,0.12199863791465759,-17.408777236938477,-17.474153518676758,0.06537628173828125,-17.41911506652832,0.01033782958984375,0.0550384521484375,6.323985239852399
TCGA-4Z-AA7S,137,162,17,0.7783629298210144,-17.408777236938477,-16.510374069213867,0.8984031677246094,-17.449783325195312,0.04100608825683594,0.8573970794677734,21.909019024140658
TCGA-4Z-AA7S,138,162,17,0.12207409739494324,-17.408777236938477,-17.474153518676758,0.06537628173828125,-17.356447219848633,0.05233001708984375,0.0130462646484375,1.2493074792243768
TCGA-4Z-AA7S,139,162,17,0.12188859283924103,-17.408777236938477,-17.474153518676758,0.06537628173828125,-17.38425636291504,0.0245208740234375,0.04085540771484375,2.666148102053516
TCGA-4Z-AA7S,140,162,17,0.11935223639011383,-17.408777236938477,-17.474210739135742,0.06543350219726562,-17.34927749633789,0.05949974060058594,0.0059337615966796875,1.0997275204359673
TCGA-4Z-AA7S,141,162,17,0.1218574270606041,-17.408777236938477,-17.47412109375,0.06534385681152344,-17.28019142150879,0.1285858154296875,-0.06324195861816406,0.5081731339741308
TCGA-4Z-AA7S,142,162,17,0.12208472192287445,-17.408777236938477,-17.474153518676758,0.06537628173828125,-17.384668350219727,0.02410888671875,0.04126739501953125,2.7117088607594937
TCGA-4Z-AA7S,143,162,17,0.12215989828109741,-17.408777236938477,-17.474153518676758,0.06537628173828125,-17.393491744995117,0.015285491943359375,0.050090789794921875,4.277015223359122
TCGA-4Z-AA7S,144,162,17,0.12191444635391235,-17.408777236938477,-17.47412109375,0.06534385681152344,-17.318601608276367,0.09017562866210938,-0.024831771850585938,0.7246287914040357
TCGA-4Z-AA7S,145,162,17,0.12209013104438782,-17.408777236938477,-17.474153518676758,0.06537628173828125,-17.449384689331055,0.040607452392578125,0.024768829345703125,1.6099577266322218
TCGA-4Z-AA7S,146,162,17,0.12182968854904175,-17.408777236938477,-17.47412109375,0.06534385681152344,-17.447404861450195,0.03862762451171875,0.026716232299804688,1.691635394035157
TCGA-4Z-AA7S,147,162,17,0.1218537837266922,-17.408777236938477,-17.47412109375,0.06534385681152344,-17.41742515563965,0.008647918701171875,0.05669593811035156,7.556021173356859
TCGA-4Z-AA7S,148,162,17,0.6900092363357544,-17.408777236938477,-16.510374069213867,0.8984031677246094,-17.388845443725586,0.019931793212890625,0.8784713745117188,45.073875598086126
TCGA-4Z-AA7S,149,162,17,0.12183625996112823,-17.408777236938477,-17.47412109375,0.06534385681152344,-17.44611930847168,0.037342071533203125,0.028001785278320312,1.749872305649198
TCGA-4Z-AA7S,150,162,17,0.12180252373218536,-17.408777236938477,-17.47412109375,0.06534385681152344,-17.346071243286133,0.06270599365234375,0.0026378631591796875,1.0420671614551649
TCGA-4Z-AA7S,151,162,17,0.12172397971153259,-17.408777236938477,-17.47412109375,0.06534385681152344,-17.38827133178711,0.020505905151367188,0.04483795166015625,3.1865872942051903
TCGA-4Z-AA7S,152,162,17,0.12194551527500153,-17.408777236938477,-17.47412109375,0.06534385681152344,-17.449125289916992,0.040348052978515625,0.024995803833007812,1.619504585421197
TCGA-4Z-AA7S,153,162,17,0.1218576580286026,-17.408777236938477,-17.47412109375,0.06534385681152344,-17.383100509643555,0.025676727294921875,0.03966712951660156,2.5448670331302927
TCGA-4Z-AA7S,154,162,17,0.12183938920497894,-17.408777236938477,-17.47412109375,0.06534385681152344,-17.386037826538086,0.022739410400390625,0.04260444641113281,2.873595034390203
TCGA-4Z-AA7S,155,162,17,0.7612061500549316,-17.408777236938477,-16.510374069213867,0.8984031677246094,-17.354534149169922,0.05424308776855469,0.8441600799560547,16.56253736066669
TCGA-4Z-AA7S,156,162,17,0.12207623571157455,-17.408777236938477,-17.474153518676758,0.06537628173828125,-17.359806060791016,0.04897117614746094,0.016405105590820312,1.3349951314508277
TCGA-4Z-AA7S,157,162,17,0.12192072719335556,-17.408777236938477,-17.474153518676758,0.06537628173828125,-17.42330551147461,0.014528274536132812,0.05084800720214844,4.49993435735854
TCGA-4Z-AA7S,158,162,17,0.12197628617286682,-17.408777236938477,-17.474153518676758,0.06537628173828125,-17.448701858520508,0.03992462158203125,0.02545166015625,1.6374928339384673
TCGA-4Z-AA7S,159,162,17,0.4884841740131378,-17.408777236938477,-16.51218032836914,0.8965969085693359,-17.41547393798828,0.0066967010498046875,0.8899002075195312,133.88635716320135
TCGA-4Z-AA7S,160,162,17,0.7808719277381897,-17.408777236938477,-16.510374069213867,0.8984031677246094,-17.385744094848633,0.02303314208984375,0.8753700256347656,39.00480291487247
TCGA-4Z-AA7S,161,162,17,0.12178294360637665,-17.408777236938477,-17.47412109375,0.06534385681152344,-17.47723960876465,0.06846237182617188,-0.0031185150146484375,0.9544492115673929
TCGA-4Z-AA7S,162,162,17,0.6660792231559753,-17.408777236938477,-16.510374069213867,0.8984031677246094,-17.4493350982666,0.040557861328125,0.8578453063964844,22.15114747930775
TCGA-4Z-AA7S,163,162,17,0.12185265123844147,-17.408777236938477,-17.47412109375,0.06534385681152344,-17.420024871826172,0.011247634887695312,0.054096221923828125,5.809564185178904
TCGA-4Z-AA7S,164,162,17,0.12218697369098663,-17.408777236938477,-17.474153518676758,0.06537628173828125,-17.450212478637695,0.04143524169921875,0.0239410400390625,1.5777941447247283
TCGA-4Z-AA7S,165,162,17,0.11818476766347885,-17.408777236938477,-17.474210739135742,0.06543350219726562,-17.352705001831055,0.056072235107421875,0.00936126708984375,1.166950132662086
TCGA-4Z-AA7S,166,162,17,0.6273519992828369,-17.408777236938477,-16.51218032836914,0.8965969085693359,-17.448467254638672,0.03969001770019531,0.8569068908691406,22.589985102599837
TCGA-4Z-AA7S,167,162,17,0.1217983067035675,-17.408777236938477,-17.47412109375,0.06534385681152344,-17.383996963500977,0.0247802734375,0.04056358337402344,2.6369304187192117
TCGA-4Z-AA7S,168,162,17,0.12196065485477448,-17.408777236938477,-17.474153518676758,0.06537628173828125,-17.45087432861328,0.04209709167480469,0.023279190063476562,1.5529880839110144
TCGA-4Z-AA7S,169,162,17,0.12172849476337433,-17.408777236938477,-17.47412109375,0.06534385681152344,-17.476903915405273,0.06812667846679688,-0.0027828216552734375,0.9591522481661907
TCGA-4Z-AA7S,170,162,17,0.12204635888338089,-17.408777236938477,-17.474153518676758,0.06537628173828125,-17.447677612304688,0.03890037536621094,0.026475906372070312,1.68060799215494
TCGA-4Z-AA7S,171,162,17,0.12199221551418304,-17.408777236938477,-17.47412109375,0.06534385681152344,-17.41716957092285,0.008392333984375,0.05695152282714844,7.786136363636364
TCGA-4Z-AA7S,172,162,17,0.12106011807918549,-17.408777236938477,-17.474210739135742,0.06543350219726562,-17.382131576538086,0.026645660400390625,0.038787841796875,2.4556907659269864
TCGA-4Z-AA7S,173,162,17,0.12174642086029053,-17.408777236938477,-17.47412109375,0.06534385681152344,-17.394969940185547,0.013807296752929688,0.05153656005859375,4.732559745821246
TCGA-4Z-AA7S,174,162,17,0.12208999693393707,-17.408777236938477,-17.474153518676758,0.06537628173828125,-17.45011329650879,0.0413360595703125,0.02404022216796875,1.5815799187892212
TCGA-4Z-AA7S,175,162,17,0.7791333794593811,-17.408777236938477,-16.510374069213867,0.8984031677246094,-17.38607406616211,0.022703170776367188,0.8756999969482422,39.571704612282616
TCGA-4Z-AA7S,176,162,17,0.12208162248134613,-17.408777236938477,-17.474153518676758,0.06537628173828125,-17.4486141204834,0.039836883544921875,0.025539398193359375,1.641099300967155
TCGA-4Z-AA7S,177,162,17,0.12233928591012955,-17.408777236938477,-17.474153518676758,0.06537628173828125,-17.449853897094727,0.04107666015625,0.02429962158203125,1.5915676077265972
TCGA-4Z-AA7S,178,162,17,0.12180610001087189,-17.408777236938477,-17.47412109375,0.06534385681152344,-17.36171531677246,0.047061920166015625,0.018281936645507812,1.3884655913106914
TCGA-4Z-AA7S,179,162,17,0.12192630767822266,-17.408777236938477,-17.47412109375,0.06534385681152344,-17.447481155395508,0.03870391845703125,0.026639938354492188,1.688300808200276
TCGA-4Z-AA7S,180,162,17,0.12215153872966766,-17.408777236938477,-17.474153518676758,0.06537628173828125,-17.47740364074707,0.06862640380859375,-0.0032501220703125,0.9526403557531962
TCGA-4Z-AA7S,181,162,17,0.1219198927283287,-17.408777236938477,-17.47412109375,0.06534385681152344,-17.419668197631836,0.010890960693359375,0.05445289611816406,5.999824868651489
TCGA-4Z-AA7S,182,162,17,0.12185551971197128,-17.408777236938477,-17.47412109375,0.06534385681152344,-17.446428298950195,0.03765106201171875,0.027692794799804688,1.7355116514690982
TCGA-4Z-AA7S,183,162,17,0.12164553254842758,-17.408777236938477,-17.47412109375,0.06534385681152344,-17.417131423950195,0.00835418701171875,0.05698966979980469,7.821689497716895
TCGA-4Z-AA7S,184,162,17,0.12220963835716248,-17.408777236938477,-17.474153518676758,0.06537628173828125,-17.361495971679688,0.04728126525878906,0.018095016479492188,1.3827100730162571
TCGA-4Z-AA7S,185,162,17,0.12205789983272552,-17.408777236938477,-17.474153518676758,0.06537628173828125,-17.47682762145996,0.06805038452148438,-0.002674102783203125,0.960704075340546
TCGA-4Z-AA7W,0,123,13,0.12056614458560944,-50.07145309448242,-50.27499771118164,0.20354461669921875,-50.01612854003906,0.055324554443359375,0.14822006225585938,3.6791008756808936
TCGA-4Z-AA7W,1,123,13,0.7924555540084839,-50.07145309448242,-46.796756744384766,3.2746963500976562,-50.00776290893555,0.063690185546875,3.2110061645507812,51.416027791087686
TCGA-4Z-AA7W,2,123,13,0.8338127732276917,-50.07145309448242,-46.796756744384766,3.2746963500976562,-50.01457977294922,0.056873321533203125,3.217823028564453,57.57877791937756
TCGA-4Z-AA7W,3,123,13,0.6447033882141113,-50.07145309448242,-46.796756744384766,3.2746963500976562,-50.0178337097168,0.053619384765625,3.2210769653320312,61.0729937393284
TCGA-4Z-AA7W,4,123,13,0.12066598236560822,-50.07145309448242,-50.274879455566406,0.20342636108398438,-50.164676666259766,0.09322357177734375,0.11020278930664062,2.1821343808822324
TCGA-4Z-AA7W,5,123,13,0.6852923035621643,-50.07145309448242,-46.796756744384766,3.2746963500976562,-50.15214157104492,0.0806884765625,3.1940078735351562,40.58443645990923
TCGA-4Z-AA7W,6,123,13,0.8736251592636108,-50.07145309448242,-46.796756744384766,3.2746963500976562,-50.148685455322266,0.07723236083984375,3.1974639892578125,42.40057295268201
TCGA-4Z-AA7W,7,123,13,0.12069150060415268,-50.07145309448242,-50.274879455566406,0.20342636108398438,-50.0080680847168,0.063385009765625,0.14004135131835938,3.2093765045739047
TCGA-4Z-AA7W,8,123,13,0.8721113204956055,-50.07145309448242,-46.796756744384766,3.2746963500976562,-49.88020706176758,0.19124603271484375,3.0834503173828125,17.122950492679617
TCGA-4Z-AA7W,9,123,13,0.6968258023262024,-50.07145309448242,-46.796756744384766,3.2746963500976562,-50.02322006225586,0.0482330322265625,3.2264633178710938,67.89322999050933
TCGA-4Z-AA7W,10,123,13,0.12075292319059372,-50.07145309448242,-50.274879455566406,0.20342636108398438,-50.28492736816406,0.21347427368164062,-0.01004791259765625,0.9529315058701596
TCGA-4Z-AA7W,11,123,13,0.8687672019004822,-50.07145309448242,-46.796756744384766,3.2746963500976562,-50.286006927490234,0.2145538330078125,3.0601425170898438,15.26281914515326
TCGA-4Z-AA7W,12,123,13,0.8730053305625916,-50.07145309448242,-46.796756744384766,3.2746963500976562,-49.98759841918945,0.08385467529296875,3.1908416748046875,39.05204258029297
TCGA-4Z-AA7W,13,123,13,0.8643059134483337,-50.07145309448242,-46.796756744384766,3.2746963500976562,-50.146297454833984,0.0748443603515625,3.1998519897460938,43.75341488277268
TCGA-4Z-AA7W,14,123,13,0.5175895690917969,-50.07145309448242,-46.796756744384766,3.2746963500976562,-49.866703033447266,0.20475006103515625,3.0699462890625,15.99362819987331
TCGA-4Z-AA7W,15,123,13,0.12072263658046722,-50.07145309448242,-50.274879455566406,0.20342636108398438,-50.28592300415039,0.21446990966796875,-0.011043548583984375,0.9485077016114688
TCGA-4Z-AA7W,16,123,13,0.8460056185722351,-50.07145309448242,-46.796756744384766,3.2746963500976562,-50.01971435546875,0.051738739013671875,3.2229576110839844,63.292929292929294
TCGA-4Z-AA7W,17,123,13,0.2962701916694641,-50.07145309448242,-46.796756744384766,3.2746963500976562,-50.1464729309082,0.07501983642578125,3.199676513671875,43.651072917726026
TCGA-4Z-AA7W,18,123,13,0.8701651096343994,-50.07145309448242,-46.796756744384766,3.2746963500976562,-50.03919219970703,0.032260894775390625,3.2424354553222656,101.50668085609554
TCGA-4Z-AA7W,19,123,13,0.8732193112373352,-50.07145309448242,-46.796756744384766,3.2746963500976562,-50.2892951965332,0.21784210205078125,3.056854248046875,15.032430917942072
TCGA-4Z-AA7W,20,123,13,0.871271014213562,-50.07145309448242,-46.796756744384766,3.2746963500976562,-50.018070220947266,0.05338287353515625,3.2213134765625,61.3435758182078
TCGA-4Z-AA7W,21,123,13,0.4562717080116272,-50.07145309448242,-46.796756744384766,3.2746963500976562,-50.02492904663086,0.0465240478515625,3.2281723022460938,70.38717612331912
TCGA-4Z-AA7W,22,123,13,0.8675290942192078,-50.07145309448242,-46.796756744384766,3.2746963500976562,-50.14744567871094,0.07599258422851562,3.1987037658691406,43.09231464283921
TCGA-4Z-AA7W,23,123,13,0.6133751273155212,-50.07145309448242,-46.796756744384766,3.2746963500976562,-50.1558952331543,0.084442138671875,3.1902542114257812,38.78035778821829
TCGA-4Z-AA7W,24,123,13,0.48206785321235657,-50.07145309448242,-46.796756744384766,3.2746963500976562,-49.99964141845703,0.07181167602539062,3.2028846740722656,45.60116865869854
TCGA-4Z-AA7W,25,123,13,0.12073823809623718,-50.07145309448242,-50.274879455566406,0.20342636108398438,-49.8481559753418,0.223297119140625,-0.019870758056640625,0.9110120267869345
TCGA-4Z-AA7W,26,123,13,0.6086950898170471,-50.07145309448242,-46.796756744384766,3.2746963500976562,-50.29155731201172,0.22010421752929688,3.0545921325683594,14.877935492816167
TCGA-4Z-AA7W,27,123,13,0.4679352939128876,-50.07145309448242,-46.796756744384766,3.2746963500976562,-49.694244384765625,0.3772087097167969,2.8974876403808594,8.681391139022885
TCGA-4Z-AA7W,28,123,13,0.8681906461715698,-50.07145309448242,-46.796756744384766,3.2746963500976562,-50.148250579833984,0.0767974853515625,3.1978988647460938,42.640671567653484
TCGA-4Z-AA7W,29,123,13,0.8515295386314392,-50.07145309448242,-46.796756744384766,3.2746963500976562,-49.68644332885742,0.385009765625,2.8896865844726562,8.505489061509195
TCGA-4Z-AA7W,30,123,13,0.8537460565567017,-50.07145309448242,-46.796756744384766,3.2746963500976562,-49.8408088684082,0.23064422607421875,3.0440521240234375,14.198041745228409
TCGA-4Z-AA7W,31,123,13,0.8710331916809082,-50.07145309448242,-46.796756744384766,3.2746963500976562,-49.8745231628418,0.196929931640625,3.0777664184570312,16.62873857120719
TCGA-4Z-AA7W,32,123,13,0.8526359796524048,-50.07145309448242,-46.796756744384766,3.2746963500976562,-50.28369903564453,0.21224594116210938,3.062450408935547,15.428781969481838
TCGA-4Z-AA7W,33,123,13,0.8634892106056213,-50.07145309448242,-46.796756744384766,3.2746963500976562,-50.2851448059082,0.21369171142578125,3.061004638671875,15.324395729943946
TCGA-4Z-AA7W,34,123,13,0.7418163418769836,-50.07145309448242,-46.796756744384766,3.2746963500976562,-50.004764556884766,0.06668853759765625,3.2080078125,49.1043358883423
TCGA-4Z-AA7W,35,123,13,0.5527341365814209,-50.07145309448242,-46.796756744384766,3.2746963500976562,-50.00640106201172,0.06505203247070312,3.209644317626953,50.339646982935555
TCGA-4Z-AA7W,36,123,13,0.12076324969530106,-50.07145309448242,-50.274879455566406,0.20342636108398438,-50.1533317565918,0.081878662109375,0.12154769897460938,2.484485650391353
TCGA-4Z-AA7W,37,123,13,0.7332499027252197,-50.07145309448242,-46.796756744384766,3.2746963500976562,-50.00870132446289,0.06275177001953125,3.211944580078125,52.184924012158056
TCGA-4Z-AA7W,38,123,13,0.853911280632019,-50.07145309448242,-46.796756744384766,3.2746963500976562,-50.28041458129883,0.20896148681640625,3.06573486328125,15.671291394355398
TCGA-4Z-AA7W,39,123,13,0.41735410690307617,-50.07145309448242,-46.796756744384766,3.2746963500976562,-49.994319915771484,0.0771331787109375,3.1975631713867188,42.45509396636993
TCGA-4Z-AA7W,40,123,13,0.8434957265853882,-50.07145309448242,-46.796756744384766,3.2746963500976562,-50.151092529296875,0.07963943481445312,3.195056915283203,41.11903051204675
TCGA-4Z-AA7W,41,123,13,0.8470290899276733,-50.07145309448242,-46.796756744384766,3.2746963500976562,-50.2795295715332,0.20807647705078125,3.066619873046875,15.737945953873794
TCGA-4Z-AA7W,42,123,13,0.8488016128540039,-50.07145309448242,-46.796756744384766,3.2746963500976562,-50.284366607666016,0.21291351318359375,3.0617828369140625,15.380406349661376
TCGA-4Z-AA7W,43,123,13,0.6849638223648071,-50.07145309448242,-46.796756744384766,3.2746963500976562,-50.2815055847168,0.210052490234375,3.0646438598632812,15.589895394450094
TCGA-4Z-AA7W,44,123,13,0.3760787546634674,-50.07145309448242,-46.796756744384766,3.2746963500976562,-50.14659118652344,0.07513809204101562,3.1995582580566406,43.58237295019546
TCGA-4Z-AA7W,45,123,13,0.8116114139556885,-50.07145309448242,-46.796756744384766,3.2746963500976562,-50.27989959716797,0.20844650268554688,3.0662498474121094,15.710008601284702
TCGA-4Z-AA7W,46,123,13,0.6356443166732788,-50.07145309448242,-46.796756744384766,3.2746963500976562,-49.87587356567383,0.19557952880859375,3.0791168212890625,16.743553735127755
TCGA-4Z-AA7W,47,123,13,0.8539521098136902,-50.07145309448242,-46.796756744384766,3.2746963500976562,-50.01603317260742,0.055419921875,3.2192764282226562,59.088794052863435
TCGA-4Z-AA7W,48,123,13,0.870492160320282,-50.07145309448242,-46.796756744384766,3.2746963500976562,-49.84748077392578,0.22397232055664062,3.0507240295410156,14.620986834261577
TCGA-4Z-AA7W,49,123,13,0.8522748947143555,-50.07145309448242,-46.796756744384766,3.2746963500976562,-50.032894134521484,0.0385589599609375,3.2361373901367188,84.92698852394143
TCGA-4Z-AA7W,50,123,13,0.2325296550989151,-50.07145309448242,-46.796756744384766,3.2746963500976562,-50.03726577758789,0.03418731689453125,3.240509033203125,95.7868779290337
TCGA-4Z-AA7W,51,123,13,0.744562566280365,-50.07145309448242,-46.796756744384766,3.2746963500976562,-50.14991760253906,0.07846450805664062,3.1962318420410156,41.73474646312412
TCGA-4Z-AA7W,52,123,13,0.24401380121707916,-50.07145309448242,-46.796756744384766,3.2746963500976562,-50.280452728271484,0.2089996337890625,3.0656967163085938,15.668431043294152
TCGA-4Z-AA7W,53,123,13,0.8647687435150146,-50.07145309448242,-46.796756744384766,3.2746963500976562,-49.86588668823242,0.20556640625,3.0691299438476562,15.930114311163896
TCGA-4Z-AA7W,54,123,13,0.7163243293762207,-50.07145309448242,-46.796756744384766,3.2746963500976562,-50.15480422973633,0.08335113525390625,3.19134521484375,39.28796338672769
TCGA-4Z-AA7W,55,123,13,0.871596097946167,-50.07145309448242,-46.796756744384766,3.2746963500976562,-50.14634704589844,0.07489395141601562,3.1998023986816406,43.72444353893954
TCGA-4Z-AA7W,56,123,13,0.8731085658073425,-50.07145309448242,-46.796756744384766,3.2746963500976562,-50.00011444091797,0.07133865356445312,3.203357696533203,45.90353457034383
TCGA-4Z-AA7W,57,123,13,0.12072961777448654,-50.07145309448242,-50.274879455566406,0.20342636108398438,-50.280033111572266,0.20858001708984375,-0.005153656005859375,0.9752917078166722
TCGA-4Z-AA7W,58,123,13,0.6011506915092468,-50.07145309448242,-46.796756744384766,3.2746963500976562,-50.03288269042969,0.038570404052734375,3.236125946044922,84.90179012956186
TCGA-4Z-AA7W,59,123,13,0.12074350565671921,-50.07145309448242,-50.274879455566406,0.20342636108398438,-50.151363372802734,0.0799102783203125,0.12351608276367188,2.545684552224556
TCGA-4Z-AA7W,60,123,13,0.7079893350601196,-50.07145309448242,-46.796756744384766,3.2746963500976562,-50.27761459350586,0.2061614990234375,3.0685348510742188,15.884131448449411
TCGA-4Z-AA7W,61,123,13,0.5485609769821167,-50.07145309448242,-46.796756744384766,3.2746963500976562,-50.01985168457031,0.051601409912109375,3.223094940185547,63.4613735491979
TCGA-4Z-AA7W,62,123,13,0.8635796904563904,-50.07145309448242,-46.796756744384766,3.2746963500976562,-50.15382385253906,0.08237075805664062,3.1923255920410156,39.75556893437688
TCGA-4Z-AA7W,63,123,13,0.12071245908737183,-50.07145309448242,-50.274879455566406,0.20342636108398438,-50.01512145996094,0.056331634521484375,0.1470947265625,3.611227737522855
TCGA-4Z-AA7W,64,123,13,0.12066803127527237,-50.07145309448242,-50.274879455566406,0.20342636108398438,-49.86660385131836,0.2048492431640625,-0.001422882080078125,0.9930540037243948
TCGA-4Z-AA7W,65,123,13,0.6721060872077942,-50.07145309448242,-46.796756744384766,3.2746963500976562,-49.99788284301758,0.07357025146484375,3.2011260986328125,44.511147982992846
TCGA-4Z-AA7W,66,123,13,0.7927906513214111,-50.07145309448242,-46.796756744384766,3.2746963500976562,-50.137760162353516,0.06630706787109375,3.2083892822265625,49.38683695777241
TCGA-4Z-AA7W,67,123,13,0.6361815929412842,-50.07145309448242,-46.796756744384766,3.2746963500976562,-49.71004104614258,0.36141204833984375,2.9132843017578125,9.060838909881573
TCGA-4Z-AA7W,68,123,13,0.6715063452720642,-50.07145309448242,-46.796756744384766,3.2746963500976562,-49.87687683105469,0.19457626342773438,3.080120086669922,16.82988609406552
TCGA-4Z-AA7W,69,123,13,0.12071783095598221,-50.07145309448242,-50.274879455566406,0.20342636108398438,-49.71365737915039,0.35779571533203125,-0.15436935424804688,0.5685544917585347
TCGA-4Z-AA7W,70,123,13,0.12069373577833176,-50.07145309448242,-50.274879455566406,0.20342636108398438,-50.153778076171875,0.08232498168945312,0.12110137939453125,2.4710161716324546
TCGA-4Z-AA7W,71,123,13,0.12061027437448502,-50.07145309448242,-50.274879455566406,0.20342636108398438,-49.6971435546875,0.3743095397949219,-0.1708831787109375,0.5434709497263639
TCGA-4Z-AA7W,72,123,13,0.12075088173151016,-50.07145309448242,-50.274879455566406,0.20342636108398438,-49.995872497558594,0.07558059692382812,0.12784576416015625,2.6915156715287942
TCGA-4Z-AA7W,73,123,13,0.1208861768245697,-50.07145309448242,-50.274879455566406,0.20342636108398438,-50.14933395385742,0.077880859375,0.12554550170898438,2.612019984326019
TCGA-4Z-AA7W,74,123,13,0.585342526435852,-50.07145309448242,-46.796756744384766,3.2746963500976562,-50.15749740600586,0.0860443115234375,3.1886520385742188,38.0582550097535
TCGA-4Z-AA7W,75,123,13,0.12067366391420364,-50.07145309448242,-50.274879455566406,0.20342636108398438,-49.84537887573242,0.22607421875,-0.022647857666015625,0.8998211393088553
TCGA-4Z-AA7W,76,123,13,0.3755255937576294,-50.07145309448242,-46.796756744384766,3.2746963500976562,-50.2788200378418,0.207366943359375,3.0673294067382812,15.791795437821929
TCGA-4Z-AA7W,77,123,13,0.8732958436012268,-50.07145309448242,-46.796756744384766,3.2746963500976562,-49.50603103637695,0.5654220581054688,2.7092742919921875,5.7915963891999835
TCGA-4Z-AA7W,78,123,13,0.12068276107311249,-50.07145309448242,-50.274879455566406,0.20342636108398438,-50.15012741088867,0.07867431640625,0.12475204467773438,2.585676881303336
TCGA-4Z-AA7W,79,123,13,0.8706611394882202,-50.07145309448242,-46.796756744384766,3.2746963500976562,-50.00727462768555,0.064178466796875,3.2105178833007812,51.024845458868285
TCGA-4Z-AA7W,80,123,13,0.40040308237075806,-50.07145309448242,-46.796756744384766,3.2746963500976562,-49.695411682128906,0.3760414123535156,2.8986549377441406,8.708339673554683
TCGA-4Z-AA7W,81,123,13,0.12071505934000015,-50.07145309448242,-50.274879455566406,0.20342636108398438,-50.285518646240234,0.2140655517578125,-0.010639190673828125,0.9502993798560125
TCGA-4Z-AA7W,82,123,13,0.8718544244766235,-50.07145309448242,-46.796756744384766,3.2746963500976562,-49.993465423583984,0.0779876708984375,3.1967086791992188,41.98992369399335
TCGA-4Z-AA7W,83,123,13,0.8493371605873108,-50.07145309448242,-46.796756744384766,3.2746963500976562,-50.02530288696289,0.04615020751953125,3.228546142578125,70.9573483220367
TCGA-4Z-AA7W,84,123,13,0.8698635697364807,-50.07145309448242,-46.796756744384766,3.2746963500976562,-50.16205978393555,0.090606689453125,3.1840896606445312,36.14188278881778
TCGA-4Z-AA7W,85,123,13,0.8720741271972656,-50.07145309448242,-46.796756744384766,3.2746963500976562,-50.28059005737305,0.209136962890625,3.0655593872070312,15.658142419378374
TCGA-4Z-AA7W,86,123,13,0.8712097406387329,-50.07145309448242,-46.796756744384766,3.2746963500976562,-50.02616882324219,0.045284271240234375,3.229412078857422,72.31421110268722
TCGA-4Z-AA7W,87,123,13,0.3752326965332031,-50.07145309448242,-46.796756744384766,3.2746963500976562,-50.28864669799805,0.217193603515625,3.0575027465820312,15.077314879865112
TCGA-4Z-AA7W,88,123,13,0.8704023361206055,-50.07145309448242,-46.796756744384766,3.2746963500976562,-50.154075622558594,0.08262252807617188,3.1920738220214844,39.63442448866522
TCGA-4Z-AA7W,89,123,13,0.5503008961677551,-50.07145309448242,-46.796756744384766,3.2746963500976562,-50.16572952270508,0.09427642822265625,3.180419921875,34.73504896010358
TCGA-4Z-AA7W,90,123,13,0.12060718983411789,-50.07145309448242,-50.274879455566406,0.20342636108398438,-50.02350616455078,0.047946929931640625,0.15547943115234375,4.242740074787175
TCGA-4Z-AA7W,91,123,13,0.12065950781106949,-50.07145309448242,-50.274879455566406,0.20342636108398438,-50.15450668334961,0.0830535888671875,0.12037277221679688,2.4493386000367443
TCGA-4Z-AA7W,92,123,13,0.21014069020748138,-50.07145309448242,-46.796756744384766,3.2746963500976562,-50.1534309387207,0.08197784423828125,3.192718505859375,39.94611447184737
TCGA-4Z-AA7W,93,123,13,0.6797821521759033,-50.07145309448242,-46.796756744384766,3.2746963500976562,-50.01607894897461,0.0553741455078125,3.2193222045898438,59.137641223477544
TCGA-4Z-AA7W,94,123,13,0.1207924634218216,-50.07145309448242,-50.274879455566406,0.20342636108398438,-50.14705276489258,0.07559967041015625,0.12782669067382812,2.6908366131799375
TCGA-4Z-AA7W,95,123,13,0.8632721304893494,-50.07145309448242,-46.796756744384766,3.2746963500976562,-50.159366607666016,0.08791351318359375,3.1867828369140625,37.24906708322485
TCGA-4Z-AA7W,96,123,13,0.8716301321983337,-50.07145309448242,-46.796756744384766,3.2746963500976562,-50.009132385253906,0.062320709228515625,3.2123756408691406,52.545877456081286
TCGA-4Z-AA7W,97,123,13,0.4824522137641907,-50.07145309448242,-46.796756744384766,3.2746963500976562,-50.28382873535156,0.21237564086914062,3.0623207092285156,15.419359474071813
TCGA-4Z-AA7W,98,123,13,0.8633861541748047,-50.07145309448242,-46.796756744384766,3.2746963500976562,-50.02880096435547,0.042652130126953125,3.232044219970703,76.77685359091316
TCGA-4Z-AA7W,99,123,13,0.733489990234375,-50.07145309448242,-46.796756744384766,3.2746963500976562,-50.0126838684082,0.05876922607421875,3.2159271240234375,55.72127742438011
TCGA-4Z-AA7W,100,123,13,0.8265827894210815,-50.07145309448242,-46.796756744384766,3.2746963500976562,-50.0097770690918,0.061676025390625,3.2130203247070312,53.095126175160814
TCGA-4Z-AA7W,101,123,13,0.43118247389793396,-50.07145309448242,-46.796756744384766,3.2746963500976562,-50.28245544433594,0.21100234985351562,3.0636940002441406,15.519715076021912
TCGA-4Z-AA7W,102,123,13,0.7795568108558655,-50.07145309448242,-46.796756744384766,3.2746963500976562,-50.28892135620117,0.21746826171875,3.0572280883789062,15.058272523154645
TCGA-4Z-AA7W,103,123,13,0.8636673092842102,-50.07145309448242,-46.796756744384766,3.2746963500976562,-50.16633605957031,0.09488296508789062,3.1798133850097656,34.513006070839864
TCGA-4Z-AA7W,104,123,13,0.8698925971984863,-50.07145309448242,-46.796756744384766,3.2746963500976562,-50.15427780151367,0.08282470703125,3.1918716430664062,39.537675018422995
TCGA-4Z-AA7W,105,123,13,0.8675551414489746,-50.07145309448242,-46.796756744384766,3.2746963500976562,-50.28398513793945,0.21253204345703125,3.062164306640625,15.408012348781275
TCGA-4Z-AA7W,106,123,13,0.5181871652603149,-50.07145309448242,-46.796756744384766,3.2746963500976562,-50.14438247680664,0.07292938232421875,3.2017669677734375,44.902291034627055
TCGA-4Z-AA7W,107,123,13,0.12065145373344421,-50.07145309448242,-50.274879455566406,0.20342636108398438,-50.150779724121094,0.07932662963867188,0.1240997314453125,2.5644145227218083
TCGA-4Z-AA7W,108,123,13,0.8605273365974426,-50.07145309448242,-46.796756744384766,3.2746963500976562,-50.16031265258789,0.08885955810546875,3.1858367919921875,36.852494204516184
TCGA-4Z-AA7W,109,123,13,0.5599021911621094,-50.07145309448242,-46.796756744384766,3.2746963500976562,-50.151790618896484,0.0803375244140625,3.1943588256835938,40.76172839506173
TCGA-4Z-AA7W,110,123,13,0.7964507341384888,-50.07145309448242,-46.796756744384766,3.2746963500976562,-49.73105239868164,0.34040069580078125,2.934295654296875,9.62012237487953
TCGA-4Z-AA7W,111,123,13,0.3400784730911255,-50.07145309448242,-46.796756744384766,3.2746963500976562,-49.864383697509766,0.20706939697265625,3.067626953125,15.81448730702627
TCGA-4Z-AA7W,112,123,13,0.12079427391290665,-50.07145309448242,-50.274879455566406,0.20342636108398438,-50.009056091308594,0.062397003173828125,0.14102935791015625,3.260194412178272
TCGA-4Z-AA7W,113,123,13,0.12070909887552261,-50.07145309448242,-50.274879455566406,0.20342636108398438,-50.152469635009766,0.08101654052734375,0.12240982055664062,2.5109238158018647
TCGA-4Z-AA7W,114,123,13,0.12105347216129303,-50.07145309448242,-50.274879455566406,0.20342636108398438,-50.1613655090332,0.08991241455078125,0.11351394653320312,2.2624946966482815
TCGA-4Z-AA7W,115,123,13,0.12068264186382294,-50.07145309448242,-50.274879455566406,0.20342636108398438,-49.852638244628906,0.21881484985351562,-0.01538848876953125,0.929673471522463
TCGA-4Z-AA7W,116,123,13,0.12083182483911514,-50.07145309448242,-50.274879455566406,0.20342636108398438,-49.86973190307617,0.20172119140625,0.001705169677734375,1.0084531013615734
TCGA-4Z-AA7W,117,123,13,0.1207367479801178,-50.07145309448242,-50.274879455566406,0.20342636108398438,-50.02334213256836,0.0481109619140625,0.15531539916992188,4.228274659054868
TCGA-4Z-AA7W,118,123,13,0.8695993423461914,-50.07145309448242,-46.796756744384766,3.2746963500976562,-49.99117660522461,0.0802764892578125,3.1944198608398438,40.792720015206235
TCGA-4Z-AA7W,119,123,13,0.8618480563163757,-50.07145309448242,-46.796756744384766,3.2746963500976562,-50.167415618896484,0.0959625244140625,3.1787338256835938,34.12474161233901
TCGA-4Z-AA7W,120,123,13,0.3773971199989319,-50.07145309448242,-46.796756744384766,3.2746963500976562,-49.99184799194336,0.0796051025390625,3.1950912475585938,41.136764423998464
TCGA-4Z-AA7W,121,123,13,0.5675453543663025,-50.07145309448242,-46.796756744384766,3.2746963500976562,-50.14280319213867,0.07135009765625,3.2033462524414062,45.89617194183062
TCGA-4Z-AA7W,122,123,13,0.12064410001039505,-50.07145309448242,-50.274879455566406,0.20342636108398438,-50.1510124206543,0.079559326171875,0.12386703491210938,2.5569140774836976
TCGA-4Z-AA7W,123,123,13,0.8691111207008362,-50.07145309448242,-46.796756744384766,3.2746963500976562,-50.282047271728516,0.21059417724609375,3.0641021728515625,15.549795312103758
TCGA-4Z-AA7W,124,123,13,0.8627131581306458,-50.07145309448242,-46.796756744384766,3.2746963500976562,-50.15962600708008,0.08817291259765625,3.1865234375,37.13948256467941
TCGA-4Z-AA7W,125,123,13,0.8452796936035156,-50.07145309448242,-46.796756744384766,3.2746963500976562,-50.00736999511719,0.06408309936523438,3.210613250732422,51.100779808321924
TCGA-4Z-AA7W,126,123,13,0.549744188785553,-50.07145309448242,-46.796756744384766,3.2746963500976562,-50.00447463989258,0.06697845458984375,3.2077178955078125,48.89178721950108
TCGA-4Z-AA7W,127,123,13,0.8522695899009705,-50.07145309448242,-46.796756744384766,3.2746963500976562,-50.01889419555664,0.05255889892578125,3.222137451171875,62.305269269850484
TCGA-4Z-AA7W,128,123,13,0.8670751452445984,-50.07145309448242,-46.796756744384766,3.2746963500976562,-50.0275764465332,0.04387664794921875,3.2308197021484375,74.63415058250739
TCGA-4Z-AA7W,129,123,13,0.510263979434967,-50.07145309448242,-46.796756744384766,3.2746963500976562,-50.002342224121094,0.06911087036132812,3.205585479736328,47.383231219296796
TCGA-4Z-AA7W,130,123,13,0.8597838878631592,-50.07145309448242,-46.796756744384766,3.2746963500976562,-50.28536605834961,0.2139129638671875,3.0607833862304688,15.308545545331336
TCGA-4Z-AA7W,131,123,13,0.4749831259250641,-50.07145309448242,-46.796756744384766,3.2746963500976562,-50.1538200378418,0.082366943359375,3.1923294067382812,39.75741015190811
TCGA-4Z-AA7W,132,123,13,0.6064585447311401,-50.07145309448242,-46.796756744384766,3.2746963500976562,-50.147621154785156,0.07616806030273438,3.198528289794922,42.993038513547354
TCGA-4Z-AA7W,133,123,13,0.4823031425476074,-50.07145309448242,-46.796756744384766,3.2746963500976562,-50.02060317993164,0.05084991455078125,3.223846435546875,64.3992498124531
TCGA-4Z-AA7W,134,123,13,0.864727795124054,-50.07145309448242,-46.796756744384766,3.2746963500976562,-50.1453971862793,0.073944091796875,3.2007522583007812,44.28611225753198
TCGA-4Z-AA7W,135,123,13,0.5958977937698364,-50.07145309448242,-46.796756744384766,3.2746963500976562,-50.29541778564453,0.22396469116210938,3.050731658935547,14.621484900614876
TCGA-4Z-AA7W,136,123,13,0.12072067707777023,-50.07145309448242,-50.274879455566406,0.20342636108398438,-50.0108528137207,0.06060028076171875,0.14282608032226562,3.356855092534307
TCGA-4Z-AA7W,137,123,13,0.4019838869571686,-50.07145309448242,-46.796756744384766,3.2746963500976562,-50.15911865234375,0.08766555786132812,3.187030792236328,37.354423219181065
TCGA-4Z-AA7W,138,123,13,0.8680400252342224,-50.07145309448242,-46.796756744384766,3.2746963500976562,-50.0122184753418,0.059234619140625,3.2154617309570312,55.28348789283874
TCGA-4Z-AA7W,139,123,13,0.8694528937339783,-50.07145309448242,-46.796756744384766,3.2746963500976562,-50.280982971191406,0.20952987670898438,3.065166473388672,15.628780017113623
TCGA-4Z-AA7W,140,123,13,0.6374685168266296,-50.07145309448242,-46.796756744384766,3.2746963500976562,-49.72305679321289,0.34839630126953125,2.926300048828125,9.39934304171685
TCGA-4Z-AA7W,141,123,13,0.12064602971076965,-50.07145309448242,-50.274879455566406,0.20342636108398438,-50.02577590942383,0.04567718505859375,0.15774917602539062,4.453566059796225
TCGA-4Z-AA7W,142,123,13,0.8730928897857666,-50.07145309448242,-46.796756744384766,3.2746963500976562,-50.28409194946289,0.21263885498046875,3.0620574951171875,15.400272684869577
TCGA-4Z-AA7W,143,123,13,0.8725655674934387,-50.07145309448242,-46.796756744384766,3.2746963500976562,-50.141056060791016,0.06960296630859375,3.2050933837890625,47.04822974898608
TCGA-4Z-AA7W,144,123,13,0.12076704204082489,-50.07145309448242,-50.274879455566406,0.20342636108398438,-50.283905029296875,0.21245193481445312,-0.00902557373046875,0.95751710268795
TCGA-4Z-AA7W,145,123,13,0.8739451169967651,-50.07145309448242,-46.796756744384766,3.2746963500976562,-50.151206970214844,0.07975387573242188,3.1949424743652344,41.06002774190463
TCGA-4Z-AA7W,146,123,13,0.12076850235462189,-50.07145309448242,-50.274879455566406,0.20342636108398438,-49.563690185546875,0.5077629089355469,-0.3043365478515625,0.40063257379401535
TCGA-4Z-AA7W,147,123,13,0.8624972701072693,-50.07145309448242,-46.796756744384766,3.2746963500976562,-50.28414535522461,0.2126922607421875,3.0620040893554688,15.396405767989096
TCGA-4Z-AA7W,148,123,13,0.12065982818603516,-50.07145309448242,-50.274879455566406,0.20342636108398438,-50.15928268432617,0.08782958984375,0.11559677124023438,2.3161483669214733
TCGA-4Z-AA7W,149,123,13,0.806633710861206,-50.07145309448242,-46.796756744384766,3.2746963500976562,-50.174644470214844,0.10319137573242188,3.1715049743652344,31.73420575949133
TCGA-4Z-AA7W,150,123,13,0.6349639296531677,-50.07145309448242,-46.796756744384766,3.2746963500976562,-50.147884368896484,0.0764312744140625,3.1982650756835938,42.84497903773208
TCGA-4Z-AA7W,151,123,13,0.8740073442459106,-50.07145309448242,-46.796756744384766,3.2746963500976562,-50.156978607177734,0.0855255126953125,3.1891708374023438,38.289116859946475
TCGA-4Z-AA7W,152,123,13,0.8693113327026367,-50.07145309448242,-46.796756744384766,3.2746963500976562,-50.00407791137695,0.06737518310546875,3.2073211669921875,48.60389536858793
TCGA-4Z-AA7W,153,123,13,0.3187848925590515,-50.07145309448242,-46.796756744384766,3.2746963500976562,-50.284950256347656,0.21349716186523438,3.061199188232422,15.338360105061911
TCGA-4Z-AA7W,154,123,13,0.6429057121276855,-50.07145309448242,-46.796756744384766,3.2746963500976562,-49.71202087402344,0.3594322204589844,2.915264129638672,9.110747906562093
TCGA-4Z-AA7W,155,123,13,0.7136961817741394,-50.07145309448242,-46.796756744384766,3.2746963500976562,-50.15336990356445,0.08191680908203125,3.192779541015625,39.97587780571855
TCGA-4Z-AA7W,156,123,13,0.2927361726760864,-50.07145309448242,-46.796756744384766,3.2746963500976562,-50.27886199951172,0.20740890502929688,3.0672874450683594,15.788600540729433
TCGA-4Z-AA7W,157,123,13,0.8677235841751099,-50.07145309448242,-46.796756744384766,3.2746963500976562,-49.733245849609375,0.3382072448730469,2.9364891052246094,9.682513901577956
TCGA-4Z-AA7W,158,123,13,0.12069228291511536,-50.07145309448242,-50.274879455566406,0.20342636108398438,-50.281341552734375,0.20988845825195312,-0.00646209716796875,0.9692117555115319
TCGA-4Z-AA7W,159,123,13,0.1211586743593216,-50.07145309448242,-50.274879455566406,0.20342636108398438,-49.86662673950195,0.20482635498046875,-0.001399993896484375,0.9931649718776772
TCGA-4Z-AA7W,160,123,13,0.8627086281776428,-50.07145309448242,-46.796756744384766,3.2746963500976562,-50.1475944519043,0.076141357421875,3.1985549926757812,43.00811623246493
TCGA-4Z-AA7W,161,123,13,0.12084420025348663,-50.07145309448242,-50.274879455566406,0.20342636108398438,-50.15170669555664,0.08025360107421875,0.12317276000976562,2.53479418195646
TCGA-4Z-AA7W,162,123,13,0.12067611515522003,-50.07145309448242,-50.274879455566406,0.20342636108398438,-50.28456497192383,0.21311187744140625,-0.009685516357421875,0.9545519636272509
TCGA-4Z-AA7W,163,123,13,0.6072291731834412,-50.07145309448242,-46.796756744384766,3.2746963500976562,-50.15013885498047,0.07868576049804688,3.1960105895996094,41.61739467687982
TCGA-4Z-AA7W,164,123,13,0.8713605999946594,-50.07145309448242,-46.796756744384766,3.2746963500976562,-50.00693893432617,0.06451416015625,3.2101821899414062,50.75934247871334
TCGA-4Z-AA7W,165,123,13,0.8281592130661011,-50.07145309448242,-46.796756744384766,3.2746963500976562,-50.15781021118164,0.08635711669921875,3.1883392333984375,37.920399328562596
TCGA-4Z-AA7W,166,123,13,0.5258612036705017,-50.07145309448242,-46.796756744384766,3.2746963500976562,-50.28301239013672,0.21155929565429688,3.0631370544433594,15.478858255648317
TCGA-4Z-AA7W,167,123,13,0.12070326507091522,-50.07145309448242,-50.274879455566406,0.20342636108398438,-50.289878845214844,0.21842575073242188,-0.0149993896484375,0.9313295726436018
TCGA-4Z-AA7W,168,123,13,0.36922743916511536,-50.07145309448242,-46.796756744384766,3.2746963500976562,-50.282535552978516,0.21108245849609375,3.0636138916015625,15.513825134636932
TCGA-4Z-AA7W,169,123,13,0.5091302990913391,-50.07145309448242,-46.796756744384766,3.2746963500976562,-50.287498474121094,0.21604537963867188,3.0586509704589844,15.157446808510638
TCGA-4Z-AA7W,170,123,13,0.33405598998069763,-50.07145309448242,-46.796756744384766,3.2746963500976562,-49.85940170288086,0.2120513916015625,3.0626449584960938,15.442937324602433
TCGA-4Z-AA7W,171,123,13,0.8684684038162231,-50.07145309448242,-46.796756744384766,3.2746963500976562,-50.00939178466797,0.062061309814453125,3.212635040283203,52.76550494806073
TCGA-4Z-AA7W,172,123,13,0.7139763236045837,-50.07145309448242,-46.796756744384766,3.2746963500976562,-50.13909912109375,0.06764602661132812,3.207050323486328,48.409293407770825
TCGA-4Z-AA7W,173,123,13,0.6153708100318909,-50.07145309448242,-46.796756744384766,3.2746963500976562,-50.034446716308594,0.037006378173828125,3.237689971923828,88.49005257189981
TCGA-4Z-AA7W,174,123,13,0.8741128444671631,-50.07145309448242,-46.796756744384766,3.2746963500976562,-49.8877067565918,0.183746337890625,3.0909500122070312,17.821831921607707
TCGA-4Z-AA7W,175,123,13,0.864015519618988,-50.07145309448242,-46.796756744384766,3.2746963500976562,-49.870933532714844,0.20051956176757812,3.074176788330078,16.331056786835347
TCGA-4Z-AA7W,176,123,13,0.8726562261581421,-50.07145309448242,-46.796756744384766,3.2746963500976562,-50.16044998168945,0.08899688720703125,3.185699462890625,36.79562794684955
TCGA-4Z-AA7W,177,123,13,0.8719403147697449,-50.07145309448242,-46.796756744384766,3.2746963500976562,-50.16878128051758,0.09732818603515625,3.1773681640625,33.6459198871208
TCGA-4Z-AA7W,178,123,13,0.5418797135353088,-50.07145309448242,-46.796756744384766,3.2746963500976562,-49.87003707885742,0.201416015625,3.0732803344726562,16.25837121212121
TCGA-4Z-AA7W,179,123,13,0.8696355223655701,-50.07145309448242,-46.796756744384766,3.2746963500976562,-50.28208541870117,0.21063232421875,3.0640640258789062,15.546979136482179
TCGA-4Z-AA7W,180,123,13,0.8308082222938538,-50.07145309448242,-46.796756744384766,3.2746963500976562,-50.157310485839844,0.08585739135742188,3.1888389587402344,38.14111165415204
TCGA-4Z-AA7W,181,123,13,0.5385438203811646,-50.07145309448242,-46.796756744384766,3.2746963500976562,-49.868343353271484,0.2031097412109375,3.0715866088867188,16.12279317857411
TCGA-4Z-AA7W,182,123,13,0.7209747433662415,-50.07145309448242,-46.796756744384766,3.2746963500976562,-50.149532318115234,0.0780792236328125,3.1966171264648438,41.9406879030682
TCGA-4Z-AA7W,183,123,13,0.2525585889816284,-50.07145309448242,-46.796756744384766,3.2746963500976562,-49.859703063964844,0.21175003051757812,3.062946319580078,15.46491559927219
TCGA-4Z-AA7W,184,123,13,0.8723640441894531,-50.07145309448242,-46.796756744384766,3.2746963500976562,-50.02216339111328,0.049289703369140625,3.2254066467285156,66.43773701725873
TCGA-4Z-AA7W,185,123,13,0.8713111877441406,-50.07145309448242,-46.796756744384766,3.2746963500976562,-50.0235481262207,0.04790496826171875,3.2267913818359375,68.35817805383023
TCGA-4Z-AA7Y,0,159,16,0.12022175639867783,-91.8985824584961,-91.8307113647461,0.06787109375,-91.91722106933594,0.01863861083984375,0.04923248291015625,3.6414244781006957
TCGA-4Z-AA7Y,1,159,16,0.337507426738739,-91.8985824584961,-91.93195343017578,0.0333709716796875,-91.9101791381836,0.0115966796875,0.0217742919921875,2.8776315789473683
TCGA-4Z-AA7Y,2,159,16,0.10418462753295898,-91.8985824584961,-91.83132934570312,0.06725311279296875,-91.92960357666016,0.0310211181640625,0.03623199462890625,2.1679783571077227
TCGA-4Z-AA7Y,3,159,16,0.35171377658843994,-91.8985824584961,-91.9231948852539,0.0246124267578125,-91.88103485107422,0.017547607421875,0.0070648193359375,1.402608695652174
TCGA-4Z-AA7Y,4,159,16,0.6255283355712891,-91.8985824584961,-91.9231948852539,0.0246124267578125,-91.8796157836914,0.0189666748046875,0.005645751953125,1.2976669348350764
TCGA-4Z-AA7Y,5,159,16,0.6250925660133362,-91.8985824584961,-91.9231948852539,0.0246124267578125,-91.89302062988281,0.00556182861328125,0.01905059814453125,4.425240054869684
TCGA-4Z-AA7Y,6,159,16,0.12055319547653198,-91.8985824584961,-91.8307113647461,0.06787109375,-91.89024353027344,0.00833892822265625,0.05953216552734375,8.139066788655077
TCGA-4Z-AA7Y,7,159,16,0.11965636909008026,-91.8985824584961,-91.83132934570312,0.06725311279296875,-91.89462280273438,0.00395965576171875,0.06329345703125,16.984585741811177
TCGA-4Z-AA7Y,8,159,16,0.6329789757728577,-91.8985824584961,-91.9231948852539,0.0246124267578125,-91.92121124267578,0.0226287841796875,0.001983642578125,1.0876601483479433
TCGA-4Z-AA7Y,9,159,16,0.11313872784376144,-91.8985824584961,-91.83132934570312,0.06725311279296875,-91.9322738647461,0.03369140625,0.03356170654296875,1.9961503623188406
TCGA-4Z-AA7Y,10,159,16,0.631138265132904,-91.8985824584961,-91.9231948852539,0.0246124267578125,-91.91751098632812,0.01892852783203125,0.00568389892578125,1.3002821442966546
TCGA-4Z-AA7Y,11,159,16,0.11916974186897278,-91.8985824584961,-91.83132934570312,0.06725311279296875,-91.89569854736328,0.0028839111328125,0.06436920166015625,23.32010582010582
TCGA-4Z-AA7Y,12,159,16,0.12046027183532715,-91.8985824584961,-91.8307113647461,0.06787109375,-91.94915771484375,0.05057525634765625,0.01729583740234375,1.3419821994267611
TCGA-4Z-AA7Y,13,159,16,0.5020589232444763,-91.8985824584961,-91.9231948852539,0.0246124267578125,-91.89327239990234,0.00531005859375,0.0193023681640625,4.635057471264368
TCGA-4Z-AA7Y,14,159,16,0.1203286200761795,-91.8985824584961,-91.83132934570312,0.06725311279296875,-91.93325805664062,0.03467559814453125,0.0325775146484375,1.9394939493949395
TCGA-4Z-AA7Y,15,159,16,0.6266477108001709,-91.8985824584961,-91.9231948852539,0.0246124267578125,-91.87146759033203,0.0271148681640625,-0.00250244140625,0.907709622960045
TCGA-4Z-AA7Y,16,159,16,0.1063360944390297,-91.8985824584961,-91.83132934570312,0.06725311279296875,-91.85623168945312,0.04235076904296875,0.02490234375,1.5880021617726536
TCGA-4Z-AA7Y,17,159,16,0.624748945236206,-91.8985824584961,-91.9231948852539,0.0246124267578125,-91.88513946533203,0.0134429931640625,0.01116943359375,1.8308740068104428
TCGA-4Z-AA7Y,18,159,16,0.11716191470623016,-91.8985824584961,-91.83132934570312,0.06725311279296875,-91.89226531982422,0.006317138671875,0.06093597412109375,10.646135265700483
TCGA-4Z-AA7Y,19,159,16,0.12031301110982895,-91.8985824584961,-91.83132934570312,0.06725311279296875,-91.90373229980469,0.00514984130859375,0.062103271484375,13.059259259259258
TCGA-4Z-AA7Y,20,159,16,0.12063024193048477,-91.8985824584961,-91.83055877685547,0.068023681640625,-91.90478515625,0.00620269775390625,0.06182098388671875,10.966789667896679
TCGA-4Z-AA7Y,21,159,16,0.6267764568328857,-91.8985824584961,-91.9231948852539,0.0246124267578125,-91.88944244384766,0.0091400146484375,0.015472412109375,2.692821368948247
TCGA-4Z-AA7Y,22,159,16,0.5183358192443848,-91.8985824584961,-91.9231948852539,0.0246124267578125,-91.86717987060547,0.031402587890625,-0.0067901611328125,0.7837706511175899
TCGA-4Z-AA7Y,23,159,16,0.12016017735004425,-91.8985824584961,-91.8307113647461,0.06787109375,-91.86212921142578,0.0364532470703125,0.0314178466796875,1.8618668899120971
TCGA-4Z-AA7Y,24,159,16,0.6268013119697571,-91.8985824584961,-91.9231948852539,0.0246124267578125,-91.89510345458984,0.00347900390625,0.0211334228515625,7.074561403508772
TCGA-4Z-AA7Y,25,159,16,0.6230199337005615,-91.8985824584961,-91.9231948852539,0.0246124267578125,-91.88546752929688,0.01311492919921875,0.01149749755859375,1.876672484002327
TCGA-4Z-AA7Y,26,159,16,0.4677787125110626,-91.8985824584961,-91.9231948852539,0.0246124267578125,-91.8907699584961,0.0078125,0.0167999267578125,3.150390625
TCGA-4Z-AA7Y,27,159,16,0.4052567780017853,-91.8985824584961,-91.9231948852539,0.0246124267578125,-91.93594360351562,0.03736114501953125,-0.01274871826171875,0.6587706759240352
TCGA-4Z-AA7Y,28,159,16,0.11995427310466766,-91.8985824584961,-91.83132934570312,0.06725311279296875,-91.86458587646484,0.03399658203125,0.03325653076171875,1.9782315978456015
TCGA-4Z-AA7Y,29,159,16,0.22079600393772125,-91.8985824584961,-91.93195343017578,0.0333709716796875,-91.91336822509766,0.0147857666015625,0.018585205078125,2.2569659442724457
TCGA-4Z-AA7Y,30,159,16,0.4439795911312103,-91.8985824584961,-91.9231948852539,0.0246124267578125,-91.95407104492188,0.05548858642578125,-0.03087615966796875,0.44355836656125397
TCGA-4Z-AA7Y,31,159,16,0.12073183804750443,-91.8985824584961,-91.83055877685547,0.068023681640625,-91.93602752685547,0.037445068359375,0.03057861328125,1.8166259168704157
TCGA-4Z-AA7Y,32,159,16,0.6307908892631531,-91.8985824584961,-91.9231948852539,0.0246124267578125,-91.87250518798828,0.0260772705078125,-0.00146484375,0.943826799297835
TCGA-4Z-AA7Y,33,159,16,0.5837010741233826,-91.8985824584961,-91.9231948852539,0.0246124267578125,-91.88378143310547,0.014801025390625,0.0098114013671875,1.6628865979381444
TCGA-4Z-AA7Y,34,159,16,0.628283679485321,-91.8985824584961,-91.9231948852539,0.0246124267578125,-91.8964614868164,0.0021209716796875,0.022491455078125,11.60431654676259
TCGA-4Z-AA7Y,35,159,16,0.10491062700748444,-91.8985824584961,-91.83132934570312,0.06725311279296875,-91.89557647705078,0.0030059814453125,0.06424713134765625,22.373096446700508
TCGA-4Z-AA7Y,36,159,16,0.6238367557525635,-91.8985824584961,-91.9231948852539,0.0246124267578125,-91.95307922363281,0.05449676513671875,-0.02988433837890625,0.4516309673806524
TCGA-4Z-AA7Y,37,159,16,0.3410950303077698,-91.8985824584961,-91.93195343017578,0.0333709716796875,-91.92455291748047,0.025970458984375,0.0074005126953125,1.2849588719153937
TCGA-4Z-AA7Y,38,159,16,0.12082070112228394,-91.8985824584961,-91.83055877685547,0.068023681640625,-91.91992950439453,0.0213470458984375,0.0466766357421875,3.186561829878485
TCGA-4Z-AA7Y,39,159,16,0.6299588680267334,-91.8985824584961,-91.9231948852539,0.0246124267578125,-91.93754577636719,0.03896331787109375,-0.01435089111328125,0.6316820050910515
TCGA-4Z-AA7Y,40,159,16,0.6429041624069214,-91.8985824584961,-91.9231948852539,0.0246124267578125,-91.9202651977539,0.0216827392578125,0.0029296875,1.135116115411682
TCGA-4Z-AA7Y,41,159,16,0.11333712935447693,-91.8985824584961,-91.83132934570312,0.06725311279296875,-91.87798309326172,0.020599365234375,0.04665374755859375,3.2648148148148146
TCGA-4Z-AA7Y,42,159,16,0.4594305157661438,-91.8985824584961,-91.9231948852539,0.0246124267578125,-91.90357971191406,0.00499725341796875,0.01961517333984375,4.925190839694657
TCGA-4Z-AA7Y,43,159,16,0.11498132348060608,-91.8985824584961,-91.92118072509766,0.0225982666015625,-91.92259979248047,0.024017333984375,-0.0014190673828125,0.9409148665819568
TCGA-4Z-AA7Y,44,159,16,0.1024138331413269,-91.8985824584961,-91.92118072509766,0.0225982666015625,-91.91471099853516,0.0161285400390625,0.0064697265625,1.401135288552507
TCGA-4Z-AA7Y,45,159,16,0.501275360584259,-91.8985824584961,-91.9231948852539,0.0246124267578125,-91.87212371826172,0.026458740234375,-0.0018463134765625,0.9302191464821222
TCGA-4Z-AA7Y,46,159,16,0.4120423197746277,-91.8985824584961,-91.9231948852539,0.0246124267578125,-91.90520477294922,0.006622314453125,0.0179901123046875,3.716589861751152
TCGA-4Z-AA7Y,47,159,16,0.630462110042572,-91.8985824584961,-91.9231948852539,0.0246124267578125,-91.89720916748047,0.001373291015625,0.0232391357421875,17.92222222222222
TCGA-4Z-AA7Y,48,159,16,0.6446205973625183,-91.8985824584961,-91.9231948852539,0.0246124267578125,-91.92024230957031,0.02165985107421875,0.00295257568359375,1.1363156040859457
TCGA-4Z-AA7Y,49,159,16,0.110663041472435,-91.8985824584961,-91.92118072509766,0.0225982666015625,-91.88643646240234,0.01214599609375,0.0104522705078125,1.8605527638190955
TCGA-4Z-AA7Y,50,159,16,0.411643385887146,-91.8985824584961,-91.9231948852539,0.0246124267578125,-91.89337921142578,0.0052032470703125,0.0194091796875,4.730205278592376
TCGA-4Z-AA7Y,51,159,16,0.5216006636619568,-91.8985824584961,-91.9231948852539,0.0246124267578125,-91.93599700927734,0.03741455078125,-0.0128021240234375,0.6578303425774877
TCGA-4Z-AA7Y,52,159,16,0.11973778903484344,-91.8985824584961,-91.83132934570312,0.06725311279296875,-91.903076171875,0.00449371337890625,0.0627593994140625,14.966044142614601
TCGA-4Z-AA7Y,53,159,16,0.12070709466934204,-91.8985824584961,-91.83055877685547,0.068023681640625,-91.88876342773438,0.00981903076171875,0.05820465087890625,6.927738927738928
TCGA-4Z-AA7Y,54,159,16,0.10345783084630966,-91.8985824584961,-91.83097076416016,0.0676116943359375,-91.91313934326172,0.014556884765625,0.0530548095703125,4.644654088050315
TCGA-4Z-AA7Y,55,159,16,0.12020045518875122,-91.8985824584961,-91.83132934570312,0.06725311279296875,-91.87545776367188,0.02312469482421875,0.04412841796875,2.90828109534807
TCGA-4Z-AA7Y,56,159,16,0.6192739009857178,-91.8985824584961,-91.9231948852539,0.0246124267578125,-91.95195770263672,0.053375244140625,-0.0287628173828125,0.4611206403659234
TCGA-4Z-AA7Y,57,159,16,0.6229003071784973,-91.8985824584961,-91.9231948852539,0.0246124267578125,-91.89683532714844,0.00174713134765625,0.02286529541015625,14.087336244541484
TCGA-4Z-AA7Y,58,159,16,0.4294012784957886,-91.8985824584961,-91.9231948852539,0.0246124267578125,-91.8974838256836,0.0010986328125,0.0235137939453125,22.40277777777778
TCGA-4Z-AA7Y,59,159,16,0.6277298927307129,-91.8985824584961,-91.9231948852539,0.0246124267578125,-91.8775405883789,0.0210418701171875,0.003570556640625,1.1696881798404641
TCGA-4Z-AA7Y,60,159,16,0.34204837679862976,-91.8985824584961,-91.9231948852539,0.0246124267578125,-91.86978912353516,0.0287933349609375,-0.004180908203125,0.8547959724430313
TCGA-4Z-AA7Y,61,159,16,0.626610517501831,-91.8985824584961,-91.9231948852539,0.0246124267578125,-91.8882064819336,0.0103759765625,0.0142364501953125,2.3720588235294118
TCGA-4Z-AA7Y,62,159,16,0.10157448053359985,-91.8985824584961,-91.83138275146484,0.06719970703125,-91.92676544189453,0.0281829833984375,0.0390167236328125,2.384407146724418
TCGA-4Z-AA7Y,63,159,16,0.11733433604240417,-91.8985824584961,-91.83132934570312,0.06725311279296875,-91.92796325683594,0.02938079833984375,0.037872314453125,2.2890158400415475
TCGA-4Z-AA7Y,64,159,16,0.12082170695066452,-91.8985824584961,-91.83055877685547,0.068023681640625,-91.90860748291016,0.0100250244140625,0.0579986572265625,6.7853881278538815
TCGA-4Z-AA7Y,65,159,16,0.6300891637802124,-91.8985824584961,-91.9231948852539,0.0246124267578125,-91.8823471069336,0.0162353515625,0.0083770751953125,1.5159774436090225
TCGA-4Z-AA7Y,66,159,16,0.6341004967689514,-91.8985824584961,-91.9231948852539,0.0246124267578125,-91.9072036743164,0.0086212158203125,0.0159912109375,2.854867256637168
TCGA-4Z-AA7Y,67,159,16,0.12070584297180176,-91.8985824584961,-91.83055877685547,0.068023681640625,-91.88933563232422,0.009246826171875,0.05877685546875,7.356435643564357
TCGA-4Z-AA7Y,68,159,16,0.37942367792129517,-91.8985824584961,-91.9231948852539,0.0246124267578125,-91.94853973388672,0.049957275390625,-0.0253448486328125,0.4926695174098962
TCGA-4Z-AA7Y,69,159,16,0.17923305928707123,-91.8985824584961,-91.93425750732422,0.035675048828125,-91.86077117919922,0.037811279296875,-0.00213623046875,0.943502824858757
TCGA-4Z-AA7Y,70,159,16,0.11804003268480301,-91.8985824584961,-91.83132934570312,0.06725311279296875,-91.91173553466797,0.013153076171875,0.05410003662109375,5.1131090487238975
TCGA-4Z-AA7Y,71,159,16,0.14075586199760437,-91.8985824584961,-91.92118072509766,0.0225982666015625,-91.9060287475586,0.0074462890625,0.0151519775390625,3.0348360655737703
TCGA-4Z-AA7Y,72,159,16,0.6252597570419312,-91.8985824584961,-91.9231948852539,0.0246124267578125,-91.84667205810547,0.051910400390625,-0.0272979736328125,0.4741328630217519
TCGA-4Z-AA7Y,73,159,16,0.5019350051879883,-91.8985824584961,-91.9231948852539,0.0246124267578125,-91.87867736816406,0.01990509033203125,0.00470733642578125,1.2364890762744347
TCGA-4Z-AA7Y,74,159,16,0.52083420753479,-91.8985824584961,-91.9231948852539,0.0246124267578125,-91.87681579589844,0.02176666259765625,0.00284576416015625,1.130739572379951
TCGA-4Z-AA7Y,75,159,16,0.6242164373397827,-91.8985824584961,-91.9231948852539,0.0246124267578125,-91.90959167480469,0.01100921630859375,0.01360321044921875,2.2356202356202357
TCGA-4Z-AA7Y,76,159,16,0.29050037264823914,-91.8985824584961,-91.93195343017578,0.0333709716796875,-91.87181854248047,0.026763916015625,0.0066070556640625,1.2468643101482326
TCGA-4Z-AA7Y,77,159,16,0.12046835571527481,-91.8985824584961,-91.8307113647461,0.06787109375,-91.95877075195312,0.06018829345703125,0.00768280029296875,1.1276460894916973
TCGA-4Z-AA7Y,78,159,16,0.6314046382904053,-91.8985824584961,-91.9231948852539,0.0246124267578125,-91.89257049560547,0.006011962890625,0.0186004638671875,4.093908629441624
TCGA-4Z-AA7Y,79,159,16,0.3337922990322113,-91.8985824584961,-91.9231948852539,0.0246124267578125,-91.88652801513672,0.012054443359375,0.0125579833984375,2.041772151898734
TCGA-4Z-AA7Y,80,159,16,0.6254110336303711,-91.8985824584961,-91.9231948852539,0.0246124267578125,-91.96652221679688,0.06793975830078125,-0.04332733154296875,0.3622683885457608
TCGA-4Z-AA7Y,81,159,16,0.6254489421844482,-91.8985824584961,-91.9231948852539,0.0246124267578125,-91.8702392578125,0.02834320068359375,-0.00373077392578125,0.868371467025572
TCGA-4Z-AA7Y,82,159,16,0.6307793259620667,-91.8985824584961,-91.9231948852539,0.0246124267578125,-91.87471008300781,0.02387237548828125,0.00074005126953125,1.0310003195909236
TCGA-4Z-AA7Y,83,159,16,0.4660301208496094,-91.8985824584961,-91.9231948852539,0.0246124267578125,-91.86101531982422,0.037567138671875,-0.0129547119140625,0.6551584077985377
TCGA-4Z-AA7Y,84,159,16,0.11772457510232925,-91.8985824584961,-91.83132934570312,0.06725311279296875,-91.89102935791016,0.0075531005859375,0.05970001220703125,8.904040404040405
TCGA-4Z-AA7Y,85,159,16,0.517981767654419,-91.8985824584961,-91.9231948852539,0.0246124267578125,-91.9156723022461,0.01708984375,0.0075225830078125,1.4401785714285715
TCGA-4Z-AA7Y,86,159,16,0.1260431408882141,-91.8985824584961,-91.92118072509766,0.0225982666015625,-91.92971801757812,0.03113555908203125,-0.00853729248046875,0.725802499387405
TCGA-4Z-AA7Y,87,159,16,0.6086471080780029,-91.8985824584961,-91.9231948852539,0.0246124267578125,-91.88594055175781,0.01264190673828125,0.01197052001953125,1.9468919734459866
TCGA-4Z-AA7Y,88,159,16,0.12061336636543274,-91.8985824584961,-91.8307113647461,0.06787109375,-91.91202545166016,0.0134429931640625,0.0544281005859375,5.048808172531214
TCGA-4Z-AA7Y,89,159,16,0.1095392182469368,-91.8985824584961,-91.83132934570312,0.06725311279296875,-91.88883209228516,0.0097503662109375,0.05750274658203125,6.897496087636933
TCGA-4Z-AA7Y,90,159,16,0.6258437633514404,-91.8985824584961,-91.9231948852539,0.0246124267578125,-91.85975646972656,0.03882598876953125,-0.01421356201171875,0.6339162900373354
TCGA-4Z-AA7Y,91,159,16,0.1198669821023941,-91.8985824584961,-91.83132934570312,0.06725311279296875,-91.88337707519531,0.01520538330078125,0.0520477294921875,4.422980431510286
TCGA-4Z-AA7Y,92,159,16,0.1010861024260521,-91.8985824584961,-91.83138275146484,0.06719970703125,-91.92615509033203,0.0275726318359375,0.0396270751953125,2.4371887105700054
TCGA-4Z-AA7Y,93,159,16,0.6261036396026611,-91.8985824584961,-91.9231948852539,0.0246124267578125,-91.87569427490234,0.02288818359375,0.0017242431640625,1.0753333333333333
TCGA-4Z-AA7Y,94,159,16,0.6320576071739197,-91.8985824584961,-91.9231948852539,0.0246124267578125,-91.87870025634766,0.0198822021484375,0.004730224609375,1.2379125095932464
TCGA-4Z-AA7Y,95,159,16,0.12064608931541443,-91.8985824584961,-91.83055877685547,0.068023681640625,-91.94971466064453,0.0511322021484375,0.0168914794921875,1.3303491495076096
TCGA-4Z-AA7Y,96,159,16,0.6321126818656921,-91.8985824584961,-91.9231948852539,0.0246124267578125,-91.89110565185547,0.007476806640625,0.0171356201171875,3.2918367346938777
TCGA-4Z-AA7Y,97,159,16,0.6246057748794556,-91.8985824584961,-91.9231948852539,0.0246124267578125,-91.91040802001953,0.0118255615234375,0.012786865234375,2.081290322580645
TCGA-4Z-AA7Y,98,159,16,0.5115028619766235,-91.8985824584961,-91.9231948852539,0.0246124267578125,-91.88581085205078,0.0127716064453125,0.0118408203125,1.9271206690561529
TCGA-4Z-AA7Y,99,159,16,0.6261392831802368,-91.8985824584961,-91.9231948852539,0.0246124267578125,-91.89569854736328,0.0028839111328125,0.021728515625,8.534391534391535
TCGA-4Z-AA7Y,100,159,16,0.488736629486084,-91.8985824584961,-91.9231948852539,0.0246124267578125,-91.92276000976562,0.02417755126953125,0.00043487548828125,1.0179867466077628
TCGA-4Z-AA7Y,101,159,16,0.6233004927635193,-91.8985824584961,-91.9231948852539,0.0246124267578125,-91.91947174072266,0.0208892822265625,0.00372314453125,1.1782322863403945
TCGA-4Z-AA7Y,102,159,16,0.23856088519096375,-91.8985824584961,-91.93195343017578,0.0333709716796875,-91.8656234741211,0.032958984375,0.0004119873046875,1.0125
TCGA-4Z-AA7Y,103,159,16,0.10612981021404266,-91.8985824584961,-91.9588851928711,0.060302734375,-91.92413330078125,0.02555084228515625,0.03475189208984375,2.3601074947745597
TCGA-4Z-AA7Y,104,159,16,0.5517386794090271,-91.8985824584961,-91.9231948852539,0.0246124267578125,-91.88546752929688,0.01311492919921875,0.01149749755859375,1.876672484002327
TCGA-4Z-AA7Y,105,159,16,0.4575794041156769,-91.8985824584961,-91.9231948852539,0.0246124267578125,-91.9429702758789,0.0443878173828125,-0.019775390625,0.5544860776899279
TCGA-4Z-AA7Y,106,159,16,0.11975345760583878,-91.8985824584961,-91.83132934570312,0.06725311279296875,-91.92369842529297,0.025115966796875,0.04213714599609375,2.677703523693803
TCGA-4Z-AA7Y,107,159,16,0.628922700881958,-91.8985824584961,-91.9231948852539,0.0246124267578125,-91.88849639892578,0.0100860595703125,0.0145263671875,2.4402420574886534
TCGA-4Z-AA7Y,108,159,16,0.10578800737857819,-91.8985824584961,-91.83132934570312,0.06725311279296875,-91.85942077636719,0.03916168212890625,0.0280914306640625,1.7173193064484706
TCGA-4Z-AA7Y,109,159,16,0.11254720389842987,-91.8985824584961,-91.83132934570312,0.06725311279296875,-91.87940979003906,0.01917266845703125,0.0480804443359375,3.5077596498209314
TCGA-4Z-AA7Y,110,159,16,0.4301447868347168,-91.8985824584961,-91.9231948852539,0.0246124267578125,-91.92615509033203,0.0275726318359375,-0.002960205078125,0.892639734366353
TCGA-4Z-AA7Y,111,159,16,0.6273733973503113,-91.8985824584961,-91.9231948852539,0.0246124267578125,-91.90141296386719,0.00283050537109375,0.02178192138671875,8.695417789757412
TCGA-4Z-AA7Y,112,159,16,0.20308256149291992,-91.8985824584961,-91.93425750732422,0.035675048828125,-91.89369201660156,0.00489044189453125,0.03078460693359375,7.2948517940717625
TCGA-4Z-AA7Y,113,159,16,0.6265174150466919,-91.8985824584961,-91.9231948852539,0.0246124267578125,-91.88124084472656,0.01734161376953125,0.00727081298828125,1.4192696876374835
TCGA-4Z-AA7Y,114,159,16,0.12108112126588821,-91.8985824584961,-91.83077239990234,0.06781005859375,-91.8881607055664,0.0104217529296875,0.0573883056640625,6.506588579795022
TCGA-4Z-AA7Y,115,159,16,0.3810049295425415,-91.8985824584961,-91.93195343017578,0.0333709716796875,-91.90241241455078,0.0038299560546875,0.029541015625,8.713147410358566
TCGA-4Z-AA7Y,116,159,16,0.6320569515228271,-91.8985824584961,-91.9231948852539,0.0246124267578125,-91.90486145019531,0.00627899169921875,0.01833343505859375,3.919805589307412
TCGA-4Z-AA7Y,117,159,16,0.4838736355304718,-91.8985824584961,-91.9231948852539,0.0246124267578125,-91.86775970458984,0.03082275390625,-0.0062103271484375,0.7985148514851486
TCGA-4Z-AA7Y,118,159,16,0.629418134689331,-91.8985824584961,-91.9231948852539,0.0246124267578125,-91.96385192871094,0.06526947021484375,-0.04065704345703125,0.37708942139099944
TCGA-4Z-AA7Y,119,159,16,0.11995183676481247,-91.8985824584961,-91.8307113647461,0.06787109375,-91.8919448852539,0.0066375732421875,0.0612335205078125,10.22528735632184
TCGA-4Z-AA7Y,120,159,16,0.628395140171051,-91.8985824584961,-91.9231948852539,0.0246124267578125,-91.86205291748047,0.036529541015625,-0.0119171142578125,0.6737677527151211
TCGA-4Z-AA7Y,121,159,16,0.5484440922737122,-91.8985824584961,-91.9231948852539,0.0246124267578125,-91.91072082519531,0.01213836669921875,0.01247406005859375,2.0276555625392834
TCGA-4Z-AA7Y,122,159,16,0.40802526473999023,-91.8985824584961,-91.9231948852539,0.0246124267578125,-91.88093566894531,0.01764678955078125,0.00696563720703125,1.3947254647643752
TCGA-4Z-AA7Y,123,159,16,0.6292386054992676,-91.8985824584961,-91.9231948852539,0.0246124267578125,-91.90457916259766,0.0059967041015625,0.01861572265625,4.104325699745547
TCGA-4Z-AA7Y,124,159,16,0.2586880326271057,-91.8985824584961,-91.93195343017578,0.0333709716796875,-91.9043197631836,0.0057373046875,0.0276336669921875,5.816489361702128
TCGA-4Z-AA7Y,125,159,16,0.6392173767089844,-91.8985824584961,-91.9231948852539,0.0246124267578125,-91.93219757080078,0.0336151123046875,-0.009002685546875,0.7321833862914208
TCGA-4Z-AA7Y,126,159,16,0.33975398540496826,-91.8985824584961,-91.9231948852539,0.0246124267578125,-91.91045379638672,0.011871337890625,0.0127410888671875,2.0732647814910026
TCGA-4Z-AA7Y,127,159,16,0.11192939430475235,-91.8985824584961,-91.83132934570312,0.06725311279296875,-91.88965606689453,0.0089263916015625,0.05832672119140625,7.534188034188034
TCGA-4Z-AA7Y,128,159,16,0.12090036273002625,-91.8985824584961,-91.83055877685547,0.068023681640625,-91.91240692138672,0.013824462890625,0.05419921875,4.920529801324503
TCGA-4Z-AA7Y,129,159,16,0.4345477819442749,-91.8985824584961,-91.9231948852539,0.0246124267578125,-91.87479400634766,0.0237884521484375,0.000823974609375,1.0346375881975625
TCGA-4Z-AA7Y,130,159,16,0.11738400161266327,-91.8985824584961,-91.83132934570312,0.06725311279296875,-91.85517120361328,0.0434112548828125,0.02384185791015625,1.5492091388400704
TCGA-4Z-AA7Y,131,159,16,0.6259211301803589,-91.8985824584961,-91.9231948852539,0.0246124267578125,-91.9021224975586,0.0035400390625,0.0210723876953125,6.952586206896552
TCGA-4Z-AA7Y,132,159,16,0.1207822859287262,-91.8985824584961,-91.83055877685547,0.068023681640625,-91.93092346191406,0.03234100341796875,0.03568267822265625,2.1033262561924984
TCGA-4Z-AA7Y,133,159,16,0.10187667608261108,-91.8985824584961,-91.83132934570312,0.06725311279296875,-91.88803100585938,0.01055145263671875,0.05670166015625,6.373825018076645
TCGA-4Z-AA7Y,134,159,16,0.12020247429609299,-91.8985824584961,-91.8307113647461,0.06787109375,-91.87447357177734,0.02410888671875,0.04376220703125,2.8151898734177214
TCGA-4Z-AA7Y,135,159,16,0.11057659983634949,-91.8985824584961,-91.83132934570312,0.06725311279296875,-91.95160675048828,0.0530242919921875,0.01422882080078125,1.2683453237410072
TCGA-4Z-AA7Y,136,159,16,0.5251034498214722,-91.8985824584961,-91.9231948852539,0.0246124267578125,-91.88581085205078,0.0127716064453125,0.0118408203125,1.9271206690561529
TCGA-4Z-AA7Y,137,159,16,0.6292237043380737,-91.8985824584961,-91.9231948852539,0.0246124267578125,-91.90766143798828,0.0090789794921875,0.015533447265625,2.7109243697478993
TCGA-4Z-AA7Y,138,159,16,0.5078365802764893,-91.8985824584961,-91.9231948852539,0.0246124267578125,-91.85749053955078,0.0410919189453125,-0.0164794921875,0.5989602673598218
TCGA-4Z-AA7Y,139,159,16,0.11938439309597015,-91.8985824584961,-91.83132934570312,0.06725311279296875,-91.93522644042969,0.03664398193359375,0.030609130859375,1.8353112637934623
TCGA-4Z-AA7Y,140,159,16,0.1423405408859253,-91.8985824584961,-91.93425750732422,0.035675048828125,-91.89031219482422,0.008270263671875,0.02740478515625,4.313653136531365
TCGA-4Z-AA7Y,141,159,16,0.6247178912162781,-91.8985824584961,-91.9231948852539,0.0246124267578125,-91.8884506225586,0.0101318359375,0.0144805908203125,2.4292168674698793
TCGA-4Z-AA7Y,142,159,16,0.12074247747659683,-91.8985824584961,-91.83055877685547,0.068023681640625,-91.93449401855469,0.03591156005859375,0.03211212158203125,1.894200127469726
TCGA-4Z-AA7Y,143,159,16,0.12070803344249725,-91.8985824584961,-91.83055877685547,0.068023681640625,-91.86730194091797,0.031280517578125,0.0367431640625,2.1746341463414636
TCGA-4Z-AA7Y,144,159,16,0.6261914372444153,-91.8985824584961,-91.9231948852539,0.0246124267578125,-91.87925720214844,0.01932525634765625,0.00528717041015625,1.2735886300829056
TCGA-4Z-AA7Y,145,159,16,0.603415846824646,-91.8985824584961,-91.9231948852539,0.0246124267578125,-91.9052505493164,0.0066680908203125,0.0179443359375,3.691075514874142
TCGA-4Z-AA7Y,146,159,16,0.10702656209468842,-91.8985824584961,-91.83132934570312,0.06725311279296875,-91.91132354736328,0.0127410888671875,0.05451202392578125,5.278443113772455
TCGA-4Z-AA7Y,147,159,16,0.3000022768974304,-91.8985824584961,-91.93195343017578,0.0333709716796875,-91.89253997802734,0.00604248046875,0.0273284912109375,5.5227272727272725
TCGA-4Z-AA7Y,148,159,16,0.25091421604156494,-91.8985824584961,-91.93195343017578,0.0333709716796875,-91.87422943115234,0.02435302734375,0.0090179443359375,1.3703007518796992
TCGA-4Z-AA7Y,149,159,16,0.16131776571273804,-91.8985824584961,-91.93425750732422,0.035675048828125,-91.85968780517578,0.0388946533203125,-0.0032196044921875,0.9172224401726167
TCGA-4Z-AA7Y,150,159,16,0.11132830381393433,-91.8985824584961,-91.83132934570312,0.06725311279296875,-91.86949920654297,0.029083251953125,0.03816986083984375,2.3124344176285416
TCGA-4Z-AA7Y,151,159,16,0.12074626982212067,-91.8985824584961,-91.83055877685547,0.068023681640625,-91.87239837646484,0.02618408203125,0.041839599609375,2.597902097902098
TCGA-4Z-AA7Y,152,159,16,0.12074033170938492,-91.8985824584961,-91.83055877685547,0.068023681640625,-91.8749008178711,0.023681640625,0.044342041015625,2.872422680412371
TCGA-4Z-AA7Y,153,159,16,0.10713928937911987,-91.8985824584961,-91.83132934570312,0.06725311279296875,-91.91382598876953,0.0152435302734375,0.05200958251953125,4.411911911911912
TCGA-4Z-AA7Y,154,159,16,0.11063747853040695,-91.8985824584961,-91.83132934570312,0.06725311279296875,-91.92194366455078,0.0233612060546875,0.04389190673828125,2.8788373612018288
TCGA-4Z-AA7Y,155,159,16,0.6288082003593445,-91.8985824584961,-91.9231948852539,0.0246124267578125,-91.8619613647461,0.03662109375,-0.0120086669921875,0.6720833333333334
TCGA-4Z-AA7Y,156,159,16,0.6285766363143921,-91.8985824584961,-91.9231948852539,0.0246124267578125,-91.89507293701172,0.003509521484375,0.0211029052734375,7.01304347826087
TCGA-4Z-AA7Y,157,159,16,0.12054511904716492,-91.8985824584961,-91.8307113647461,0.06787109375,-91.86566925048828,0.0329132080078125,0.0349578857421875,2.0621233194251274
TCGA-4Z-AA7Y,158,159,16,0.28251296281814575,-91.8985824584961,-91.93195343017578,0.0333709716796875,-91.89884185791016,0.0002593994140625,0.033111572265625,128.64705882352942
TCGA-4Z-AA7Y,159,159,16,0.6288121342658997,-91.8985824584961,-91.9231948852539,0.0246124267578125,-91.89115142822266,0.0074310302734375,0.017181396484375,3.3121149897330597
TCGA-4Z-AA7Y,160,159,16,0.6277337074279785,-91.8985824584961,-91.9231948852539,0.0246124267578125,-91.86936950683594,0.02921295166015625,-0.00460052490234375,0.8425176286236615
TCGA-4Z-AA7Y,161,159,16,0.11853218823671341,-91.8985824584961,-91.83132934570312,0.06725311279296875,-91.93611907958984,0.03753662109375,0.02971649169921875,1.7916666666666667
TCGA-4Z-AA7Y,162,159,16,0.6268476247787476,-91.8985824584961,-91.9231948852539,0.0246124267578125,-91.9175796508789,0.0189971923828125,0.005615234375,1.295582329317269
TCGA-4Z-AA7Y,163,159,16,0.1172989159822464,-91.8985824584961,-91.83132934570312,0.06725311279296875,-91.86426544189453,0.0343170166015625,0.03293609619140625,1.9597598932859048
TCGA-4Z-AA7Y,164,159,16,0.12081415206193924,-91.8985824584961,-91.83055877685547,0.068023681640625,-91.88848114013672,0.010101318359375,0.05792236328125,6.734138972809668
TCGA-4Z-AA7Y,165,159,16,0.6299444437026978,-91.8985824584961,-91.9231948852539,0.0246124267578125,-91.94306182861328,0.0444793701171875,-0.019866943359375,0.5533447684391081
TCGA-4Z-AA7Y,166,159,16,0.6215192079544067,-91.8985824584961,-91.9231948852539,0.0246124267578125,-91.9645004272461,0.06591796875,-0.0413055419921875,0.3733796296296296
TCGA-4Z-AA7Y,167,159,16,0.3888327479362488,-91.8985824584961,-91.9231948852539,0.0246124267578125,-91.91854095458984,0.01995849609375,0.0046539306640625,1.2331804281345566
TCGA-4Z-AA7Y,168,159,16,0.6280843019485474,-91.8985824584961,-91.9231948852539,0.0246124267578125,-91.90839385986328,0.0098114013671875,0.014801025390625,2.50855365474339
TCGA-4Z-AA7Y,169,159,16,0.1502056121826172,-91.8985824584961,-91.93425750732422,0.035675048828125,-91.85888671875,0.03969573974609375,-0.00402069091796875,0.8987122813761291
TCGA-4Z-AA7Y,170,159,16,0.117653988301754,-91.8985824584961,-91.83132934570312,0.06725311279296875,-91.9220962524414,0.0235137939453125,0.04373931884765625,2.8601557430240105
TCGA-4Z-AA7Y,171,159,16,0.12020494788885117,-91.8985824584961,-91.8307113647461,0.06787109375,-91.88844299316406,0.01013946533203125,0.05773162841796875,6.693754702784048
TCGA-4Z-AA7Y,172,159,16,0.4497200548648834,-91.8985824584961,-91.9231948852539,0.0246124267578125,-91.88507843017578,0.0135040283203125,0.0111083984375,1.8225988700564972
TCGA-4Z-AA7Y,173,159,16,0.6256594061851501,-91.8985824584961,-91.9231948852539,0.0246124267578125,-91.923095703125,0.02451324462890625,9.918212890625e-05,1.0040460628695922
TCGA-4Z-AA7Y,174,159,16,0.12053120136260986,-91.8985824584961,-91.8307113647461,0.06787109375,-91.88533782958984,0.01324462890625,0.05462646484375,5.124423963133641
TCGA-4Z-AA7Y,175,159,16,0.6274042129516602,-91.8985824584961,-91.9231948852539,0.0246124267578125,-91.90982818603516,0.0112457275390625,0.01336669921875,2.1886024423337855
TCGA-4Z-AA7Y,176,159,16,0.11837033927440643,-91.8985824584961,-91.83132934570312,0.06725311279296875,-91.88898468017578,0.0095977783203125,0.05765533447265625,7.007154213036566
TCGA-4Z-AA7Y,177,159,16,0.43948376178741455,-91.8985824584961,-91.9231948852539,0.0246124267578125,-91.9043960571289,0.0058135986328125,0.018798828125,4.233595800524935
TCGA-4Z-AA7Y,178,159,16,0.10863929241895676,-91.8985824584961,-91.83132934570312,0.06725311279296875,-91.84793853759766,0.0506439208984375,0.01660919189453125,1.327960228984634
TCGA-4Z-AA7Y,179,159,16,0.12043137848377228,-91.8985824584961,-91.83055877685547,0.068023681640625,-91.85597229003906,0.04261016845703125,0.02541351318359375,1.5964189794091317
TCGA-4Z-AA7Y,180,159,16,0.12062306702136993,-91.8985824584961,-91.83055877685547,0.068023681640625,-91.8975601196289,0.0010223388671875,0.0670013427734375,66.53731343283582
TCGA-4Z-AA7Y,181,159,16,0.11750631034374237,-91.8985824584961,-91.83132934570312,0.06725311279296875,-91.8446273803711,0.053955078125,0.01329803466796875,1.2464649321266967
TCGA-4Z-AA7Y,182,159,16,0.43812066316604614,-91.8985824584961,-91.9231948852539,0.0246124267578125,-91.84575653076172,0.052825927734375,-0.0282135009765625,0.46591565569035237
TCGA-4Z-AA7Y,183,159,16,0.4012834429740906,-91.8985824584961,-91.9231948852539,0.0246124267578125,-91.88679504394531,0.01178741455078125,0.01282501220703125,2.0880258899676374
TCGA-4Z-AA7Y,184,159,16,0.12060119956731796,-91.8985824584961,-91.83055877685547,0.068023681640625,-91.94318389892578,0.0446014404296875,0.0234222412109375,1.52514539856312
TCGA-4Z-AA7Y,185,159,16,0.6389959454536438,-91.8985824584961,-91.9231948852539,0.0246124267578125,-91.89348602294922,0.005096435546875,0.0195159912109375,4.8293413173652695
TCGA-4Z-AA80,0,109,11,0.11020667105913162,29.571252822875977,29.5571231842041,0.014129638671875,29.575090408325195,0.00383758544921875,0.01029205322265625,3.6819085487077534
TCGA-4Z-AA80,1,109,11,0.11027610301971436,29.571252822875977,29.5571231842041,0.014129638671875,29.577346801757812,0.0060939788818359375,0.008035659790039062,2.318622848200313
TCGA-4Z-AA80,2,109,11,0.11020749807357788,29.571252822875977,29.5571231842041,0.014129638671875,29.560426712036133,0.01082611083984375,0.00330352783203125,1.3051444679351656
TCGA-4Z-AA80,3,109,11,0.11041178554296494,29.571252822875977,29.5571231842041,0.014129638671875,29.55989646911621,0.011356353759765625,0.002773284912109375,1.2442055760833053
TCGA-4Z-AA80,4,109,11,0.11024916172027588,29.571252822875977,29.5571231842041,0.014129638671875,29.578901290893555,0.007648468017578125,0.006481170654296875,1.8473815461346634
TCGA-4Z-AA80,5,109,11,0.11028777062892914,29.571252822875977,29.5571231842041,0.014129638671875,29.56937599182129,0.0018768310546875,0.0122528076171875,7.528455284552845
TCGA-4Z-AA80,6,109,11,0.11029708385467529,29.571252822875977,29.5571231842041,0.014129638671875,29.5620174407959,0.009235382080078125,0.004894256591796875,1.5299463031805038
TCGA-4Z-AA80,7,109,11,0.11021017283201218,29.571252822875977,29.5571231842041,0.014129638671875,29.568220138549805,0.003032684326171875,0.011096954345703125,4.659119496855346
TCGA-4Z-AA80,8,109,11,0.11045465618371964,29.571252822875977,29.5571231842041,0.014129638671875,29.56108283996582,0.01016998291015625,0.00395965576171875,1.3893473368342086
TCGA-4Z-AA80,9,109,11,0.11025195568799973,29.571252822875977,29.5571231842041,0.014129638671875,29.58967399597168,0.018421173095703125,-0.004291534423828125,0.7670325119072272
TCGA-4Z-AA80,10,109,11,0.6745485663414001,29.571252822875977,-2.2548928260803223,31.8261456489563,29.58463478088379,0.0133819580078125,31.812763690948486,2378.2876639110605
TCGA-4Z-AA80,11,109,11,0.1102394238114357,29.571252822875977,29.5571231842041,0.014129638671875,29.56119155883789,0.010061264038085938,0.0040683746337890625,1.4043601895734596
TCGA-4Z-AA80,12,109,11,0.11034759879112244,29.571252822875977,29.5571231842041,0.014129638671875,29.581932067871094,0.010679244995117188,0.0034503936767578125,1.3230934095374174
TCGA-4Z-AA80,13,109,11,0.110344797372818,29.571252822875977,29.5571231842041,0.014129638671875,29.574735641479492,0.003482818603515625,0.010646820068359375,4.056955093099671
TCGA-4Z-AA80,14,109,11,0.11027462035417557,29.571252822875977,29.5571231842041,0.014129638671875,29.61297607421875,0.04172325134277344,-0.027593612670898438,0.33865142857142855
TCGA-4Z-AA80,15,109,11,0.1102106124162674,29.571252822875977,29.5571231842041,0.014129638671875,29.57503890991211,0.0037860870361328125,0.010343551635742188,3.7319899244332495
TCGA-4Z-AA80,16,109,11,0.11028096079826355,29.571252822875977,29.5571231842041,0.014129638671875,29.610958099365234,0.03970527648925781,-0.025575637817382812,0.355862996589326
TCGA-4Z-AA80,17,109,11,0.11023671925067902,29.571252822875977,29.5571231842041,0.014129638671875,29.589597702026367,0.018344879150390625,-0.004215240478515625,0.7702224994801414
TCGA-4Z-AA80,18,109,11,0.11030817031860352,29.571252822875977,29.5571231842041,0.014129638671875,29.561052322387695,0.01020050048828125,0.00392913818359375,1.3851907255048617
TCGA-4Z-AA80,19,109,11,0.11031071841716766,29.571252822875977,29.5571231842041,0.014129638671875,29.55884552001953,0.012407302856445312,0.0017223358154296875,1.138816295157571
TCGA-4Z-AA80,20,109,11,0.11022523790597916,29.571252822875977,29.5571231842041,0.014129638671875,29.559659957885742,0.011592864990234375,0.002536773681640625,1.2188219809147747
TCGA-4Z-AA80,21,109,11,0.11020313948392868,29.571252822875977,29.5571231842041,0.014129638671875,29.55881690979004,0.0124359130859375,0.0016937255859375,1.136196319018405
TCGA-4Z-AA80,22,109,11,0.11033569276332855,29.571252822875977,29.5571231842041,0.014129638671875,29.571779251098633,0.00052642822265625,0.01360321044921875,26.840579710144926
TCGA-4Z-AA80,23,109,11,0.9999978542327881,29.571252822875977,-2.25384259223938,31.825095415115356,29.596506118774414,0.0252532958984375,31.79984211921692,1260.2353191087614
TCGA-4Z-AA80,24,109,11,0.9787085056304932,29.571252822875977,-2.2544071674346924,31.82565999031067,29.58804702758789,0.016794204711914062,31.808865785598755,1895.0382311186825
TCGA-4Z-AA80,25,109,11,0.11018218845129013,29.571252822875977,29.5571231842041,0.014129638671875,29.561359405517578,0.009893417358398438,0.0042362213134765625,1.428185849238481
TCGA-4Z-AA80,26,109,11,0.11033286154270172,29.571252822875977,29.5571231842041,0.014129638671875,29.60066795349121,0.029415130615234375,-0.015285491943359375,0.48035274283491114
TCGA-4Z-AA80,27,109,11,0.9529573321342468,29.571252822875977,-2.2545149326324463,31.825767755508423,29.559419631958008,0.01183319091796875,31.813934564590454,2689.533869277885
TCGA-4Z-AA80,28,109,11,0.11018552631139755,29.571252822875977,29.5571231842041,0.014129638671875,29.59517478942871,0.023921966552734375,-0.009792327880859375,0.5906553978631797
TCGA-4Z-AA80,29,109,11,0.11038094013929367,29.571252822875977,29.5571231842041,0.014129638671875,29.559877395629883,0.01137542724609375,0.00275421142578125,1.2421193829644535
TCGA-4Z-AA80,30,109,11,0.11029765754938126,29.571252822875977,29.5571231842041,0.014129638671875,29.574949264526367,0.003696441650390625,0.010433197021484375,3.82249742002064
TCGA-4Z-AA80,31,109,11,0.1103375032544136,29.571252822875977,29.5571231842041,0.014129638671875,29.561481475830078,0.009771347045898438,0.0043582916259765625,1.4460277181339058
TCGA-4Z-AA80,32,109,11,0.11049088835716248,29.571252822875977,29.5571231842041,0.014129638671875,29.592958450317383,0.02170562744140625,-0.00757598876953125,0.6509666080843586
TCGA-4Z-AA80,33,109,11,0.11043787747621536,29.571252822875977,29.5571231842041,0.014129638671875,29.58232307434082,0.01107025146484375,0.00305938720703125,1.2763611302549966
TCGA-4Z-AA80,34,109,11,0.11034891754388809,29.571252822875977,29.5571231842041,0.014129638671875,29.562742233276367,0.008510589599609375,0.005619049072265625,1.6602420439264904
TCGA-4Z-AA80,35,109,11,0.11022821068763733,29.571252822875977,29.5571231842041,0.014129638671875,29.574228286743164,0.0029754638671875,0.0111541748046875,4.748717948717949
TCGA-4Z-AA80,36,109,11,0.11025243997573853,29.571252822875977,29.5571231842041,0.014129638671875,29.57200050354004,0.0007476806640625,0.0133819580078125,18.897959183673468
TCGA-4Z-AA80,37,109,11,0.11023157835006714,29.571252822875977,29.5571231842041,0.014129638671875,29.560726165771484,0.010526657104492188,0.0036029815673828125,1.3422721507519477
TCGA-4Z-AA80,38,109,11,0.11046869307756424,29.571252822875977,29.5571231842041,0.014129638671875,29.57520294189453,0.0039501190185546875,0.010179519653320312,3.577015934331241
TCGA-4Z-AA80,39,109,11,0.11030944436788559,29.571252822875977,29.5571231842041,0.014129638671875,29.574262619018555,0.003009796142578125,0.011119842529296875,4.694550063371356
TCGA-4Z-AA80,40,109,11,0.11031591892242432,29.571252822875977,29.5571231842041,0.014129638671875,29.562156677246094,0.009096145629882812,0.0050334930419921875,1.5533654854267143
TCGA-4Z-AA80,41,109,11,0.1103953868150711,29.571252822875977,29.5571231842041,0.014129638671875,29.560121536254883,0.01113128662109375,0.00299835205078125,1.269362577107608
TCGA-4Z-AA80,42,109,11,0.11033416539430618,29.571252822875977,29.5571231842041,0.014129638671875,29.560396194458008,0.01085662841796875,0.00327301025390625,1.3014757554462404
TCGA-4Z-AA80,43,109,11,0.11015677452087402,29.571252822875977,29.5571231842041,0.014129638671875,29.5618839263916,0.009368896484375,0.0047607421875,1.50814332247557
TCGA-4Z-AA80,44,109,11,0.11017238348722458,29.571252822875977,29.5571231842041,0.014129638671875,29.588224411010742,0.016971588134765625,-0.002841949462890625,0.8325466396943133
TCGA-4Z-AA80,45,109,11,0.11043165624141693,29.571252822875977,29.5571231842041,0.014129638671875,29.56281089782715,0.008441925048828125,0.005687713623046875,1.6737460460912787
TCGA-4Z-AA80,46,109,11,0.11033760756254196,29.571252822875977,29.5571231842041,0.014129638671875,29.571760177612305,0.000507354736328125,0.013622283935546875,27.849624060150376
TCGA-4Z-AA80,47,109,11,0.11027316749095917,29.571252822875977,29.5571231842041,0.014129638671875,29.559999465942383,0.01125335693359375,0.00287628173828125,1.255593220338983
TCGA-4Z-AA80,48,109,11,0.11042247712612152,29.571252822875977,29.5571231842041,0.014129638671875,29.570497512817383,0.00075531005859375,0.01337432861328125,18.707070707070706
TCGA-4Z-AA80,49,109,11,0.11026614159345627,29.571252822875977,29.5571231842041,0.014129638671875,29.56053352355957,0.01071929931640625,0.00341033935546875,1.3181494661921709
TCGA-4Z-AA80,50,109,11,0.1102246567606926,29.571252822875977,29.5571231842041,0.014129638671875,29.55963706970215,0.011615753173828125,0.002513885498046875,1.2164203612479474
TCGA-4Z-AA80,51,109,11,0.11025697737932205,29.571252822875977,29.5571231842041,0.014129638671875,29.562623977661133,0.00862884521484375,0.00550079345703125,1.6374889478337755
TCGA-4Z-AA80,52,109,11,0.11023382097482681,29.571252822875977,29.5571231842041,0.014129638671875,29.583024978637695,0.01177215576171875,0.00235748291015625,1.2002592352559949
TCGA-4Z-AA80,53,109,11,0.11028502881526947,29.571252822875977,29.5571231842041,0.014129638671875,29.559324264526367,0.011928558349609375,0.002201080322265625,1.1845219059801726
TCGA-4Z-AA80,54,109,11,0.11031865328550339,29.571252822875977,29.5571231842041,0.014129638671875,29.55893325805664,0.012319564819335938,0.0018100738525390625,1.1469267688496672
TCGA-4Z-AA80,55,109,11,0.1103757843375206,29.571252822875977,29.5571231842041,0.014129638671875,29.577011108398438,0.0057582855224609375,0.008371353149414062,2.4537926465717126
TCGA-4Z-AA80,56,109,11,0.11039544641971588,29.571252822875977,29.5571231842041,0.014129638671875,29.59521484375,0.023962020874023438,-0.009832382202148438,0.5896680729125209
TCGA-4Z-AA80,57,109,11,0.10818535834550858,29.571252822875977,29.557313919067383,0.01393890380859375,29.559309005737305,0.011943817138671875,0.001995086669921875,1.1670392845736186
TCGA-4Z-AA80,58,109,11,0.11020885407924652,29.571252822875977,29.5571231842041,0.014129638671875,29.5722599029541,0.001007080078125,0.01312255859375,14.030303030303031
TCGA-4Z-AA80,59,109,11,0.7904356718063354,29.571252822875977,-2.2548928260803223,31.8261456489563,29.5779972076416,0.006744384765625,31.819401264190674,4718.910138574661
TCGA-4Z-AA80,60,109,11,0.11045243591070175,29.571252822875977,29.5571231842041,0.014129638671875,29.569189071655273,0.002063751220703125,0.012065887451171875,6.846580406654343
TCGA-4Z-AA80,61,109,11,0.1103360578417778,29.571252822875977,29.5571231842041,0.014129638671875,29.574665069580078,0.0034122467041015625,0.010717391967773438,4.140860816098379
TCGA-4Z-AA80,62,109,11,0.11036142706871033,29.571252822875977,29.5571231842041,0.014129638671875,29.57489585876465,0.003643035888671875,0.010486602783203125,3.8785340314136127
TCGA-4Z-AA80,63,109,11,0.9999959468841553,29.571252822875977,-2.25384259223938,31.825095415115356,29.572416305541992,0.001163482666015625,31.82393193244934,27353.304303278688
TCGA-4Z-AA80,64,109,11,0.10868842899799347,29.571252822875977,29.557416915893555,0.013835906982421875,29.55984878540039,0.011404037475585938,0.0024318695068359375,1.2132463622679377
TCGA-4Z-AA80,65,109,11,0.11038786172866821,29.571252822875977,29.5571231842041,0.014129638671875,29.560529708862305,0.010723114013671875,0.003406524658203125,1.3176805407328354
TCGA-4Z-AA80,66,109,11,0.11021144688129425,29.571252822875977,29.5571231842041,0.014129638671875,29.59541130065918,0.024158477783203125,-0.010028839111328125,0.5848728880467393
TCGA-4Z-AA80,67,109,11,0.11036205291748047,29.571252822875977,29.5571231842041,0.014129638671875,29.581989288330078,0.010736465454101562,0.0033931732177734375,1.3160419257416949
TCGA-4Z-AA80,68,109,11,0.11027403920888901,29.571252822875977,29.5571231842041,0.014129638671875,29.560388565063477,0.0108642578125,0.003265380859375,1.300561797752809
TCGA-4Z-AA80,69,109,11,0.11025328934192657,29.571252822875977,29.5571231842041,0.014129638671875,29.61286735534668,0.041614532470703125,-0.027484893798828125,0.3395361628013567
TCGA-4Z-AA80,70,109,11,0.8887426853179932,29.571252822875977,-2.2548928260803223,31.8261456489563,29.564260482788086,0.006992340087890625,31.819153308868408,4551.572899618112
TCGA-4Z-AA80,71,109,11,0.11022549122571945,29.571252822875977,29.5571231842041,0.014129638671875,29.57457733154297,0.0033245086669921875,0.010805130004882812,4.250143430866323
TCGA-4Z-AA80,72,109,11,0.9920330047607422,29.571252822875977,-2.2544071674346924,31.82565999031067,29.568531036376953,0.0027217864990234375,31.822938203811646,11692.930360896986
TCGA-4Z-AA80,73,109,11,0.1063152402639389,29.571252822875977,-2.254791021347046,31.826043844223022,29.568885803222656,0.0023670196533203125,31.823676824569702,13445.618755036261
TCGA-4Z-AA80,74,109,11,0.11031173169612885,29.571252822875977,29.5571231842041,0.014129638671875,29.580690383911133,0.00943756103515625,0.00469207763671875,1.4971705739692804
TCGA-4Z-AA80,75,109,11,0.11021961271762848,29.571252822875977,29.5571231842041,0.014129638671875,29.560327529907227,0.01092529296875,0.003204345703125,1.2932960893854748
TCGA-4Z-AA80,76,109,11,0.11039987206459045,29.571252822875977,29.5571231842041,0.014129638671875,29.559091567993164,0.0121612548828125,0.0019683837890625,1.1618569636135507
TCGA-4Z-AA80,77,109,11,0.11027941107749939,29.571252822875977,29.5571231842041,0.014129638671875,29.56166648864746,0.009586334228515625,0.004543304443359375,1.4739355352168724
TCGA-4Z-AA80,78,109,11,0.1101984977722168,29.571252822875977,29.5571231842041,0.014129638671875,29.578275680541992,0.007022857666015625,0.007106781005859375,2.011950027159153
TCGA-4Z-AA80,79,109,11,0.11035104840993881,29.571252822875977,29.5571231842041,0.014129638671875,29.584457397460938,0.013204574584960938,0.0009250640869140625,1.0700563339592661
TCGA-4Z-AA80,80,109,11,0.11024177074432373,29.571252822875977,29.5571231842041,0.014129638671875,29.608287811279297,0.03703498840332031,-0.022905349731445312,0.3815213472730082
TCGA-4Z-AA80,81,109,11,0.11017635464668274,29.571252822875977,29.55729103088379,0.0139617919921875,29.579421997070312,0.008169174194335938,0.0057926177978515625,1.7090824188652813
TCGA-4Z-AA80,82,109,11,0.1104767844080925,29.571252822875977,29.5571231842041,0.014129638671875,29.576265335083008,0.00501251220703125,0.00911712646484375,2.8188736681887367
TCGA-4Z-AA80,83,109,11,0.11027993261814117,29.571252822875977,29.5571231842041,0.014129638671875,29.559917449951172,0.011335372924804688,0.0027942657470703125,1.2465084973918896
TCGA-4Z-AA80,84,109,11,0.11027246713638306,29.571252822875977,29.5571231842041,0.014129638671875,29.56239891052246,0.008853912353515625,0.005275726318359375,1.5958638517880224
TCGA-4Z-AA80,85,109,11,0.11037659645080566,29.571252822875977,29.5571231842041,0.014129638671875,29.57712745666504,0.0058746337890625,0.0082550048828125,2.4051948051948053
TCGA-4Z-AA80,86,109,11,0.11027460545301437,29.571252822875977,29.5571231842041,0.014129638671875,29.561016082763672,0.010236740112304688,0.0038928985595703125,1.3802869386994596
TCGA-4Z-AA80,87,109,11,0.1102689653635025,29.571252822875977,29.5571231842041,0.014129638671875,29.56050682067871,0.010746002197265625,0.003383636474609375,1.3148739794107207
TCGA-4Z-AA80,88,109,11,0.11028528213500977,29.571252822875977,29.5571231842041,0.014129638671875,29.558950424194336,0.012302398681640625,0.001827239990234375,1.1485271317829457
TCGA-4Z-AA80,89,109,11,0.11032150685787201,29.571252822875977,29.5571231842041,0.014129638671875,29.559019088745117,0.012233734130859375,0.001895904541015625,1.1549734954786404
TCGA-4Z-AA80,90,109,11,0.9575778245925903,29.571252822875977,-2.254573345184326,31.825826168060303,29.586490631103516,0.015237808227539062,31.810588359832764,2088.6091813743897
TCGA-4Z-AA80,91,109,11,0.1099533960223198,29.571252822875977,29.5571231842041,0.014129638671875,29.575815200805664,0.0045623779296875,0.0095672607421875,3.096989966555184
TCGA-4Z-AA80,92,109,11,0.11039330810308456,29.571252822875977,29.5571231842041,0.014129638671875,29.59416389465332,0.02291107177734375,-0.00878143310546875,0.6167166167166167
TCGA-4Z-AA80,93,109,11,0.11036624014377594,29.571252822875977,29.5571231842041,0.014129638671875,29.604970932006836,0.033718109130859375,-0.019588470458984375,0.41905192895123883
TCGA-4Z-AA80,94,109,11,0.9996992349624634,29.571252822875977,-2.2541301250457764,31.825382947921753,29.57713508605957,0.00588226318359375,31.81950068473816,5410.397657263295
TCGA-4Z-AA80,95,109,11,0.11032078415155411,29.571252822875977,29.5571231842041,0.014129638671875,29.572248458862305,0.000995635986328125,0.013134002685546875,14.191570881226054
TCGA-4Z-AA80,96,109,11,0.11038556694984436,29.571252822875977,29.5571231842041,0.014129638671875,29.57370948791504,0.0024566650390625,0.0116729736328125,5.751552795031056
TCGA-4Z-AA80,97,109,11,0.9991610646247864,29.571252822875977,-2.2541301250457764,31.825382947921753,29.60093116760254,0.0296783447265625,31.79570460319519,1072.3435973650385
TCGA-4Z-AA80,98,109,11,0.11043574661016464,29.571252822875977,29.5571231842041,0.014129638671875,29.55891227722168,0.012340545654296875,0.001789093017578125,1.1449768160741887
TCGA-4Z-AA80,99,109,11,0.11028485745191574,29.571252822875977,29.5571231842041,0.014129638671875,29.574111938476562,0.0028591156005859375,0.011270523071289062,4.941961307538359
TCGA-4Z-AA80,100,109,11,0.1104334369301796,29.571252822875977,29.5571231842041,0.014129638671875,29.61768341064453,0.04643058776855469,-0.03230094909667969,0.30431746292568707
TCGA-4Z-AA80,101,109,11,0.10977597534656525,29.571252822875977,29.557416915893555,0.013835906982421875,29.560840606689453,0.010412216186523438,0.0034236907958984375,1.3288148012456493
TCGA-4Z-AA80,102,109,11,0.11019070446491241,29.571252822875977,29.5571231842041,0.014129638671875,29.558841705322266,0.012411117553710938,0.0017185211181640625,1.1384662670969725
TCGA-4Z-AA80,103,109,11,0.11029659956693649,29.571252822875977,29.5571231842041,0.014129638671875,29.563011169433594,0.008241653442382812,0.0058879852294921875,1.714417958805832
TCGA-4Z-AA80,104,109,11,0.11043485999107361,29.571252822875977,29.5571231842041,0.014129638671875,29.585073471069336,0.013820648193359375,0.000308990478515625,1.0223571625724537
TCGA-4Z-AA80,105,109,11,0.11029139906167984,29.571252822875977,29.5571231842041,0.014129638671875,29.6011905670166,0.029937744140625,-0.01580810546875,0.47196738022426094
TCGA-4Z-AA80,106,109,11,0.11030060797929764,29.571252822875977,29.5571231842041,0.014129638671875,29.592445373535156,0.021192550659179688,-0.0070629119873046875,0.6667266672666726
TCGA-4Z-AA80,107,109,11,0.7627631425857544,29.571252822875977,-2.2548928260803223,31.8261456489563,29.574726104736328,0.0034732818603515625,31.822672367095947,9163.133580450301
TCGA-4Z-AA80,108,109,11,0.11022433638572693,29.571252822875977,29.5571231842041,0.014129638671875,29.56035804748535,0.010894775390625,0.00323486328125,1.2969187675070029
TCGA-4Z-AA80,109,109,11,0.9997320175170898,29.571252822875977,-2.25384259223938,31.825095415115356,29.559764862060547,0.011487960815429688,31.813607454299927,2770.2997883114726
TCGA-4Z-AA80,110,109,11,0.11030784249305725,29.571252822875977,29.5571231842041,0.014129638671875,29.562355041503906,0.008897781372070312,0.0052318572998046875,1.5879957127545552
TCGA-4Z-AA80,111,109,11,0.11031894385814667,29.571252822875977,29.5571231842041,0.014129638671875,29.559690475463867,0.011562347412109375,0.002567291259765625,1.2220389310458595
TCGA-4Z-AA80,112,109,11,0.9999999403953552,29.571252822875977,-2.2540321350097656,31.825284957885742,29.59749412536621,0.026241302490234375,31.799043655395508,1212.7936473324612
TCGA-4Z-AA80,113,109,11,0.9255870580673218,29.571252822875977,-2.2547967433929443,31.82604956626892,29.55760955810547,0.013643264770507812,31.812406301498413,2332.7297462603105
TCGA-4Z-AA80,114,109,11,0.20707949995994568,29.571252822875977,-2.254791021347046,31.826043844223022,29.561044692993164,0.0102081298828125,31.81583571434021,3117.7154101270553
TCGA-4Z-AA80,115,109,11,0.11022461950778961,29.571252822875977,29.5571231842041,0.014129638671875,29.57860565185547,0.0073528289794921875,0.0067768096923828125,1.9216601815823606
TCGA-4Z-AA80,116,109,11,0.110436350107193,29.571252822875977,29.5571231842041,0.014129638671875,29.56151008605957,0.00974273681640625,0.00438690185546875,1.4502740798747062
TCGA-4Z-AA80,117,109,11,0.9978671073913574,29.571252822875977,-2.2541301250457764,31.825382947921753,29.58782196044922,0.016569137573242188,31.80881381034851,1920.7627921031426
TCGA-4Z-AA80,118,109,11,0.11040087044239044,29.571252822875977,29.5571231842041,0.014129638671875,29.602367401123047,0.031114578247070312,-0.016984939575195312,0.4541163489241709
TCGA-4Z-AA80,119,109,11,0.9495300054550171,29.571252822875977,-2.2545149326324463,31.825767755508423,29.581106185913086,0.009853363037109375,31.815914392471313,3229.939629307007
TCGA-4Z-AA80,120,109,11,0.11033708602190018,29.571252822875977,29.5571231842041,0.014129638671875,29.583879470825195,0.01262664794921875,0.00150299072265625,1.1190332326283987
TCGA-4Z-AA80,121,109,11,0.11027099192142487,29.571252822875977,29.5571231842041,0.014129638671875,29.562562942504883,0.00868988037109375,0.00543975830078125,1.6259877085162424
TCGA-4Z-AA80,122,109,11,0.6232420206069946,29.571252822875977,-2.2548928260803223,31.8261456489563,29.585893630981445,0.01464080810546875,31.81150484085083,2173.797062272017
TCGA-4Z-AA80,123,109,11,0.11037333309650421,29.571252822875977,29.5571231842041,0.014129638671875,29.5749454498291,0.003692626953125,0.01043701171875,3.8264462809917354
TCGA-4Z-AA80,124,109,11,0.11027731001377106,29.571252822875977,29.5571231842041,0.014129638671875,29.585411071777344,0.014158248901367188,-2.86102294921875e-05,0.9979792536710225
TCGA-4Z-AA80,125,109,11,0.11051718890666962,29.571252822875977,29.5571231842041,0.014129638671875,29.559980392456055,0.011272430419921875,0.002857208251953125,1.2534686971235194
TCGA-4Z-AA80,126,109,11,0.1102633848786354,29.571252822875977,29.5571231842041,0.014129638671875,29.577640533447266,0.0063877105712890625,0.0077419281005859375,2.212003583159152
TCGA-4Z-AA80,127,109,11,0.11021416634321213,29.571252822875977,29.5571231842041,0.014129638671875,29.559633255004883,0.01161956787109375,0.00251007080078125,1.2160210111621799
TCGA-4Z-AA80,128,109,11,0.1105036661028862,29.571252822875977,29.5571231842041,0.014129638671875,29.590930938720703,0.019678115844726562,-0.0055484771728515625,0.7180381893961423
TCGA-4Z-AA80,129,109,11,0.7455863356590271,29.571252822875977,-2.2548928260803223,31.8261456489563,29.571321487426758,6.866455078125e-05,31.826076984405518,463501.84027777775
TCGA-4Z-AA80,130,109,11,0.11029306799173355,29.571252822875977,29.5571231842041,0.014129638671875,29.5688419342041,0.002410888671875,0.01171875,5.860759493670886
TCGA-4Z-AA80,131,109,11,0.1103377416729927,29.571252822875977,29.5571231842041,0.014129638671875,29.595443725585938,0.024190902709960938,-0.010061264038085938,0.5840889379484349
TCGA-4Z-AA80,132,109,11,0.11045681685209274,29.571252822875977,29.5571231842041,0.014129638671875,29.562511444091797,0.008741378784179688,0.0053882598876953125,1.6164084660702596
TCGA-4Z-AA80,133,109,11,0.11023622751235962,29.571252822875977,29.5571231842041,0.014129638671875,29.56096649169922,0.010286331176757812,0.0038433074951171875,1.3736324865566476
TCGA-4Z-AA80,134,109,11,0.3193137049674988,29.571252822875977,-2.2548928260803223,31.8261456489563,29.574987411499023,0.003734588623046875,31.822411060333252,8521.995020429009
TCGA-4Z-AA80,135,109,11,0.11022866517305374,29.571252822875977,29.5571231842041,0.014129638671875,29.576709747314453,0.0054569244384765625,0.008672714233398438,2.58930443900734
TCGA-4Z-AA80,136,109,11,0.11037541925907135,29.571252822875977,29.5571231842041,0.014129638671875,29.572175979614258,0.00092315673828125,0.01320648193359375,15.305785123966942
TCGA-4Z-AA80,137,109,11,0.11020325869321823,29.571252822875977,29.5571231842041,0.014129638671875,29.560434341430664,0.0108184814453125,0.0033111572265625,1.306064880112835
TCGA-4Z-AA80,138,109,11,0.11038361489772797,29.571252822875977,29.5571231842041,0.014129638671875,29.581966400146484,0.010713577270507812,0.0034160614013671875,1.318853480505608
TCGA-4Z-AA80,139,109,11,0.9999998807907104,29.571252822875977,-2.2540321350097656,31.825284957885742,29.561002731323242,0.010250091552734375,31.815034866333008,3104.8781168589503
TCGA-4Z-AA80,140,109,11,0.9954929351806641,29.571252822875977,-2.2544071674346924,31.82565999031067,29.5606746673584,0.010578155517578125,31.81508183479309,3008.620920483231
TCGA-4Z-AA80,141,109,11,0.1102171391248703,29.571252822875977,29.5571231842041,0.014129638671875,29.55799674987793,0.013256072998046875,0.000873565673828125,1.0658992805755396
TCGA-4Z-AA80,142,109,11,0.11036006361246109,29.571252822875977,29.5571231842041,0.014129638671875,29.5758113861084,0.004558563232421875,0.009571075439453125,3.099581589958159
TCGA-4Z-AA80,143,109,11,0.11045761406421661,29.571252822875977,29.5571231842041,0.014129638671875,29.575048446655273,0.003795623779296875,0.010334014892578125,3.7226130653266334
TCGA-4Z-AA80,144,109,11,0.11025042831897736,29.571252822875977,29.5571231842041,0.014129638671875,29.558692932128906,0.012559890747070312,0.0015697479248046875,1.1249810174639332
TCGA-4Z-AA80,145,109,11,0.11043363064527512,29.571252822875977,29.5571231842041,0.014129638671875,29.56360626220703,0.0076465606689453125,0.0064830780029296875,1.8478423547019207
TCGA-4Z-AA80,146,109,11,0.9999892115592957,29.571252822875977,-2.25384259223938,31.825095415115356,29.592838287353516,0.021585464477539062,31.803509950637817,1474.3762149863037
TCGA-4Z-AA80,147,109,11,0.11027129739522934,29.571252822875977,29.5571231842041,0.014129638671875,29.593360900878906,0.022108078002929688,-0.007978439331054688,0.6391165559485807
TCGA-4Z-AA80,148,109,11,0.11019038408994675,29.571252822875977,29.5571231842041,0.014129638671875,29.560415267944336,0.010837554931640625,0.003292083740234375,1.3037662794790568
TCGA-4Z-AA80,149,109,11,0.11025284230709076,29.571252822875977,29.5571231842041,0.014129638671875,29.57539176940918,0.004138946533203125,0.009990692138671875,3.4138248847926267
TCGA-4Z-AA80,150,109,11,0.11021902412176132,29.571252822875977,29.5571231842041,0.014129638671875,29.575281143188477,0.0040283203125,0.010101318359375,3.507575757575758
TCGA-4Z-AA80,151,109,11,0.11043716967105865,29.571252822875977,29.5571231842041,0.014129638671875,29.574792861938477,0.0035400390625,0.010589599609375,3.9913793103448274
TCGA-4Z-AA80,152,109,11,0.11020340025424957,29.571252822875977,29.5571231842041,0.014129638671875,29.573659896850586,0.002407073974609375,0.011722564697265625,5.870047543581617
TCGA-4Z-AA80,153,109,11,0.11021815240383148,29.571252822875977,29.5571231842041,0.014129638671875,29.573461532592773,0.002208709716796875,0.011920928955078125,6.397236614853195
TCGA-4Z-AA80,154,109,11,0.11028699576854706,29.571252822875977,29.5571231842041,0.014129638671875,29.5609130859375,0.010339736938476562,0.0037899017333984375,1.3665375391994097
TCGA-4Z-AA80,155,109,11,0.11025523394346237,29.571252822875977,29.5571231842041,0.014129638671875,29.5610408782959,0.010211944580078125,0.003917694091796875,1.383638401195368
TCGA-4Z-AA80,156,109,11,0.1103375256061554,29.571252822875977,29.5571231842041,0.014129638671875,29.57636070251465,0.005107879638671875,0.009021759033203125,2.7662434652725914
TCGA-4Z-AA80,157,109,11,0.9999538660049438,29.571252822875977,-2.25384259223938,31.825095415115356,29.560937881469727,0.01031494140625,31.814780473709106,3085.339427699704
TCGA-4Z-AA80,158,109,11,0.9875480532646179,29.571252822875977,-2.2544071674346924,31.82565999031067,29.56005859375,0.011194229125976562,31.814465761184692,2843.041680865565
TCGA-4Z-AA80,159,109,11,0.9999999403953552,29.571252822875977,-2.2540321350097656,31.825284957885742,29.559602737426758,0.01165008544921875,31.813634872436523,2731.7640798952193
TCGA-4Z-AA80,160,109,11,0.11040142923593521,29.571252822875977,29.5571231842041,0.014129638671875,29.561792373657227,0.00946044921875,0.004669189453125,1.4935483870967743
TCGA-4Z-AA80,161,109,11,0.11021281778812408,29.571252822875977,29.5571231842041,0.014129638671875,29.57854461669922,0.0072917938232421875,0.0068378448486328125,1.9377452262620978
TCGA-4Z-AA80,162,109,11,0.11035650223493576,29.571252822875977,29.5571231842041,0.014129638671875,29.57646369934082,0.00521087646484375,0.00891876220703125,2.711566617862372
TCGA-4Z-AA80,163,109,11,0.11025302112102509,29.571252822875977,29.5571231842041,0.014129638671875,29.576862335205078,0.0056095123291015625,0.008520126342773438,2.518871132267936
TCGA-4Z-AA80,164,109,11,0.11033931374549866,29.571252822875977,29.5571231842041,0.014129638671875,29.5789852142334,0.007732391357421875,0.006397247314453125,1.8273310310804145
TCGA-4Z-AA80,165,109,11,0.9999824166297913,29.571252822875977,-2.25384259223938,31.825095415115356,29.583120346069336,0.011867523193359375,31.813227891921997,2681.69650032144
TCGA-4Z-AA80,166,109,11,0.110176220536232,29.571252822875977,29.55729103088379,0.0139617919921875,29.56380271911621,0.007450103759765625,0.006511688232421875,1.8740399385560675
TCGA-4Z-AA80,167,109,11,0.8412479162216187,29.571252822875977,-2.2548928260803223,31.8261456489563,29.560529708862305,0.010723114013671875,31.815422534942627,2967.9947082888652
TCGA-4Z-AA80,168,109,11,0.11037131398916245,29.571252822875977,29.5571231842041,0.014129638671875,29.576539993286133,0.00528717041015625,0.00884246826171875,2.6724386724386724
TCGA-4Z-AA80,169,109,11,0.11022109538316727,29.571252822875977,29.5571231842041,0.014129638671875,29.557992935180664,0.0132598876953125,0.0008697509765625,1.0655926352128884
TCGA-4Z-AA80,170,109,11,0.11034663021564484,29.571252822875977,29.5571231842041,0.014129638671875,29.5808162689209,0.009563446044921875,0.004566192626953125,1.47746310331073
TCGA-4Z-AA80,171,109,11,0.1102435290813446,29.571252822875977,29.5571231842041,0.014129638671875,29.576765060424805,0.005512237548828125,0.008617401123046875,2.5633217993079587
TCGA-4Z-AA80,172,109,11,0.11022033542394638,29.571252822875977,29.5571231842041,0.014129638671875,29.573179244995117,0.001926422119140625,0.012203216552734375,7.334653465346535
TCGA-4Z-AA80,173,109,11,0.11016987264156342,29.571252822875977,29.5571231842041,0.014129638671875,29.57344627380371,0.002193450927734375,0.011936187744140625,6.441739130434782
TCGA-4Z-AA80,174,109,11,0.11030146479606628,29.571252822875977,29.5571231842041,0.014129638671875,29.573152542114258,0.00189971923828125,0.01222991943359375,7.437751004016064
TCGA-4Z-AA80,175,109,11,0.11037924140691757,29.571252822875977,29.5571231842041,0.014129638671875,29.581262588500977,0.010009765625,0.004119873046875,1.4115853658536586
TCGA-4Z-AA80,176,109,11,0.11025382578372955,29.571252822875977,29.5571231842041,0.014129638671875,29.56227684020996,0.008975982666015625,0.005153656005859375,1.5741606459838504
TCGA-4Z-AA80,177,109,11,0.11038762331008911,29.571252822875977,29.5571231842041,0.014129638671875,29.576875686645508,0.00562286376953125,0.00850677490234375,2.5128900949796473
TCGA-4Z-AA80,178,109,11,0.11014042794704437,29.571252822875977,29.55729103088379,0.0139617919921875,29.561355590820312,0.009897232055664062,0.0040645599365234375,1.4106764309115436
TCGA-4Z-AA80,179,109,11,0.11031979322433472,29.571252822875977,29.5571231842041,0.014129638671875,29.56829261779785,0.002960205078125,0.01116943359375,4.77319587628866
TCGA-4Z-AA80,180,109,11,0.1103949025273323,29.571252822875977,29.5571231842041,0.014129638671875,29.5590763092041,0.012176513671875,0.001953125,1.1604010025062657
TCGA-4Z-AA80,181,109,11,0.11026131361722946,29.571252822875977,29.5571231842041,0.014129638671875,29.560012817382812,0.011240005493164062,0.0028896331787109375,1.2570846767351094
TCGA-4Z-AA80,182,109,11,0.11025075614452362,29.571252822875977,29.5571231842041,0.014129638671875,29.5745792388916,0.003326416015625,0.01080322265625,4.247706422018348
TCGA-4Z-AA80,183,109,11,0.11027898639440536,29.571252822875977,29.5571231842041,0.014129638671875,29.560306549072266,0.010946273803710938,0.0031833648681640625,1.2908172155427775
TCGA-4Z-AA80,184,109,11,0.11030907928943634,29.571252822875977,29.5571231842041,0.014129638671875,29.560285568237305,0.010967254638671875,0.003162384033203125,1.2883478260869565
TCGA-4Z-AA80,185,109,11,0.11037752032279968,29.571252822875977,29.5571231842041,0.014129638671875,29.5711612701416,9.1552734375e-05,0.0140380859375,154.33333333333334
