patient_id,patch_index,patch_rank,attention_score,x,y
TCGA-2F-A9KO,14,1,0.0069566452875733376,12800.0,22016.0
TCGA-2F-A9KO,137,2,0.00695150438696146,4608.0,13824.0
TCGA-2F-A9KO,33,3,0.0069511765614151955,2048.0,10752.0
TCGA-2F-A9KO,7,4,0.006951016839593649,29952.0,12032.0
TCGA-2F-A9KO,57,5,0.006950531620532274,22016.0,23040.0
TCGA-2F-A9KO,47,6,0.0069500901736319065,9216.0,24832.0
TCGA-2F-A9KO,23,7,0.006950014270842075,16640.0,22528.0
TCGA-2F-A9KO,123,8,0.006948909256607294,14080.0,24832.0
TCGA-2F-A9KO,46,9,0.006948675960302353,14336.0,3328.0
TCGA-2F-A9KO,31,10,0.006948675494641066,11776.0,7424.0
TCGA-2F-A9KO,113,11,0.0069482820108532906,11520.0,8960.0
TCGA-2F-A9KO,4,12,0.006948171649128199,26368.0,21504.0
TCGA-2F-A9KO,107,13,0.006948064547032118,13312.0,23296.0
TCGA-2F-A9KO,56,14,0.006948014721274376,11776.0,7168.0
TCGA-2F-A9KO,78,15,0.006947600748389959,3584.0,7680.0
TCGA-2F-A9KO,30,16,0.00694741727784276,5632.0,12288.0
TCGA-2F-A9KO,32,17,0.00694736372679472,8960.0,20224.0
TCGA-2F-A9KO,13,18,0.006947228219360113,2304.0,6656.0
TCGA-2F-A9KO,94,19,0.0069472165778279305,24064.0,8704.0
TCGA-2F-A9KO,122,20,0.006946861743927002,6912.0,16384.0
TCGA-2F-A9KO,89,21,0.006946456618607044,10240.0,22272.0
TCGA-2F-A9KO,29,22,0.006946258712559938,9728.0,19712.0
TCGA-2F-A9KO,91,23,0.006946054752916098,14336.0,6400.0
TCGA-2F-A9KO,6,24,0.00694604916498065,1792.0,16384.0
TCGA-2F-A9KO,44,25,0.006946003530174494,12800.0,10496.0
TCGA-2F-A9KO,112,26,0.006945991888642311,13824.0,13056.0
TCGA-2F-A9KO,130,27,0.0069459727965295315,14336.0,7424.0
TCGA-2F-A9KO,5,28,0.0069459048099815845,14336.0,10496.0
TCGA-2F-A9KO,92,29,0.0069459001533687115,10496.0,12288.0
TCGA-2F-A9KO,34,30,0.006945775821805,20736.0,10496.0
TCGA-2F-A9KO,58,31,0.006945693865418434,6656.0,22016.0
TCGA-2F-A9KO,131,32,0.0069456929340958595,8192.0,23296.0
TCGA-2F-A9KO,42,33,0.00694566173478961,14336.0,13824.0
TCGA-2F-A9KO,63,34,0.006945533212274313,27648.0,10496.0
TCGA-2F-A9KO,79,35,0.006945368833839893,2816.0,17664.0
TCGA-2F-A9KO,118,36,0.006945355795323849,13568.0,12800.0
TCGA-2F-A9KO,104,37,0.006945301312953234,13312.0,6400.0
TCGA-2F-A9KO,17,38,0.006945233326405287,23552.0,11776.0
TCGA-2F-A9KO,88,39,0.006945217959582806,26368.0,23552.0
TCGA-2F-A9KO,129,40,0.006945200730115175,5376.0,19200.0
TCGA-2F-A9KO,64,41,0.006945068947970867,27392.0,10496.0
TCGA-2F-A9KO,135,42,0.006944993510842323,29440.0,11520.0
TCGA-2F-A9KO,12,43,0.006944980472326279,21760.0,22272.0
TCGA-2F-A9KO,35,44,0.006944885011762381,27904.0,9216.0
TCGA-2F-A9KO,114,45,0.006944826804101467,14848.0,18432.0
TCGA-2F-A9KO,93,46,0.006944821681827307,12288.0,18432.0
TCGA-2F-A9KO,90,47,0.006944810040295124,10496.0,16128.0
TCGA-2F-A9KO,61,48,0.006944687105715275,12032.0,4864.0
TCGA-2F-A9KO,65,49,0.006944655906409025,23296.0,11264.0
TCGA-2F-A9KO,127,50,0.006944617722183466,7680.0,18688.0
TCGA-2F-A9KO,77,51,0.006944582797586918,2816.0,8192.0
TCGA-2F-A9KO,24,52,0.006944558117538691,8704.0,6912.0
TCGA-2F-A9KO,45,53,0.006944534368813038,9472.0,7936.0
TCGA-2F-A9KO,59,54,0.006944526918232441,7936.0,3072.0
TCGA-2F-A9KO,1,55,0.006944368593394756,20992.0,17920.0
TCGA-2F-A9KO,136,56,0.006944355089217424,23296.0,6912.0
TCGA-2F-A9KO,115,57,0.006944339722394943,22016.0,3584.0
TCGA-2F-A9KO,67,58,0.0069443341344594955,20480.0,17152.0
TCGA-2F-A9KO,134,59,0.006944329012185335,20736.0,2560.0
TCGA-2F-A9KO,106,60,0.006944326218217611,8960.0,20480.0
TCGA-2F-A9KO,21,61,0.006944289896637201,15360.0,17152.0
TCGA-2F-A9KO,138,62,0.0069442614912986755,11264.0,13568.0
TCGA-2F-A9KO,0,63,0.00694420887157321,24320.0,5376.0
TCGA-2F-A9KO,87,64,0.0069442084059119225,21504.0,20992.0
TCGA-2F-A9KO,128,65,0.006944192573428154,12800.0,19456.0
TCGA-2F-A9KO,19,66,0.006944162771105766,15360.0,6144.0
TCGA-2F-A9KO,50,67,0.006944038439542055,11008.0,9728.0
TCGA-2F-A9KO,72,68,0.006944002117961645,27904.0,6400.0
TCGA-2F-A9KO,141,69,0.006943993736058474,16640.0,1280.0
TCGA-2F-A9KO,133,70,0.0069439648650586605,26112.0,23040.0
TCGA-2F-A9KO,121,71,0.006943954154849052,5632.0,19200.0
TCGA-2F-A9KO,37,72,0.006943923886865377,22528.0,13824.0
TCGA-2F-A9KO,11,73,0.0069438861683011055,17152.0,13056.0
TCGA-2F-A9KO,140,74,0.006943840067833662,18432.0,1024.0
TCGA-2F-A9KO,99,75,0.0069438256323337555,28416.0,17152.0
TCGA-2F-A9KO,116,76,0.006943824701011181,22528.0,2816.0
TCGA-2F-A9KO,68,77,0.006943813990801573,8960.0,5376.0
TCGA-2F-A9KO,26,78,0.006943807005882263,32000.0,15872.0
TCGA-2F-A9KO,28,79,0.006943685468286276,20736.0,13312.0
TCGA-2F-A9KO,62,80,0.006943646352738142,11008.0,9472.0
TCGA-2F-A9KO,139,81,0.00694353086873889,11776.0,14592.0
TCGA-2F-A9KO,22,82,0.006943497806787491,5888.0,4096.0
TCGA-2F-A9KO,43,83,0.006943481508642435,17152.0,23808.0
TCGA-2F-A9KO,51,84,0.006943464279174805,10752.0,15872.0
TCGA-2F-A9KO,100,85,0.006943386048078537,17152.0,20224.0
TCGA-2F-A9KO,119,86,0.00694337859749794,3328.0,7680.0
TCGA-2F-A9KO,84,87,0.006943374406546354,24064.0,20480.0
TCGA-2F-A9KO,108,88,0.0069433110766112804,27392.0,11264.0
TCGA-2F-A9KO,117,89,0.0069432975724339485,27392.0,11776.0
TCGA-2F-A9KO,27,90,0.00694317976012826,20736.0,3840.0
TCGA-2F-A9KO,103,91,0.006943154614418745,27392.0,23552.0
TCGA-2F-A9KO,10,92,0.006943148095160723,18688.0,24064.0
TCGA-2F-A9KO,81,93,0.006943145301192999,16128.0,19456.0
TCGA-2F-A9KO,74,94,0.006943141110241413,27392.0,9472.0
TCGA-2F-A9KO,132,95,0.006943129003047943,24576.0,15616.0
TCGA-2F-A9KO,110,96,0.0069431122392416,21248.0,16896.0
TCGA-2F-A9KO,80,97,0.006943103391677141,13056.0,14080.0
TCGA-2F-A9KO,105,98,0.006943075451999903,7936.0,13056.0
TCGA-2F-A9KO,143,99,0.006943074520677328,30208.0,16384.0
TCGA-2F-A9KO,97,100,0.006943064276129007,19200.0,4864.0
TCGA-2F-A9KO,48,101,0.006943047512322664,14336.0,3840.0
TCGA-2F-A9KO,82,102,0.006943047512322664,13568.0,8448.0
TCGA-2F-A9KO,8,103,0.006943018175661564,19968.0,24320.0
TCGA-2F-A9KO,111,104,0.006943011190742254,19456.0,3840.0
TCGA-2F-A9KO,96,105,0.006943009328097105,20480.0,9216.0
TCGA-2F-A9KO,25,106,0.006942980457097292,19712.0,1024.0
TCGA-2F-A9KO,49,107,0.0069429692812263966,15360.0,5120.0
TCGA-2F-A9KO,85,108,0.006942940875887871,22272.0,22272.0
TCGA-2F-A9KO,55,109,0.006942918058484793,26880.0,17920.0
TCGA-2F-A9KO,76,110,0.006942901760339737,27648.0,9472.0
TCGA-2F-A9KO,3,111,0.006942847743630409,23552.0,7424.0
TCGA-2F-A9KO,20,112,0.006942806765437126,14336.0,20224.0
TCGA-2F-A9KO,126,113,0.0069428058341145515,8960.0,15104.0
TCGA-2F-A9KO,86,114,0.006942803040146828,22784.0,22784.0
TCGA-2F-A9KO,53,115,0.006942794658243656,19968.0,13824.0
TCGA-2F-A9KO,101,116,0.0069427709095180035,19200.0,24832.0
TCGA-2F-A9KO,70,117,0.006942728068679571,29696.0,11520.0
TCGA-2F-A9KO,109,118,0.006942631211131811,23808.0,15104.0
TCGA-2F-A9KO,142,119,0.006942609790712595,21504.0,23552.0
TCGA-2F-A9KO,124,120,0.006942573469132185,30208.0,15360.0
TCGA-2F-A9KO,60,121,0.0069425636902451515,12288.0,6400.0
TCGA-2F-A9KO,41,122,0.006942542735487223,22272.0,16640.0
TCGA-2F-A9KO,16,123,0.006942520383745432,26624.0,6912.0
TCGA-2F-A9KO,125,124,0.006942403502762318,15616.0,18176.0
TCGA-2F-A9KO,98,125,0.006942401174455881,23808.0,15616.0
TCGA-2F-A9KO,66,126,0.006942373234778643,16128.0,10240.0
TCGA-2F-A9KO,83,127,0.006942362990230322,6144.0,3584.0
TCGA-2F-A9KO,73,128,0.006942224223166704,24832.0,11264.0
TCGA-2F-A9KO,40,129,0.006942143198102713,28416.0,7936.0
TCGA-2F-A9KO,39,130,0.006942113395780325,30720.0,15104.0
TCGA-2F-A9KO,69,131,0.0069420537911355495,14848.0,5632.0
TCGA-2F-A9KO,54,132,0.00694204680621624,17152.0,16128.0
TCGA-2F-A9KO,71,133,0.006941985804587603,24320.0,13056.0
TCGA-2F-A9KO,52,134,0.006941963452845812,16384.0,16640.0
TCGA-2F-A9KO,120,135,0.006941867060959339,12288.0,11776.0
TCGA-2F-A9KO,36,136,0.0069418614730238914,23040.0,12032.0
TCGA-2F-A9KO,2,137,0.006941801868379116,23296.0,7424.0
TCGA-2F-A9KO,38,138,0.006941790692508221,29184.0,8448.0
TCGA-2F-A9KO,9,139,0.006941742263734341,5632.0,10752.0
TCGA-2F-A9KO,18,140,0.006941702216863632,26624.0,11008.0
TCGA-2F-A9KO,102,141,0.006941626314073801,13824.0,9984.0
TCGA-2F-A9KO,15,142,0.006941512227058411,28160.0,10752.0
TCGA-2F-A9KO,95,143,0.006941032130271196,29184.0,9216.0
TCGA-2F-A9KO,75,144,0.006940875668078661,22528.0,13568.0
TCGA-2F-A9KP,117,1,0.024219293147325516,23808.0,4864.0
TCGA-2F-A9KP,2,2,0.023246267810463905,17664.0,2560.0
TCGA-2F-A9KP,26,3,0.006543030496686697,17920.0,18432.0
TCGA-2F-A9KP,60,4,0.006542796269059181,5376.0,13824.0
TCGA-2F-A9KP,99,5,0.0065416027791798115,23296.0,23040.0
TCGA-2F-A9KP,36,6,0.006541529670357704,19968.0,5120.0
TCGA-2F-A9KP,11,7,0.006541270297020674,13824.0,19712.0
TCGA-2F-A9KP,59,8,0.006541097536683083,5120.0,16384.0
TCGA-2F-A9KP,78,9,0.006540755275636911,4096.0,11008.0
TCGA-2F-A9KP,47,10,0.006540372036397457,16896.0,12800.0
TCGA-2F-A9KP,126,11,0.006540114525705576,15360.0,10496.0
TCGA-2F-A9KP,138,12,0.006539726164191961,8192.0,19968.0
TCGA-2F-A9KP,15,13,0.006539603229612112,16384.0,17664.0
TCGA-2F-A9KP,111,14,0.006538806948810816,17920.0,20224.0
TCGA-2F-A9KP,70,15,0.006538223009556532,19456.0,12544.0
TCGA-2F-A9KP,130,16,0.006538149435073137,8960.0,4352.0
TCGA-2F-A9KP,123,17,0.006537546403706074,8448.0,1536.0
TCGA-2F-A9KP,115,18,0.006537073291838169,26112.0,14336.0
TCGA-2F-A9KP,80,19,0.006537009961903095,19456.0,20480.0
TCGA-2F-A9KP,83,20,0.006536644417792559,6400.0,16128.0
TCGA-2F-A9KP,43,21,0.00653643487021327,13312.0,10240.0
TCGA-2F-A9KP,14,22,0.006535916589200497,17408.0,18688.0
TCGA-2F-A9KP,53,23,0.006535667460411787,6912.0,2816.0
TCGA-2F-A9KP,142,24,0.006535330321639776,23808.0,3840.0
TCGA-2F-A9KP,145,25,0.006535188294947147,15872.0,19456.0
TCGA-2F-A9KP,34,26,0.006535110995173454,22016.0,14080.0
TCGA-2F-A9KP,98,27,0.0065350886434316635,6400.0,9472.0
TCGA-2F-A9KP,63,28,0.006535063497722149,19968.0,3840.0
TCGA-2F-A9KP,4,29,0.006535026244819164,25856.0,11008.0
TCGA-2F-A9KP,79,30,0.006534709595143795,7424.0,18432.0
TCGA-2F-A9KP,140,31,0.006534393876791,25344.0,6656.0
TCGA-2F-A9KP,93,32,0.006534368731081486,14848.0,9472.0
TCGA-2F-A9KP,113,33,0.006534002721309662,19456.0,18944.0
TCGA-2F-A9KP,72,34,0.006533968728035688,9728.0,17152.0
TCGA-2F-A9KP,9,35,0.0065339189022779465,16384.0,15872.0
TCGA-2F-A9KP,31,36,0.006533874664455652,10752.0,16128.0
TCGA-2F-A9KP,114,37,0.006533861625939608,22272.0,15360.0
TCGA-2F-A9KP,94,38,0.006533358246088028,15872.0,16896.0
TCGA-2F-A9KP,128,39,0.0065329778008162975,21760.0,16128.0
TCGA-2F-A9KP,110,40,0.006532515399158001,5632.0,19968.0
TCGA-2F-A9KP,45,41,0.0065321894362568855,2560.0,20224.0
TCGA-2F-A9KP,58,42,0.006532035302370787,5120.0,11264.0
TCGA-2F-A9KP,8,43,0.006531826686114073,3328.0,14592.0
TCGA-2F-A9KP,33,44,0.006531798280775547,10496.0,16640.0
TCGA-2F-A9KP,88,45,0.006531712133437395,16896.0,12288.0
TCGA-2F-A9KP,108,46,0.006531696766614914,13056.0,3584.0
TCGA-2F-A9KP,89,47,0.006531526800245047,9216.0,11520.0
TCGA-2F-A9KP,87,48,0.00653110072016716,6912.0,19968.0
TCGA-2F-A9KP,35,49,0.006530973128974438,23040.0,4352.0
TCGA-2F-A9KP,109,50,0.006530698388814926,26624.0,5120.0
TCGA-2F-A9KP,143,51,0.006530588027089834,10240.0,5632.0
TCGA-2F-A9KP,27,52,0.006530527025461197,14848.0,19200.0
TCGA-2F-A9KP,37,53,0.006530190818011761,24832.0,11776.0
TCGA-2F-A9KP,105,54,0.006530044600367546,18432.0,17408.0
TCGA-2F-A9KP,75,55,0.0065299635753035545,9216.0,18944.0
TCGA-2F-A9KP,68,56,0.006529900245368481,6656.0,14848.0
TCGA-2F-A9KP,85,57,0.006529605016112328,25088.0,14336.0
TCGA-2F-A9KP,66,58,0.006529173348098993,13312.0,18944.0
TCGA-2F-A9KP,131,59,0.006528961472213268,28416.0,13824.0
TCGA-2F-A9KP,32,60,0.0065289391204714775,12544.0,10752.0
TCGA-2F-A9KP,144,61,0.006528923753648996,16128.0,19456.0
TCGA-2F-A9KP,112,62,0.006528895813971758,22016.0,16640.0
TCGA-2F-A9KP,73,63,0.006528883706778288,6912.0,16640.0
TCGA-2F-A9KP,13,64,0.006528179626911879,11776.0,20992.0
TCGA-2F-A9KP,95,65,0.006528128869831562,22016.0,19456.0
TCGA-2F-A9KP,17,66,0.006528059020638466,7168.0,19456.0
TCGA-2F-A9KP,44,67,0.0065279314294457436,13056.0,14336.0
TCGA-2F-A9KP,141,68,0.00652791652828455,14080.0,2816.0
TCGA-2F-A9KP,10,69,0.0065278890542685986,7936.0,14592.0
TCGA-2F-A9KP,50,70,0.006527807097882032,18688.0,18688.0
TCGA-2F-A9KP,28,71,0.006527689751237631,16640.0,20480.0
TCGA-2F-A9KP,51,72,0.006527662742882967,12544.0,768.0
TCGA-2F-A9KP,25,73,0.00652754632756114,7936.0,18176.0
TCGA-2F-A9KP,20,74,0.006527382880449295,26880.0,5632.0
TCGA-2F-A9KP,127,75,0.00652735773473978,9728.0,18688.0
TCGA-2F-A9KP,106,76,0.0065272506326437,23552.0,1536.0
TCGA-2F-A9KP,19,77,0.006527107208967209,28416.0,6400.0
TCGA-2F-A9KP,61,78,0.00652708113193512,5888.0,15616.0
TCGA-2F-A9KP,69,79,0.006526862271130085,3840.0,16128.0
TCGA-2F-A9KP,86,80,0.006526507902890444,29184.0,1280.0
TCGA-2F-A9KP,97,81,0.006526143755763769,8448.0,18688.0
TCGA-2F-A9KP,82,82,0.006525939330458641,3840.0,13312.0
TCGA-2F-A9KP,42,83,0.006525882985442877,7936.0,8448.0
TCGA-2F-A9KP,38,84,0.006525647826492786,23808.0,4096.0
TCGA-2F-A9KP,77,85,0.006525455508381128,15104.0,19712.0
TCGA-2F-A9KP,84,86,0.006525440141558647,8960.0,10752.0
TCGA-2F-A9KP,100,87,0.006525322794914246,7168.0,19200.0
TCGA-2F-A9KP,91,88,0.006525241769850254,6144.0,9728.0
TCGA-2F-A9KP,125,89,0.006525225471705198,10752.0,17152.0
TCGA-2F-A9KP,48,90,0.006525167264044285,25344.0,13312.0
TCGA-2F-A9KP,119,91,0.0065251607447862625,27136.0,10496.0
TCGA-2F-A9KP,76,92,0.0065251006744802,11776.0,12288.0
TCGA-2F-A9KP,49,93,0.0065248943865299225,24832.0,15872.0
TCGA-2F-A9KP,67,94,0.006524861324578524,22528.0,14592.0
TCGA-2F-A9KP,147,95,0.0065246750600636005,11008.0,18944.0
TCGA-2F-A9KP,12,96,0.006524660158902407,6144.0,13312.0
TCGA-2F-A9KP,92,97,0.006524085532873869,23552.0,20480.0
TCGA-2F-A9KP,107,98,0.0065230755135416985,27904.0,10240.0
TCGA-2F-A9KP,133,99,0.006522836163640022,24576.0,10496.0
TCGA-2F-A9KP,62,100,0.006522526498883963,20736.0,5376.0
TCGA-2F-A9KP,65,101,0.006522227544337511,22272.0,9472.0
TCGA-2F-A9KP,121,102,0.006522028241306543,27136.0,8704.0
TCGA-2F-A9KP,116,103,0.006521452683955431,11008.0,16896.0
TCGA-2F-A9KP,23,104,0.0065213837660849094,12800.0,512.0
TCGA-2F-A9KP,5,105,0.006521035451442003,7424.0,8192.0
TCGA-2F-A9KP,6,106,0.006519662216305733,4096.0,8960.0
TCGA-2F-A9KP,74,107,0.006519460119307041,11008.0,20736.0
TCGA-2F-A9KP,129,108,0.006518590729683638,13056.0,3072.0
TCGA-2F-A9KP,52,109,0.0065183499827980995,28160.0,12544.0
TCGA-2F-A9KP,146,110,0.00651781028136611,8704.0,16896.0
TCGA-2F-A9KP,135,111,0.006517719943076372,19456.0,13056.0
TCGA-2F-A9KP,136,112,0.0065175858326256275,25344.0,0.0
TCGA-2F-A9KP,134,113,0.006517584435641766,23296.0,1024.0
TCGA-2F-A9KP,18,114,0.006517423782497644,25088.0,9728.0
TCGA-2F-A9KP,55,115,0.006517186760902405,17920.0,2816.0
TCGA-2F-A9KP,90,116,0.006516723893582821,6144.0,13056.0
TCGA-2F-A9KP,102,117,0.006516286637634039,24832.0,5632.0
TCGA-2F-A9KP,3,118,0.006515706889331341,19712.0,13824.0
TCGA-2F-A9KP,118,119,0.0065156882628798485,4096.0,6144.0
TCGA-2F-A9KP,71,120,0.0065156565979123116,16384.0,19200.0
TCGA-2F-A9KP,64,121,0.0065155657939612865,24832.0,12032.0
TCGA-2F-A9KP,104,122,0.006515380460768938,20480.0,6400.0
TCGA-2F-A9KP,120,123,0.006514742039144039,13568.0,1536.0
TCGA-2F-A9KP,137,124,0.006514675449579954,22016.0,3840.0
TCGA-2F-A9KP,57,125,0.006514004897326231,12544.0,19200.0
TCGA-2F-A9KP,122,126,0.006513861007988453,14848.0,1536.0
TCGA-2F-A9KP,132,127,0.006513757631182671,22784.0,4096.0
TCGA-2F-A9KP,139,128,0.006513691041618586,28416.0,8448.0
TCGA-2F-A9KP,96,129,0.006513622589409351,23296.0,3072.0
TCGA-2F-A9KP,24,130,0.006512688472867012,13824.0,768.0
TCGA-2F-A9KP,56,131,0.00651166494935751,24576.0,13056.0
TCGA-2F-A9KP,22,132,0.006509085651487112,23552.0,3328.0
TCGA-2F-A9KP,54,133,0.006506588310003281,10496.0,6144.0
TCGA-2F-A9KP,124,134,0.006506439298391342,15360.0,6144.0
TCGA-2F-A9KP,101,135,0.006505388300865889,11008.0,3840.0
TCGA-2F-A9KP,21,136,0.006504824850708246,7680.0,19968.0
TCGA-2F-A9KP,46,137,0.006504449062049389,29440.0,1024.0
TCGA-2F-A9KP,81,138,0.006503949873149395,24576.0,6144.0
TCGA-2F-A9KP,40,139,0.006503343116492033,14848.0,16896.0
TCGA-2F-A9KP,103,140,0.006502050906419754,20480.0,0.0
TCGA-2F-A9KP,41,141,0.006499599199742079,14592.0,18176.0
TCGA-2F-A9KP,39,142,0.006498262286186218,15104.0,17408.0
TCGA-2F-A9KP,1,143,0.0064981840550899506,22272.0,512.0
TCGA-2F-A9KP,0,144,0.006496196612715721,19456.0,14080.0
TCGA-2F-A9KP,29,145,0.00649437727406621,12800.0,12032.0
TCGA-2F-A9KP,16,146,0.006477646995335817,20480.0,2048.0
TCGA-2F-A9KP,30,147,0.00647693919017911,21504.0,5632.0
TCGA-2F-A9KP,7,148,0.006451902911067009,21248.0,5632.0
TCGA-2F-A9KQ,26,1,0.011309974826872349,8192.0,10752.0
TCGA-2F-A9KQ,5,2,0.011304677464067936,7424.0,9984.0
TCGA-2F-A9KQ,70,3,0.011277041397988796,8704.0,12288.0
TCGA-2F-A9KQ,92,4,0.011191001161932945,24832.0,6400.0
TCGA-2F-A9KQ,84,5,0.011170480400323868,21248.0,5376.0
TCGA-2F-A9KQ,69,6,0.011157922446727753,6656.0,10240.0
TCGA-2F-A9KQ,87,7,0.011140151880681515,5376.0,10240.0
TCGA-2F-A9KQ,85,8,0.011121191084384918,22272.0,6400.0
TCGA-2F-A9KQ,10,9,0.011118129827082157,23808.0,4096.0
TCGA-2F-A9KQ,90,10,0.011048514395952225,8448.0,13056.0
TCGA-2F-A9KQ,71,11,0.01096724160015583,6400.0,10240.0
TCGA-2F-A9KQ,48,12,0.010908824391663074,8448.0,12544.0
TCGA-2F-A9KQ,98,13,0.01089749950915575,8704.0,15104.0
TCGA-2F-A9KQ,23,14,0.010896621271967888,5888.0,10752.0
TCGA-2F-A9KQ,12,15,0.010882609523832798,8960.0,13824.0
TCGA-2F-A9KQ,22,16,0.010865439660847187,7424.0,10752.0
TCGA-2F-A9KQ,38,17,0.010863127186894417,2816.0,13824.0
TCGA-2F-A9KQ,25,18,0.010859503410756588,8192.0,14336.0
TCGA-2F-A9KQ,11,19,0.01085058692842722,8704.0,13824.0
TCGA-2F-A9KQ,108,20,0.010848604142665863,20736.0,6144.0
TCGA-2F-A9KQ,49,21,0.010804646648466587,14080.0,11776.0
TCGA-2F-A9KQ,86,22,0.010785163380205631,7168.0,9984.0
TCGA-2F-A9KQ,62,23,0.010772084817290306,24832.0,6144.0
TCGA-2F-A9KQ,14,24,0.010762974619865417,2816.0,13312.0
TCGA-2F-A9KQ,4,25,0.010741189122200012,12544.0,10752.0
TCGA-2F-A9KQ,93,26,0.010732542723417282,22784.0,6656.0
TCGA-2F-A9KQ,88,27,0.010731490328907967,19456.0,4096.0
TCGA-2F-A9KQ,39,28,0.01072942279279232,24576.0,6912.0
TCGA-2F-A9KQ,64,29,0.01072152890264988,3584.0,11264.0
TCGA-2F-A9KQ,6,30,0.010699348524212837,24064.0,5120.0
TCGA-2F-A9KQ,32,31,0.010689596645534039,24832.0,4864.0
TCGA-2F-A9KQ,65,32,0.010683071799576283,23040.0,4352.0
TCGA-2F-A9KQ,76,33,0.010671800002455711,22272.0,3840.0
TCGA-2F-A9KQ,27,34,0.010653811506927013,11520.0,10752.0
TCGA-2F-A9KQ,9,35,0.01064541656523943,13568.0,11008.0
TCGA-2F-A9KQ,16,36,0.01059132069349289,2560.0,12032.0
TCGA-2F-A9KQ,31,37,0.010572071187198162,8192.0,15360.0
TCGA-2F-A9KQ,63,38,0.010553162544965744,3840.0,14592.0
TCGA-2F-A9KQ,37,39,0.010539617389440536,3584.0,12288.0
TCGA-2F-A9KQ,30,40,0.010502086021006107,22784.0,4608.0
TCGA-2F-A9KQ,15,41,0.010496134869754314,12288.0,10752.0
TCGA-2F-A9KQ,66,42,0.010492262430489063,13568.0,10752.0
TCGA-2F-A9KQ,29,43,0.010470551438629627,9472.0,12800.0
TCGA-2F-A9KQ,13,44,0.010426952503621578,19456.0,4352.0
TCGA-2F-A9KQ,89,45,0.010413133539259434,14336.0,11264.0
TCGA-2F-A9KQ,72,46,0.010397754609584808,24832.0,5632.0
TCGA-2F-A9KQ,75,47,0.01034885086119175,11264.0,11008.0
TCGA-2F-A9KQ,79,48,0.010328180156648159,13824.0,11776.0
TCGA-2F-A9KQ,28,49,0.010288817808032036,8704.0,10752.0
TCGA-2F-A9KQ,40,50,0.00999552570283413,9216.0,14592.0
TCGA-2F-A9KQ,36,51,0.007839660160243511,11008.0,2048.0
TCGA-2F-A9KQ,42,52,0.007839060388505459,13312.0,14336.0
TCGA-2F-A9KQ,78,53,0.007838878780603409,22016.0,12288.0
TCGA-2F-A9KQ,60,54,0.007838339544832706,8448.0,9984.0
TCGA-2F-A9KQ,105,55,0.007838048040866852,5888.0,8448.0
TCGA-2F-A9KQ,43,56,0.007837929762899876,11264.0,14848.0
TCGA-2F-A9KQ,99,57,0.007837689481675625,11264.0,9472.0
TCGA-2F-A9KQ,59,58,0.007837583310902119,9472.0,6912.0
TCGA-2F-A9KQ,53,59,0.007836650125682354,8448.0,10240.0
TCGA-2F-A9KQ,35,60,0.007836573757231236,12288.0,2816.0
TCGA-2F-A9KQ,45,61,0.007836353033781052,10752.0,14080.0
TCGA-2F-A9KQ,44,62,0.00783550925552845,11008.0,14848.0
TCGA-2F-A9KQ,80,63,0.007835282012820244,12800.0,17152.0
TCGA-2F-A9KQ,104,64,0.007835057564079762,23808.0,3584.0
TCGA-2F-A9KQ,91,65,0.007834945805370808,18688.0,1792.0
TCGA-2F-A9KQ,83,66,0.007834840565919876,11264.0,13824.0
TCGA-2F-A9KQ,102,67,0.007834646850824356,15360.0,12288.0
TCGA-2F-A9KQ,58,68,0.007834495045244694,25600.0,4352.0
TCGA-2F-A9KQ,81,69,0.007834486663341522,8704.0,8192.0
TCGA-2F-A9KQ,94,70,0.007834074087440968,10752.0,2560.0
TCGA-2F-A9KQ,68,71,0.007833694107830524,19200.0,11264.0
TCGA-2F-A9KQ,96,72,0.007833587005734444,13824.0,2304.0
TCGA-2F-A9KQ,51,73,0.007833524607121944,10496.0,4096.0
TCGA-2F-A9KQ,55,74,0.007833392359316349,3072.0,11008.0
TCGA-2F-A9KQ,106,75,0.007833362556993961,25600.0,5632.0
TCGA-2F-A9KQ,19,76,0.007833286188542843,4352.0,9472.0
TCGA-2F-A9KQ,34,77,0.007833230309188366,14336.0,2048.0
TCGA-2F-A9KQ,67,78,0.007833069190382957,19456.0,11520.0
TCGA-2F-A9KQ,33,79,0.007832965813577175,12288.0,4352.0
TCGA-2F-A9KQ,95,80,0.007832767441868782,9472.0,5120.0
TCGA-2F-A9KQ,20,81,0.007832483388483524,5888.0,14080.0
TCGA-2F-A9KQ,17,82,0.007832475006580353,25600.0,4096.0
TCGA-2F-A9KQ,47,83,0.007832244038581848,22272.0,3584.0
TCGA-2F-A9KQ,61,84,0.00783179048448801,25088.0,7680.0
TCGA-2F-A9KQ,97,85,0.007831757888197899,17152.0,4096.0
TCGA-2F-A9KQ,100,86,0.00783165916800499,20736.0,9984.0
TCGA-2F-A9KQ,82,87,0.007831498049199581,10496.0,15872.0
TCGA-2F-A9KQ,52,88,0.007830660790205002,17152.0,4608.0
TCGA-2F-A9KQ,77,89,0.00783051922917366,12288.0,10496.0
TCGA-2F-A9KQ,57,90,0.00782975647598505,10752.0,7424.0
TCGA-2F-A9KQ,101,91,0.007829640991985798,18432.0,11776.0
TCGA-2F-A9KQ,56,92,0.00782957673072815,6144.0,8704.0
TCGA-2F-A9KQ,1,93,0.007829485461115837,14336.0,6400.0
TCGA-2F-A9KQ,50,94,0.007829447276890278,18688.0,5888.0
TCGA-2F-A9KQ,0,95,0.007829356007277966,10240.0,6400.0
TCGA-2F-A9KQ,21,96,0.007828447967767715,5120.0,14592.0
TCGA-2F-A9KQ,3,97,0.00782843679189682,21760.0,12544.0
TCGA-2F-A9KQ,103,98,0.007828335277736187,12544.0,5632.0
TCGA-2F-A9KQ,18,99,0.00782819278538227,2048.0,13312.0
TCGA-2F-A9KQ,41,100,0.007827901281416416,12544.0,10496.0
TCGA-2F-A9KQ,2,101,0.00782762374728918,17920.0,1536.0
TCGA-2F-A9KQ,107,102,0.00782679207623005,9472.0,14080.0
TCGA-2F-A9KQ,74,103,0.007826634682714939,11776.0,2816.0
TCGA-2F-A9KQ,7,104,0.007825758308172226,8192.0,4352.0
TCGA-2F-A9KQ,54,105,0.007824312895536423,11520.0,2816.0
TCGA-2F-A9KQ,73,106,0.007824252359569073,19968.0,12032.0
TCGA-2F-A9KQ,24,107,0.007823859341442585,17408.0,10752.0
TCGA-2F-A9KQ,46,108,0.007821080274879932,19712.0,5120.0
TCGA-2F-A9KQ,8,109,0.007813391275703907,13056.0,2304.0
TCGA-2F-A9KR,82,1,0.12936261296272278,22784.0,20224.0
TCGA-2F-A9KR,50,2,0.1268353909254074,23552.0,20224.0
TCGA-2F-A9KR,4,3,0.12584516406059265,20992.0,12288.0
TCGA-2F-A9KR,119,4,0.1239670068025589,15360.0,21504.0
TCGA-2F-A9KR,20,5,0.11696039885282516,23552.0,24832.0
TCGA-2F-A9KR,36,6,0.0031196882482618093,8960.0,5888.0
TCGA-2F-A9KR,60,7,0.003119579516351223,8704.0,21248.0
TCGA-2F-A9KR,123,8,0.0031194998882710934,14848.0,12288.0
TCGA-2F-A9KR,78,9,0.003119352040812373,19968.0,20224.0
TCGA-2F-A9KR,11,10,0.0031191750895231962,17152.0,15104.0
TCGA-2F-A9KR,111,11,0.003119139466434717,15616.0,11776.0
TCGA-2F-A9KR,15,12,0.003118945052847266,15360.0,15360.0
TCGA-2F-A9KR,14,13,0.003118922933936119,25856.0,14080.0
TCGA-2F-A9KR,59,14,0.0031188856810331345,18176.0,18688.0
TCGA-2F-A9KR,99,15,0.0031186691485345364,25600.0,23552.0
TCGA-2F-A9KR,26,16,0.0031186409760266542,19968.0,256.0
TCGA-2F-A9KR,80,17,0.0031185089610517025,15360.0,7936.0
TCGA-2F-A9KR,110,18,0.0031185003463178873,13312.0,12032.0
TCGA-2F-A9KR,98,19,0.0031184086110442877,28416.0,19456.0
TCGA-2F-A9KR,87,20,0.0031183636747300625,20736.0,19456.0
TCGA-2F-A9KR,65,21,0.0031182742677628994,18944.0,22016.0
TCGA-2F-A9KR,89,22,0.0031181727536022663,6656.0,18688.0
TCGA-2F-A9KR,37,23,0.0031181240919977427,14080.0,15360.0
TCGA-2F-A9KR,62,24,0.0031181105878204107,26368.0,12288.0
TCGA-2F-A9KR,42,25,0.003118041669949889,13056.0,2816.0
TCGA-2F-A9KR,91,26,0.0031180204823613167,16128.0,14080.0
TCGA-2F-A9KR,85,27,0.003118010936304927,25600.0,17152.0
TCGA-2F-A9KR,35,28,0.0031179343350231647,9472.0,16640.0
TCGA-2F-A9KR,70,29,0.003117901971563697,10496.0,22784.0
TCGA-2F-A9KR,86,30,0.00311788497492671,19200.0,17664.0
TCGA-2F-A9KR,64,31,0.003117805114015937,17920.0,21760.0
TCGA-2F-A9KR,33,32,0.0031178013887256384,20224.0,21248.0
TCGA-2F-A9KR,81,33,0.003117792308330536,12544.0,14848.0
TCGA-2F-A9KR,66,34,0.003117782762274146,15104.0,8960.0
TCGA-2F-A9KR,108,35,0.0031177436467260122,16128.0,6144.0
TCGA-2F-A9KR,38,36,0.0031177103519439697,14080.0,11264.0
TCGA-2F-A9KR,12,37,0.00311770336702466,18688.0,20224.0
TCGA-2F-A9KR,88,38,0.0031176747288554907,9472.0,15104.0
TCGA-2F-A9KR,23,39,0.0031175760086625814,21248.0,10752.0
TCGA-2F-A9KR,61,40,0.003117574146017432,14336.0,16640.0
TCGA-2F-A9KR,72,41,0.003117568325251341,25600.0,24576.0
TCGA-2F-A9KR,17,42,0.003117558779194951,15616.0,14848.0
TCGA-2F-A9KR,79,43,0.0031174870673567057,24576.0,15360.0
TCGA-2F-A9KR,67,44,0.0031174863688647747,19200.0,21248.0
TCGA-2F-A9KR,97,45,0.0031174232717603445,26368.0,18688.0
TCGA-2F-A9KR,13,46,0.0031174146570265293,24576.0,13056.0
TCGA-2F-A9KR,105,47,0.0031172954477369785,18176.0,20992.0
TCGA-2F-A9KR,43,48,0.0031172940507531166,14080.0,8192.0
TCGA-2F-A9KR,84,49,0.0031172684393823147,24064.0,19200.0
TCGA-2F-A9KR,55,50,0.0031172295566648245,7936.0,10496.0
TCGA-2F-A9KR,109,51,0.003117210464552045,20992.0,23040.0
TCGA-2F-A9KR,104,52,0.003117184853181243,8192.0,17152.0
TCGA-2F-A9KR,32,53,0.0031171091832220554,14336.0,22016.0
TCGA-2F-A9KR,34,54,0.003117057029157877,17152.0,18688.0
TCGA-2F-A9KR,24,55,0.0031169543508440256,26112.0,23808.0
TCGA-2F-A9KR,22,56,0.0031169310677796602,18688.0,7168.0
TCGA-2F-A9KR,100,57,0.003116930602118373,22528.0,22272.0
TCGA-2F-A9KR,73,58,0.003116743639111519,14848.0,1792.0
TCGA-2F-A9KR,90,59,0.0031165832187980413,11264.0,12800.0
TCGA-2F-A9KR,53,60,0.0031165764667093754,14848.0,2560.0
TCGA-2F-A9KR,57,61,0.0031165615655481815,3584.0,13568.0
TCGA-2F-A9KR,58,62,0.003116557141765952,28160.0,9472.0
TCGA-2F-A9KR,113,63,0.003116414649412036,11008.0,20992.0
TCGA-2F-A9KR,40,64,0.0031163052190095186,23296.0,20480.0
TCGA-2F-A9KR,16,65,0.0031162945087999105,6400.0,13568.0
TCGA-2F-A9KR,102,66,0.003116264706477523,12032.0,11520.0
TCGA-2F-A9KR,30,67,0.0031161943916231394,5632.0,13056.0
TCGA-2F-A9KR,0,68,0.0031161459628492594,21504.0,13312.0
TCGA-2F-A9KR,115,69,0.0031160847283899784,23040.0,9728.0
TCGA-2F-A9KR,93,70,0.003116060746833682,14592.0,3328.0
TCGA-2F-A9KR,51,71,0.00311600835993886,11520.0,5888.0
TCGA-2F-A9KR,10,72,0.003115979256108403,8448.0,14080.0
TCGA-2F-A9KR,45,73,0.003115975297987461,13312.0,4096.0
TCGA-2F-A9KR,76,74,0.0031159648206084967,23808.0,8704.0
TCGA-2F-A9KR,44,75,0.00311592617072165,10752.0,21504.0
TCGA-2F-A9KR,114,76,0.0031158640049397945,16640.0,15104.0
TCGA-2F-A9KR,56,77,0.00311585096642375,23808.0,7424.0
TCGA-2F-A9KR,9,78,0.0031158053316175938,3584.0,16384.0
TCGA-2F-A9KR,75,79,0.003115786239504814,15360.0,12544.0
TCGA-2F-A9KR,39,80,0.0031157759949564934,15616.0,9472.0
TCGA-2F-A9KR,94,81,0.00311573245562613,11776.0,12544.0
TCGA-2F-A9KR,27,82,0.003115674713626504,11520.0,1792.0
TCGA-2F-A9KR,28,83,0.0031156388577073812,768.0,8960.0
TCGA-2F-A9KR,96,84,0.0031156183686107397,18432.0,2816.0
TCGA-2F-A9KR,1,85,0.0031155813485383987,8960.0,9984.0
TCGA-2F-A9KR,41,86,0.003115520579740405,3328.0,5376.0
TCGA-2F-A9KR,117,87,0.0031155161559581757,2560.0,12288.0
TCGA-2F-A9KR,125,88,0.003115452826023102,18176.0,8192.0
TCGA-2F-A9KR,71,89,0.003115442581474781,24320.0,24832.0
TCGA-2F-A9KR,122,90,0.0031154328025877476,18688.0,2048.0
TCGA-2F-A9KR,77,91,0.0031153755262494087,2304.0,14848.0
TCGA-2F-A9KR,95,92,0.0031153697054833174,15104.0,13824.0
TCGA-2F-A9KR,21,93,0.0031153573654592037,8192.0,19200.0
TCGA-2F-A9KR,31,94,0.003115338273346424,5632.0,12800.0
TCGA-2F-A9KR,18,95,0.00311532081104815,27136.0,13568.0
TCGA-2F-A9KR,3,96,0.0031152472365647554,10240.0,15104.0
TCGA-2F-A9KR,74,97,0.003115050494670868,26368.0,15872.0
TCGA-2F-A9KR,2,98,0.003115035593509674,8960.0,17920.0
TCGA-2F-A9KR,29,99,0.003114932682365179,27648.0,3072.0
TCGA-2F-A9KR,118,100,0.003114642109721899,8448.0,16128.0
TCGA-2F-A9KR,52,101,0.0031145603861659765,4096.0,12544.0
TCGA-2F-A9KR,124,102,0.003114445833489299,27904.0,6656.0
TCGA-2F-A9KR,47,103,0.00311439111828804,27136.0,10240.0
TCGA-2F-A9KR,6,104,0.003114209743216634,10496.0,11008.0
TCGA-2F-A9KR,103,105,0.0031139268539845943,14848.0,21248.0
TCGA-2F-A9KR,106,106,0.0031138809863477945,14336.0,2304.0
TCGA-2F-A9KR,63,107,0.003113837679848075,14336.0,2560.0
TCGA-2F-A9KR,54,108,0.0031138078775256872,13824.0,12288.0
TCGA-2F-A9KR,68,109,0.003113796003162861,18688.0,9984.0
TCGA-2F-A9KR,116,110,0.0031137587502598763,1536.0,12288.0
TCGA-2F-A9KR,121,111,0.0031132237054407597,23040.0,11776.0
TCGA-2F-A9KR,5,112,0.0031127578113228083,12544.0,24832.0
TCGA-2F-A9KR,83,113,0.0031125943642109632,23808.0,0.0
TCGA-2F-A9KR,69,114,0.003112552221864462,11008.0,2304.0
TCGA-2F-A9KR,19,115,0.0031125338282436132,13568.0,6912.0
TCGA-2F-A9KR,46,116,0.0031123782973736525,14080.0,20992.0
TCGA-2F-A9KR,101,117,0.0031121629290282726,13824.0,6656.0
TCGA-2F-A9KR,120,118,0.003112089354544878,27904.0,9216.0
TCGA-2F-A9KR,92,119,0.0031116227619349957,19456.0,17664.0
TCGA-2F-A9KR,25,120,0.0031108390539884567,22272.0,22016.0
TCGA-2F-A9KR,7,121,0.003110685618594289,13568.0,5888.0
TCGA-2F-A9KR,112,122,0.0031106325332075357,13312.0,10240.0
TCGA-2F-A9KR,107,123,0.003109786193817854,15872.0,9216.0
TCGA-2F-A9KR,49,124,0.0031084739603102207,26880.0,7424.0
TCGA-2F-A9KR,48,125,0.003108305623754859,27136.0,768.0
TCGA-2F-A9KR,8,126,0.0031038515735417604,18688.0,11776.0
TCGA-2F-A9KT,4,1,0.1996564120054245,3584.0,24576.0
TCGA-2F-A9KT,12,2,0.19606487452983856,5120.0,15616.0
TCGA-2F-A9KT,36,3,0.004480848554521799,17152.0,7680.0
TCGA-2F-A9KT,123,4,0.0044804406352341175,21504.0,17408.0
TCGA-2F-A9KT,63,5,0.004480061121284962,20224.0,8704.0
TCGA-2F-A9KT,130,6,0.004479767754673958,12032.0,12288.0
TCGA-2F-A9KT,111,7,0.004479530267417431,14336.0,15872.0
TCGA-2F-A9KT,53,8,0.004479526542127132,28416.0,10240.0
TCGA-2F-A9KT,42,9,0.004478792659938335,26624.0,14848.0
TCGA-2F-A9KT,47,10,0.004478702787309885,20480.0,21248.0
TCGA-2F-A9KT,35,11,0.004478666000068188,20224.0,4864.0
TCGA-2F-A9KT,26,12,0.004478654358536005,4352.0,18688.0
TCGA-2F-A9KT,94,13,0.004478647373616695,13312.0,6912.0
TCGA-2F-A9KT,59,14,0.004478638060390949,14336.0,12032.0
TCGA-2F-A9KT,23,15,0.004478577058762312,22272.0,17408.0
TCGA-2F-A9KT,99,16,0.004478541202843189,8960.0,21248.0
TCGA-2F-A9KT,55,17,0.00447853934019804,15616.0,5888.0
TCGA-2F-A9KT,51,18,0.004478366579860449,15360.0,7936.0
TCGA-2F-A9KT,78,19,0.004478333052247763,2560.0,18688.0
TCGA-2F-A9KT,15,20,0.004478313494473696,2816.0,12288.0
TCGA-2F-A9KT,96,21,0.004478162154555321,21504.0,14592.0
TCGA-2F-A9KT,110,22,0.004478146322071552,3328.0,16640.0
TCGA-2F-A9KT,43,23,0.004478097427636385,19200.0,4096.0
TCGA-2F-A9KT,89,24,0.004478087183088064,26880.0,5888.0
TCGA-2F-A9KT,72,25,0.004478020127862692,10240.0,25088.0
TCGA-2F-A9KT,115,26,0.004477912560105324,10240.0,23552.0
TCGA-2F-A9KT,113,27,0.004477900452911854,13312.0,23552.0
TCGA-2F-A9KT,87,28,0.004477834329009056,21760.0,14080.0
TCGA-2F-A9KT,70,29,0.004477773327380419,1280.0,14592.0
TCGA-2F-A9KT,95,30,0.004477687180042267,14080.0,6656.0
TCGA-2F-A9KT,126,31,0.004477684386074543,15616.0,18688.0
TCGA-2F-A9KT,91,32,0.0044775549322366714,22784.0,16128.0
TCGA-2F-A9KT,97,33,0.004477499518543482,16384.0,7680.0
TCGA-2F-A9KT,105,34,0.0044774748384952545,11264.0,23808.0
TCGA-2F-A9KT,117,35,0.004477342125028372,14080.0,12544.0
TCGA-2F-A9KT,108,36,0.004477238282561302,23040.0,19200.0
TCGA-2F-A9KT,45,37,0.004477206151932478,12800.0,7680.0
TCGA-2F-A9KT,37,38,0.004477185197174549,10752.0,23808.0
TCGA-2F-A9KT,7,39,0.004477169830352068,12032.0,8960.0
TCGA-2F-A9KT,131,40,0.004477162379771471,12032.0,12800.0
TCGA-2F-A9KT,14,41,0.004477136768400669,30208.0,21504.0
TCGA-2F-A9KT,33,42,0.004477136768400669,22016.0,14848.0
TCGA-2F-A9KT,62,43,0.004477136768400669,28160.0,8192.0
TCGA-2F-A9KT,24,44,0.004477127455174923,9216.0,9216.0
TCGA-2F-A9KT,60,45,0.0044770557433366776,28160.0,17664.0
TCGA-2F-A9KT,88,46,0.004476992879062891,19712.0,7424.0
TCGA-2F-A9KT,119,47,0.004476991482079029,20224.0,8960.0
TCGA-2F-A9KT,34,48,0.004476973321288824,13056.0,8960.0
TCGA-2F-A9KT,133,49,0.004476914647966623,7936.0,9728.0
TCGA-2F-A9KT,80,50,0.004476899281144142,3584.0,19456.0
TCGA-2F-A9KT,109,51,0.004476834088563919,13824.0,7936.0
TCGA-2F-A9KT,98,52,0.0044768210500478745,7680.0,20480.0
TCGA-2F-A9KT,114,53,0.004476794973015785,10240.0,9472.0
TCGA-2F-A9KT,8,54,0.0044767665676772594,21760.0,16384.0
TCGA-2F-A9KT,106,55,0.004476757254451513,27904.0,19200.0
TCGA-2F-A9KT,86,56,0.004476752132177353,6656.0,15616.0
TCGA-2F-A9KT,9,57,0.004476694855839014,4352.0,22784.0
TCGA-2F-A9KT,38,58,0.00447667483240366,12288.0,16384.0
TCGA-2F-A9KT,85,59,0.004476656671613455,14336.0,19200.0
TCGA-2F-A9KT,25,60,0.004476596135646105,24832.0,6400.0
TCGA-2F-A9KT,58,61,0.004476555623114109,13056.0,13312.0
TCGA-2F-A9KT,44,62,0.004476506263017654,2816.0,18176.0
TCGA-2F-A9KT,22,63,0.004476494621485472,13568.0,15872.0
TCGA-2F-A9KT,112,64,0.004476489499211311,7680.0,14848.0
TCGA-2F-A9KT,65,65,0.004476489033550024,21248.0,19968.0
TCGA-2F-A9KT,17,66,0.004476483911275864,17152.0,20480.0
TCGA-2F-A9KT,19,67,0.0044764140620827675,19712.0,15360.0
TCGA-2F-A9KT,121,68,0.004476264584809542,4864.0,23552.0
TCGA-2F-A9KT,11,69,0.004476216621696949,13312.0,13568.0
TCGA-2F-A9KT,68,70,0.004476209171116352,15616.0,22272.0
TCGA-2F-A9KT,50,71,0.004476204514503479,12800.0,19200.0
TCGA-2F-A9KT,83,72,0.004476160742342472,11264.0,24064.0
TCGA-2F-A9KT,134,73,0.004476088564842939,3584.0,12032.0
TCGA-2F-A9KT,66,74,0.004476078320294619,24832.0,21504.0
TCGA-2F-A9KT,102,75,0.004476069938391447,29696.0,13056.0
TCGA-2F-A9KT,6,76,0.004476039204746485,21504.0,18944.0
TCGA-2F-A9KT,73,77,0.004476005211472511,20736.0,16384.0
TCGA-2F-A9KT,135,78,0.004475997760891914,7168.0,11520.0
TCGA-2F-A9KT,81,79,0.004475981928408146,9728.0,24320.0
TCGA-2F-A9KT,57,80,0.004475947003811598,27648.0,15360.0
TCGA-2F-A9KT,104,81,0.004475945141166449,7168.0,6144.0
TCGA-2F-A9KT,136,82,0.004475942347198725,16896.0,12544.0
TCGA-2F-A9KT,30,83,0.004475910682231188,28672.0,20992.0
TCGA-2F-A9KT,48,84,0.004475840833038092,18944.0,13568.0
TCGA-2F-A9KT,92,85,0.004475829191505909,22272.0,12032.0
TCGA-2F-A9KT,10,86,0.004475794732570648,20992.0,19968.0
TCGA-2F-A9KT,93,87,0.0044757407158613205,3584.0,7424.0
TCGA-2F-A9KT,116,88,0.004475690424442291,17152.0,12032.0
TCGA-2F-A9KT,40,89,0.004475661553442478,12800.0,14080.0
TCGA-2F-A9KT,20,90,0.0044756364077329636,14592.0,6144.0
TCGA-2F-A9KT,52,91,0.0044756135903298855,20224.0,12800.0
TCGA-2F-A9KT,49,92,0.004475497640669346,27136.0,7936.0
TCGA-2F-A9KT,61,93,0.004475459456443787,14848.0,14080.0
TCGA-2F-A9KT,64,94,0.004475452471524477,18944.0,14336.0
TCGA-2F-A9KT,56,95,0.004475400783121586,8960.0,14336.0
TCGA-2F-A9KT,27,96,0.004475349560379982,8704.0,8448.0
TCGA-2F-A9KT,13,97,0.004475316498428583,3072.0,9216.0
TCGA-2F-A9KT,75,98,0.004475266672670841,28160.0,18176.0
TCGA-2F-A9KT,90,99,0.004475264810025692,17664.0,20480.0
TCGA-2F-A9KT,100,100,0.004475238732993603,12032.0,20992.0
TCGA-2F-A9KT,127,101,0.0044752201065421104,10496.0,14080.0
TCGA-2F-A9KT,31,102,0.0044751036912202835,28672.0,22272.0
TCGA-2F-A9KT,107,103,0.004475046414881945,9728.0,9984.0
TCGA-2F-A9KT,120,104,0.004475030582398176,8448.0,9216.0
TCGA-2F-A9KT,79,105,0.004474982153624296,8448.0,10240.0
TCGA-2F-A9KT,76,106,0.0044749462977051735,22016.0,14080.0
TCGA-2F-A9KT,67,107,0.004474940709769726,3840.0,17664.0
TCGA-2F-A9KT,41,108,0.0044749281369149685,2816.0,16384.0
TCGA-2F-A9KT,118,109,0.00447484478354454,20736.0,10240.0
TCGA-2F-A9KT,128,110,0.004474794492125511,9984.0,12032.0
TCGA-2F-A9KT,122,111,0.004474783316254616,8192.0,12800.0
TCGA-2F-A9KT,69,112,0.004474683664739132,1024.0,10752.0
TCGA-2F-A9KT,28,113,0.004474653862416744,10240.0,12032.0
TCGA-2F-A9KT,125,114,0.004474424757063389,20480.0,11264.0
TCGA-2F-A9KT,82,115,0.004474414978176355,9472.0,25088.0
TCGA-2F-A9KT,16,116,0.004474346991628408,7168.0,25344.0
TCGA-2F-A9KT,129,117,0.004474249668419361,13312.0,11264.0
TCGA-2F-A9KT,32,118,0.004474213812500238,28672.0,20480.0
TCGA-2F-A9KT,77,119,0.004474172834306955,4864.0,20224.0
TCGA-2F-A9KT,0,120,0.0044739460572600365,21760.0,4096.0
TCGA-2F-A9KT,1,121,0.0044739097356796265,18688.0,4864.0
TCGA-2F-A9KT,71,122,0.00447373790666461,1536.0,8704.0
TCGA-2F-A9KT,3,123,0.00447360472753644,6144.0,8192.0
TCGA-2F-A9KT,101,124,0.004473521374166012,7680.0,6144.0
TCGA-2F-A9KT,54,125,0.0044734887778759,6912.0,11008.0
TCGA-2F-A9KT,39,126,0.004473481327295303,15360.0,19200.0
TCGA-2F-A9KT,74,127,0.00447333138436079,9472.0,7168.0
TCGA-2F-A9KT,18,128,0.004473325330764055,11520.0,20736.0
TCGA-2F-A9KT,132,129,0.004473320674151182,19200.0,21760.0
TCGA-2F-A9KT,2,130,0.004473276901990175,20480.0,5120.0
TCGA-2F-A9KT,124,131,0.004473020788282156,11008.0,7936.0
TCGA-2F-A9KT,29,132,0.00447247875854373,28928.0,20736.0
TCGA-2F-A9KT,103,133,0.0044721513986587524,29440.0,14080.0
TCGA-2F-A9KT,46,134,0.004471986088901758,13824.0,19200.0
TCGA-2F-A9KT,21,135,0.004470509011298418,3840.0,14080.0
TCGA-2F-A9KT,5,136,0.004470329266041517,30208.0,19712.0
TCGA-2F-A9KT,84,137,0.004469169769436121,15360.0,22784.0
TCGA-2F-A9KW,26,1,0.007814195938408375,9984.0,23040.0
TCGA-2F-A9KW,72,2,0.007810158189386129,6400.0,12544.0
TCGA-2F-A9KW,63,3,0.0078063528053462505,10240.0,16640.0
TCGA-2F-A9KW,36,4,0.007806224282830954,5120.0,4352.0
TCGA-2F-A9KW,94,5,0.007802510634064674,9728.0,9984.0
TCGA-2F-A9KW,130,6,0.007801372557878494,9216.0,8448.0
TCGA-2F-A9KW,96,7,0.007799272425472736,15616.0,17408.0
TCGA-2F-A9KW,102,8,0.007798802573233843,23296.0,6656.0
TCGA-2F-A9KW,70,9,0.0077981301583349705,25088.0,19712.0
TCGA-2F-A9KW,105,10,0.007796963211148977,6656.0,6656.0
TCGA-2F-A9KW,27,11,0.007796488702297211,17152.0,14592.0
TCGA-2F-A9KW,95,12,0.007795787416398525,11520.0,11520.0
TCGA-2F-A9KW,30,13,0.00779334269464016,27392.0,1280.0
TCGA-2F-A9KW,78,14,0.007793063763529062,27392.0,20992.0
TCGA-2F-A9KW,38,15,0.007791843265295029,12032.0,13568.0
TCGA-2F-A9KW,37,16,0.007791674695909023,12288.0,2048.0
TCGA-2F-A9KW,25,17,0.007791436277329922,8192.0,7680.0
TCGA-2F-A9KW,35,18,0.007791122887283564,3840.0,5376.0
TCGA-2F-A9KW,73,19,0.007789925206452608,10496.0,9472.0
TCGA-2F-A9KW,24,20,0.007789825089275837,27392.0,22016.0
TCGA-2F-A9KW,97,21,0.007789292838424444,6144.0,16896.0
TCGA-2F-A9KW,66,22,0.0077888015657663345,19456.0,18688.0
TCGA-2F-A9KW,100,23,0.007788673974573612,18688.0,13568.0
TCGA-2F-A9KW,68,24,0.007788483984768391,9728.0,20992.0
TCGA-2F-A9KW,80,25,0.007788258139044046,6144.0,20480.0
TCGA-2F-A9KW,69,26,0.007787381298840046,10240.0,13312.0
TCGA-2F-A9KW,40,27,0.007786814123392105,26368.0,22272.0
TCGA-2F-A9KW,33,28,0.007786554750055075,13056.0,10240.0
TCGA-2F-A9KW,31,29,0.007786266040056944,4096.0,16384.0
TCGA-2F-A9KW,79,30,0.007786235306411982,27648.0,7424.0
TCGA-2F-A9KW,81,31,0.007786072790622711,12032.0,12800.0
TCGA-2F-A9KW,65,32,0.007785945665091276,24576.0,6656.0
TCGA-2F-A9KW,45,33,0.007785764988511801,24064.0,1536.0
TCGA-2F-A9KW,43,34,0.007785700261592865,13824.0,1280.0
TCGA-2F-A9KW,41,35,0.0077856252901256084,1792.0,11776.0
TCGA-2F-A9KW,71,36,0.007785147987306118,13312.0,14848.0
TCGA-2F-A9KW,131,37,0.007783995941281319,25856.0,14592.0
TCGA-2F-A9KW,34,38,0.007783715613186359,2048.0,12032.0
TCGA-2F-A9KW,108,39,0.007783595472574234,28160.0,7424.0
TCGA-2F-A9KW,32,40,0.007783438544720411,27904.0,11264.0
TCGA-2F-A9KW,67,41,0.007783433888107538,28416.0,10752.0
TCGA-2F-A9KW,115,42,0.00778189254924655,4608.0,19968.0
TCGA-2F-A9KW,44,43,0.00778106739744544,28672.0,16384.0
TCGA-2F-A9KW,106,44,0.007780957035720348,28416.0,4352.0
TCGA-2F-A9KW,60,45,0.007780544925481081,20992.0,19968.0
TCGA-2F-A9KW,101,46,0.007780337706208229,24576.0,20480.0
TCGA-2F-A9KW,113,47,0.007779903244227171,31232.0,19968.0
TCGA-2F-A9KW,133,48,0.007778101600706577,23040.0,3328.0
TCGA-2F-A9KW,103,49,0.007778058759868145,19456.0,14336.0
TCGA-2F-A9KW,134,50,0.007778043393045664,25344.0,17152.0
TCGA-2F-A9KW,64,51,0.0077775525860488415,12032.0,19200.0
TCGA-2F-A9KW,39,52,0.007777126971632242,28672.0,6912.0
TCGA-2F-A9KW,55,53,0.007776110433042049,20480.0,17152.0
TCGA-2F-A9KW,74,54,0.007776091806590557,16128.0,15872.0
TCGA-2F-A9KW,136,55,0.007775783538818359,22784.0,17408.0
TCGA-2F-A9KW,107,56,0.007775695528835058,2048.0,23296.0
TCGA-2F-A9KW,114,57,0.0077753374353051186,29440.0,8448.0
TCGA-2F-A9KW,82,58,0.007774554193019867,7936.0,19968.0
TCGA-2F-A9KW,135,59,0.007774348370730877,6400.0,20480.0
TCGA-2F-A9KW,110,60,0.00777433579787612,21504.0,19968.0
TCGA-2F-A9KW,1,61,0.007774289697408676,6912.0,17152.0
TCGA-2F-A9KW,3,62,0.00777421472594142,20992.0,10240.0
TCGA-2F-A9KW,75,63,0.007773158140480518,13312.0,18944.0
TCGA-2F-A9KW,129,64,0.007773089688271284,9216.0,9728.0
TCGA-2F-A9KW,2,65,0.007772980723530054,23296.0,17152.0
TCGA-2F-A9KW,59,66,0.007772945798933506,14848.0,14848.0
TCGA-2F-A9KW,0,67,0.0077722398564219475,27392.0,11264.0
TCGA-2F-A9KW,121,68,0.007771287579089403,4352.0,16640.0
TCGA-2F-A9KW,20,69,0.007768108509480953,26112.0,15872.0
TCGA-2F-A9KW,62,70,0.007767253555357456,24064.0,18176.0
TCGA-2F-A9KW,76,71,0.007766737602651119,11008.0,17920.0
TCGA-2F-A9KW,109,72,0.007765783928334713,31744.0,18176.0
TCGA-2F-A9KW,77,73,0.007765570655465126,16640.0,15872.0
TCGA-2F-A9KW,137,74,0.0077648041769862175,23040.0,20736.0
TCGA-2F-A9KW,19,75,0.0077645075507462025,3840.0,12032.0
TCGA-2F-A9KW,11,76,0.007764264941215515,2048.0,10240.0
TCGA-2F-A9KW,22,77,0.007764049805700779,29184.0,17408.0
TCGA-2F-A9KW,116,78,0.007763606961816549,4864.0,9216.0
TCGA-2F-A9KW,132,79,0.007763377856463194,26624.0,15616.0
TCGA-2F-A9KW,120,80,0.0077627613209187984,4864.0,14848.0
TCGA-2F-A9KW,56,81,0.007760207634419203,13056.0,14080.0
TCGA-2F-A9KW,89,82,0.00776005070656538,25344.0,3584.0
TCGA-2F-A9KW,9,83,0.007758012507110834,22272.0,16640.0
TCGA-2F-A9KW,12,84,0.007754424121230841,15104.0,3328.0
TCGA-2F-A9KW,21,85,0.007753283251076937,17152.0,13056.0
TCGA-2F-A9KW,10,86,0.007749562151730061,32768.0,18432.0
TCGA-2F-A9KW,61,87,0.007748603820800781,7168.0,4352.0
TCGA-2F-A9KW,46,88,0.007747867610305548,24576.0,22272.0
TCGA-2F-A9KW,28,89,0.007744485978037119,25856.0,15360.0
TCGA-2F-A9KW,15,90,0.007743414491415024,23040.0,17920.0
TCGA-2F-A9KW,51,91,0.007739934138953686,3584.0,8448.0
TCGA-2F-A9KW,90,92,0.0077388230711221695,4096.0,9984.0
TCGA-2F-A9KW,29,93,0.007737311534583569,27904.0,16640.0
TCGA-2F-A9KW,14,94,0.007734998594969511,7424.0,7424.0
TCGA-2F-A9KW,91,95,0.007734427694231272,10496.0,22784.0
TCGA-2F-A9KW,93,96,0.007733004633337259,24320.0,9472.0
TCGA-2F-A9KW,50,97,0.007732763886451721,5888.0,22016.0
TCGA-2F-A9KW,111,98,0.0077326190657913685,18688.0,2560.0
TCGA-2F-A9KW,86,99,0.007732389494776726,17920.0,16896.0
TCGA-2F-A9KW,138,100,0.007730497047305107,23808.0,13312.0
TCGA-2F-A9KW,85,101,0.007730318699032068,23808.0,15616.0
TCGA-2F-A9KW,49,102,0.0077298167161643505,24832.0,23040.0
TCGA-2F-A9KW,48,103,0.007726605050265789,11008.0,5120.0
TCGA-2F-A9KW,124,104,0.007721336092799902,16128.0,11776.0
TCGA-2F-A9KW,84,105,0.007721108850091696,26112.0,22528.0
TCGA-2F-A9KW,13,106,0.007719955872744322,15360.0,2816.0
TCGA-2F-A9KW,92,107,0.007718504872173071,8448.0,11776.0
TCGA-2F-A9KW,83,108,0.007714895065873861,20480.0,5888.0
TCGA-2F-A9KW,8,109,0.007698065601289272,17408.0,18944.0
TCGA-2F-A9KW,47,110,0.007696100044995546,9216.0,11776.0
TCGA-2F-A9KW,112,111,0.00769532285630703,10496.0,9984.0
TCGA-2F-A9KW,5,112,0.005175785161554813,23552.0,16128.0
TCGA-2F-A9KW,125,113,0.005075429566204548,6656.0,10752.0
TCGA-2F-A9KW,17,114,0.005067629739642143,18432.0,16896.0
TCGA-2F-A9KW,52,115,0.005060043651610613,2560.0,16640.0
TCGA-2F-A9KW,18,116,0.005050898063927889,7168.0,9472.0
TCGA-2F-A9KW,87,117,0.005023485980927944,11520.0,21504.0
TCGA-2F-A9KW,126,118,0.0050203800201416016,6656.0,11008.0
TCGA-2F-A9KW,117,119,0.004959472920745611,10240.0,19200.0
TCGA-2F-A9KW,98,120,0.0049369074404239655,20736.0,9472.0
TCGA-2F-A9KW,6,121,0.0049346936866641045,7168.0,9216.0
TCGA-2F-A9KW,54,122,0.004934113472700119,16384.0,2816.0
TCGA-2F-A9KW,7,123,0.004933306947350502,10240.0,8704.0
TCGA-2F-A9KW,118,124,0.004932945594191551,17664.0,17152.0
TCGA-2F-A9KW,122,125,0.004895665217190981,22272.0,21760.0
TCGA-2F-A9KW,123,126,0.004882858134806156,16896.0,18176.0
TCGA-2F-A9KW,53,127,0.004882330074906349,13824.0,2304.0
TCGA-2F-A9KW,4,128,0.0048730820417404175,10752.0,26624.0
TCGA-2F-A9KW,128,129,0.004868073854595423,23552.0,14848.0
TCGA-2F-A9KW,88,130,0.00486399931833148,25600.0,15872.0
TCGA-2F-A9KW,127,131,0.00485923420637846,23808.0,13568.0
TCGA-2F-A9KW,104,132,0.0048558684065938,8960.0,23552.0
TCGA-2F-A9KW,16,133,0.004849693737924099,15360.0,3072.0
TCGA-2F-A9KW,23,134,0.004847541451454163,21504.0,18432.0
TCGA-2F-A9KW,99,135,0.004839582834392786,23296.0,17408.0
TCGA-2F-A9KW,119,136,0.0048284209333360195,18688.0,3328.0
TCGA-2F-A9KW,57,137,0.004785036668181419,7936.0,9728.0
TCGA-2F-A9KW,58,138,0.004736308008432388,8448.0,9216.0
TCGA-2F-A9KW,42,139,0.004679924808442593,9472.0,11776.0
TCGA-4Z-AA7M,4,1,0.05031614378094673,23552.0,13824.0
TCGA-4Z-AA7M,11,2,0.04862510412931442,1024.0,17408.0
TCGA-4Z-AA7M,36,3,0.00981406681239605,6656.0,7680.0
TCGA-4Z-AA7M,15,4,0.009809634648263454,10752.0,4864.0
TCGA-4Z-AA7M,26,5,0.009808650240302086,20480.0,11264.0
TCGA-4Z-AA7M,89,6,0.009806712158024311,20480.0,10752.0
TCGA-4Z-AA7M,35,7,0.009806510992348194,5120.0,5888.0
TCGA-4Z-AA7M,72,8,0.009805900044739246,7424.0,10240.0
TCGA-4Z-AA7M,14,9,0.009805073961615562,16640.0,9216.0
TCGA-4Z-AA7M,78,10,0.009804479777812958,6400.0,8192.0
TCGA-4Z-AA7M,60,11,0.00980403646826744,5632.0,11264.0
TCGA-4Z-AA7M,70,12,0.009803924709558487,5888.0,7168.0
TCGA-4Z-AA7M,42,13,0.009803141467273235,3328.0,15616.0
TCGA-4Z-AA7M,65,14,0.009802860207855701,15104.0,2304.0
TCGA-4Z-AA7M,47,15,0.009802617132663727,3072.0,15360.0
TCGA-4Z-AA7M,59,16,0.009801933541893959,4096.0,10240.0
TCGA-4Z-AA7M,43,17,0.00980113074183464,1792.0,16640.0
TCGA-4Z-AA7M,87,18,0.009800979867577553,5632.0,4096.0
TCGA-4Z-AA7M,53,19,0.009800939820706844,5376.0,19968.0
TCGA-4Z-AA7M,30,20,0.009800870902836323,11264.0,19456.0
TCGA-4Z-AA7M,55,21,0.009800830855965614,19712.0,11264.0
TCGA-4Z-AA7M,80,22,0.009800519794225693,12544.0,19968.0
TCGA-4Z-AA7M,86,23,0.00979999266564846,5632.0,5376.0
TCGA-4Z-AA7M,17,24,0.009799259714782238,6656.0,18688.0
TCGA-4Z-AA7M,93,25,0.009798887185752392,6912.0,5120.0
TCGA-4Z-AA7M,91,26,0.009798656217753887,4608.0,15872.0
TCGA-4Z-AA7M,88,27,0.009798604995012283,20224.0,11776.0
TCGA-4Z-AA7M,37,28,0.009797921404242516,3840.0,9728.0
TCGA-4Z-AA7M,31,29,0.009797891601920128,6144.0,18432.0
TCGA-4Z-AA7M,79,30,0.009797781705856323,5376.0,10240.0
TCGA-4Z-AA7M,34,31,0.00979754701256752,5376.0,8704.0
TCGA-4Z-AA7M,45,32,0.009797288104891777,7168.0,4096.0
TCGA-4Z-AA7M,23,33,0.00979683268815279,5120.0,13056.0
TCGA-4Z-AA7M,62,34,0.00979668740183115,20224.0,11264.0
TCGA-4Z-AA7M,16,35,0.009796641767024994,13056.0,3584.0
TCGA-4Z-AA7M,13,36,0.009796318598091602,5632.0,9728.0
TCGA-4Z-AA7M,44,37,0.009796061553061008,3840.0,15104.0
TCGA-4Z-AA7M,12,38,0.009795918129384518,7936.0,12800.0
TCGA-4Z-AA7M,81,39,0.009795605204999447,5888.0,7680.0
TCGA-4Z-AA7M,61,40,0.009795324876904488,22272.0,12288.0
TCGA-4Z-AA7M,27,41,0.009795288555324078,4864.0,8192.0
TCGA-4Z-AA7M,85,42,0.009795251302421093,6144.0,18688.0
TCGA-4Z-AA7M,38,43,0.009794972836971283,6912.0,21248.0
TCGA-4Z-AA7M,33,44,0.009794803336262703,4864.0,7168.0
TCGA-4Z-AA7M,83,45,0.009794765152037144,3584.0,19712.0
TCGA-4Z-AA7M,58,46,0.009794319979846478,13056.0,21504.0
TCGA-4Z-AA7M,64,47,0.009794152341783047,6400.0,8960.0
TCGA-4Z-AA7M,66,48,0.009793894365429878,1024.0,17920.0
TCGA-4Z-AA7M,76,49,0.009793887846171856,6912.0,11264.0
TCGA-4Z-AA7M,32,50,0.009793589822947979,17152.0,7680.0
TCGA-4Z-AA7M,56,51,0.009793482720851898,12544.0,15616.0
TCGA-4Z-AA7M,63,52,0.009793471544981003,3328.0,20224.0
TCGA-4Z-AA7M,51,53,0.009793330915272236,4864.0,19968.0
TCGA-4Z-AA7M,68,54,0.009793268516659737,2816.0,18688.0
TCGA-4Z-AA7M,73,55,0.009793257340788841,7680.0,19200.0
TCGA-4Z-AA7M,9,56,0.009793229401111603,5632.0,7680.0
TCGA-4Z-AA7M,75,57,0.00979312602430582,4352.0,11776.0
TCGA-4Z-AA7M,19,58,0.009792791679501534,6912.0,8448.0
TCGA-4Z-AA7M,20,59,0.00979197770357132,6912.0,8704.0
TCGA-4Z-AA7M,57,60,0.009791325777769089,5632.0,16384.0
TCGA-4Z-AA7M,24,61,0.009791013784706593,2560.0,16896.0
TCGA-4Z-AA7M,40,62,0.009790748357772827,4096.0,20992.0
TCGA-4Z-AA7M,90,63,0.00979074276983738,5632.0,20992.0
TCGA-4Z-AA7M,77,64,0.009790643118321896,4096.0,11520.0
TCGA-4Z-AA7M,8,65,0.009790612384676933,2048.0,15616.0
TCGA-4Z-AA7M,84,66,0.009789999574422836,5888.0,17408.0
TCGA-4Z-AA7M,67,67,0.009789948351681232,3840.0,19968.0
TCGA-4Z-AA7M,25,68,0.009789788164198399,4352.0,18688.0
TCGA-4Z-AA7M,6,69,0.009789780713617802,23808.0,8960.0
TCGA-4Z-AA7M,69,70,0.0097897257655859,768.0,17152.0
TCGA-4Z-AA7M,29,71,0.009789693169295788,21504.0,13056.0
TCGA-4Z-AA7M,1,72,0.009789599105715752,16640.0,16128.0
TCGA-4Z-AA7M,48,73,0.009789525531232357,5888.0,6400.0
TCGA-4Z-AA7M,71,74,0.009789460338652134,9216.0,3072.0
TCGA-4Z-AA7M,92,75,0.00978945568203926,8192.0,21248.0
TCGA-4Z-AA7M,82,76,0.009789275005459785,5376.0,4352.0
TCGA-4Z-AA7M,41,77,0.00978922937065363,23808.0,10240.0
TCGA-4Z-AA7M,10,78,0.009788455441594124,5120.0,11520.0
TCGA-4Z-AA7M,3,79,0.009788249619305134,10240.0,16640.0
TCGA-4Z-AA7M,52,80,0.00978782307356596,7936.0,3840.0
TCGA-4Z-AA7M,0,81,0.009787444956600666,11008.0,19712.0
TCGA-4Z-AA7M,22,82,0.009787349961698055,4864.0,11264.0
TCGA-4Z-AA7M,28,83,0.009786306880414486,4864.0,13568.0
TCGA-4Z-AA7M,49,84,0.009785637259483337,5632.0,11008.0
TCGA-4Z-AA7M,50,85,0.009785542264580727,4608.0,20736.0
TCGA-4Z-AA7M,2,86,0.009784933179616928,11008.0,3072.0
TCGA-4Z-AA7M,74,87,0.009784421883523464,8192.0,14592.0
TCGA-4Z-AA7M,39,88,0.009783826768398285,8704.0,2816.0
TCGA-4Z-AA7M,18,89,0.009783579036593437,4864.0,14848.0
TCGA-4Z-AA7M,21,90,0.00978350080549717,6912.0,9216.0
TCGA-4Z-AA7M,54,91,0.009779938496649265,4864.0,6912.0
TCGA-4Z-AA7M,7,92,0.009779158048331738,4864.0,11520.0
TCGA-4Z-AA7M,46,93,0.009779122658073902,4608.0,8448.0
TCGA-4Z-AA7M,5,94,0.009761997498571873,21504.0,12288.0
TCGA-4Z-AA7N,26,1,0.012935761362314224,16128.0,14592.0
TCGA-4Z-AA7N,85,2,0.012927725911140442,2304.0,13824.0
TCGA-4Z-AA7N,5,3,0.012796836905181408,26112.0,4864.0
TCGA-4Z-AA7N,24,4,0.012668605893850327,19968.0,11520.0
TCGA-4Z-AA7N,52,5,0.012653808109462261,20224.0,10240.0
TCGA-4Z-AA7N,99,6,0.012622574344277382,2304.0,13568.0
TCGA-4Z-AA7N,25,7,0.01246531680226326,24576.0,10240.0
TCGA-4Z-AA7N,6,8,0.012285348027944565,20480.0,11776.0
TCGA-4Z-AA7N,53,9,0.01225025299936533,21760.0,9472.0
TCGA-4Z-AA7N,4,10,0.012119559571146965,12800.0,16896.0
TCGA-4Z-AA7N,88,11,0.012111077085137367,13056.0,16896.0
TCGA-4Z-AA7N,108,12,0.01202001329511404,24576.0,6144.0
TCGA-4Z-AA7N,43,13,0.011953898705542088,23040.0,9216.0
TCGA-4Z-AA7N,89,14,0.011772594414651394,23808.0,7424.0
TCGA-4Z-AA7N,16,15,0.011098657734692097,19200.0,11008.0
TCGA-4Z-AA7N,63,16,0.006196221802383661,18688.0,4608.0
TCGA-4Z-AA7N,123,17,0.006195656023919582,22528.0,6400.0
TCGA-4Z-AA7N,93,18,0.00619562529027462,16896.0,11520.0
TCGA-4Z-AA7N,138,19,0.0061949011869728565,20224.0,10752.0
TCGA-4Z-AA7N,91,20,0.006193425506353378,3328.0,10240.0
TCGA-4Z-AA7N,47,21,0.006193043664097786,15872.0,7680.0
TCGA-4Z-AA7N,115,22,0.006192473229020834,18944.0,4352.0
TCGA-4Z-AA7N,30,23,0.006192227825522423,14848.0,9728.0
TCGA-4Z-AA7N,142,24,0.006192183122038841,22784.0,12544.0
TCGA-4Z-AA7N,45,25,0.00619160570204258,6656.0,12544.0
TCGA-4Z-AA7N,130,26,0.006191267631947994,4608.0,2304.0
TCGA-4Z-AA7N,105,27,0.006190557032823563,25856.0,6400.0
TCGA-4Z-AA7N,113,28,0.006190478336066008,11776.0,12032.0
TCGA-4Z-AA7N,15,29,0.006190112326294184,3584.0,1536.0
TCGA-4Z-AA7N,42,30,0.006189890671521425,2304.0,4608.0
TCGA-4Z-AA7N,51,31,0.0061894673854112625,7168.0,14592.0
TCGA-4Z-AA7N,44,32,0.006189131177961826,15872.0,5888.0
TCGA-4Z-AA7N,111,33,0.0061890734359622,8704.0,2816.0
TCGA-4Z-AA7N,78,34,0.006188578438013792,4096.0,15360.0
TCGA-4Z-AA7N,114,35,0.006188498344272375,19200.0,5632.0
TCGA-4Z-AA7N,117,36,0.00618842663243413,6400.0,13568.0
TCGA-4Z-AA7N,55,37,0.006188190076500177,13312.0,14592.0
TCGA-4Z-AA7N,31,38,0.006187689024955034,15872.0,10240.0
TCGA-4Z-AA7N,70,39,0.006187682505697012,22528.0,11264.0
TCGA-4Z-AA7N,119,40,0.006187672261148691,20480.0,13056.0
TCGA-4Z-AA7N,98,41,0.006186829414218664,19456.0,17152.0
TCGA-4Z-AA7N,34,42,0.0061866287142038345,7168.0,5120.0
TCGA-4Z-AA7N,90,43,0.0061860717833042145,10752.0,5632.0
TCGA-4Z-AA7N,92,44,0.0061860294081270695,11264.0,11008.0
TCGA-4Z-AA7N,143,45,0.006185315083712339,20736.0,11776.0
TCGA-4Z-AA7N,14,46,0.006185089237987995,2304.0,3584.0
TCGA-4Z-AA7N,27,47,0.006185038015246391,4352.0,8704.0
TCGA-4Z-AA7N,140,48,0.006184966303408146,18176.0,13568.0
TCGA-4Z-AA7N,131,49,0.006184942089021206,8448.0,1280.0
TCGA-4Z-AA7N,141,50,0.00618476839736104,19968.0,8960.0
TCGA-4Z-AA7N,33,51,0.006184403784573078,17664.0,5888.0
TCGA-4Z-AA7N,126,52,0.006184268277138472,14592.0,17152.0
TCGA-4Z-AA7N,65,53,0.006184188183397055,13056.0,8448.0
TCGA-4Z-AA7N,95,54,0.006183856166899204,23296.0,3840.0
TCGA-4Z-AA7N,79,55,0.00618381891399622,22272.0,14848.0
TCGA-4Z-AA7N,96,56,0.00618381891399622,20480.0,2816.0
TCGA-4Z-AA7N,144,57,0.006183592136949301,16384.0,7680.0
TCGA-4Z-AA7N,104,58,0.006183513440191746,13824.0,14080.0
TCGA-4Z-AA7N,58,59,0.006183445919305086,22272.0,12544.0
TCGA-4Z-AA7N,133,60,0.006183365825563669,24832.0,7168.0
TCGA-4Z-AA7N,121,61,0.006183317396789789,9728.0,15872.0
TCGA-4Z-AA7N,134,62,0.006182975135743618,24832.0,3072.0
TCGA-4Z-AA7N,136,63,0.006182876415550709,13312.0,11008.0
TCGA-4Z-AA7N,66,64,0.00618264963850379,13056.0,9216.0
TCGA-4Z-AA7N,23,65,0.006182619836181402,22784.0,5376.0
TCGA-4Z-AA7N,13,66,0.006182536017149687,19200.0,3328.0
TCGA-4Z-AA7N,28,67,0.006182412151247263,10496.0,2816.0
TCGA-4Z-AA7N,50,68,0.006181913893669844,14080.0,10240.0
TCGA-4Z-AA7N,32,69,0.006181895267218351,8192.0,9472.0
TCGA-4Z-AA7N,56,70,0.006181829143315554,19200.0,6144.0
TCGA-4Z-AA7N,109,71,0.0061811720952391624,18176.0,4864.0
TCGA-4Z-AA7N,135,72,0.006181151606142521,17152.0,14336.0
TCGA-4Z-AA7N,106,73,0.006181066855788231,2304.0,15104.0
TCGA-4Z-AA7N,110,74,0.006180998403578997,7680.0,2560.0
TCGA-4Z-AA7N,128,75,0.006180808879435062,4096.0,3072.0
TCGA-4Z-AA7N,49,76,0.006180708762258291,5376.0,4608.0
TCGA-4Z-AA7N,68,77,0.006180688738822937,16640.0,13824.0
TCGA-4Z-AA7N,112,78,0.0061804428696632385,6656.0,8704.0
TCGA-4Z-AA7N,97,79,0.006180302239954472,4352.0,9984.0
TCGA-4Z-AA7N,48,80,0.006180029362440109,16640.0,9984.0
TCGA-4Z-AA7N,64,81,0.00617990642786026,16384.0,7424.0
TCGA-4Z-AA7N,60,82,0.006179722957313061,17920.0,15872.0
TCGA-4Z-AA7N,29,83,0.006179699208587408,6912.0,7680.0
TCGA-4Z-AA7N,57,84,0.006179547868669033,20480.0,12032.0
TCGA-4Z-AA7N,118,85,0.006179410498589277,10496.0,16128.0
TCGA-4Z-AA7N,12,86,0.006179130170494318,18944.0,3840.0
TCGA-4Z-AA7N,40,87,0.006178791169077158,4352.0,2304.0
TCGA-4Z-AA7N,120,88,0.006178639363497496,17920.0,5888.0
TCGA-4Z-AA7N,69,89,0.006178578827530146,9728.0,12544.0
TCGA-4Z-AA7N,41,90,0.0061784302815794945,23296.0,11776.0
TCGA-4Z-AA7N,59,91,0.006177941337227821,3072.0,1792.0
TCGA-4Z-AA7N,102,92,0.00617782911285758,16384.0,15104.0
TCGA-4Z-AA7N,67,93,0.0061777024529874325,22272.0,13312.0
TCGA-4Z-AA7N,122,94,0.006177503149956465,22528.0,12288.0
TCGA-4Z-AA7N,116,95,0.0061774225905537605,18176.0,5888.0
TCGA-4Z-AA7N,20,96,0.00617734482511878,21504.0,11264.0
TCGA-4Z-AA7N,36,97,0.006177340168505907,20480.0,10240.0
TCGA-4Z-AA7N,1,98,0.006177240051329136,4608.0,4864.0
TCGA-4Z-AA7N,129,99,0.006177185103297234,21504.0,12800.0
TCGA-4Z-AA7N,3,100,0.006176781840622425,19456.0,5120.0
TCGA-4Z-AA7N,107,101,0.006176013965159655,20480.0,14080.0
TCGA-4Z-AA7N,62,102,0.006175717804580927,22784.0,15104.0
TCGA-4Z-AA7N,0,103,0.0061754803173244,15616.0,15104.0
TCGA-4Z-AA7N,76,104,0.006175427697598934,4096.0,15616.0
TCGA-4Z-AA7N,127,105,0.006175070069730282,21504.0,7168.0
TCGA-4Z-AA7N,2,106,0.006174516398459673,3840.0,5376.0
TCGA-4Z-AA7N,77,107,0.006174478679895401,19712.0,2560.0
TCGA-4Z-AA7N,125,108,0.006174358073621988,6912.0,12032.0
TCGA-4Z-AA7N,11,109,0.006173332687467337,22016.0,9728.0
TCGA-4Z-AA7N,139,110,0.006173203699290752,25088.0,8192.0
TCGA-4Z-AA7N,132,111,0.006172866094857454,3840.0,12800.0
TCGA-4Z-AA7N,87,112,0.006172651890665293,20224.0,16128.0
TCGA-4Z-AA7N,137,113,0.006172498222440481,25088.0,11264.0
TCGA-4Z-AA7N,39,114,0.006172360386699438,3840.0,3072.0
TCGA-4Z-AA7N,72,115,0.006170948501676321,10752.0,3584.0
TCGA-4Z-AA7N,46,116,0.006170645356178284,11264.0,13824.0
TCGA-4Z-AA7N,100,117,0.006170320324599743,8448.0,15872.0
TCGA-4Z-AA7N,22,118,0.006169998552650213,6400.0,3328.0
TCGA-4Z-AA7N,124,119,0.0061697992496192455,19200.0,16640.0
TCGA-4Z-AA7N,86,120,0.0061693512834608555,24576.0,3840.0
TCGA-4Z-AA7N,37,121,0.006169202737510204,10496.0,3840.0
TCGA-4Z-AA7N,9,122,0.0061686378903687,23040.0,6400.0
TCGA-4Z-AA7N,101,123,0.006168598309159279,20480.0,16896.0
TCGA-4Z-AA7N,21,124,0.0061683314852416515,22784.0,12800.0
TCGA-4Z-AA7N,38,125,0.006168016232550144,12544.0,8192.0
TCGA-4Z-AA7N,61,126,0.006167668383568525,23552.0,13312.0
TCGA-4Z-AA7N,103,127,0.006167416460812092,12800.0,9216.0
TCGA-4Z-AA7N,75,128,0.006167386192828417,20992.0,10240.0
TCGA-4Z-AA7N,8,129,0.00616454565897584,22016.0,11776.0
TCGA-4Z-AA7N,80,130,0.006164293270558119,25088.0,3328.0
TCGA-4Z-AA7N,10,131,0.00616369629278779,12288.0,7424.0
TCGA-4Z-AA7N,81,132,0.006161447614431381,18176.0,10240.0
TCGA-4Z-AA7N,74,133,0.006158759351819754,18432.0,9472.0
TCGA-4Z-AA7N,83,134,0.006157894153147936,17408.0,5120.0
TCGA-4Z-AA7N,82,135,0.006156674586236477,17152.0,4608.0
TCGA-4Z-AA7N,145,136,0.006156037095934153,14336.0,16640.0
TCGA-4Z-AA7N,73,137,0.006155687849968672,17664.0,13568.0
TCGA-4Z-AA7N,7,138,0.0061518545262515545,18688.0,13056.0
TCGA-4Z-AA7N,71,139,0.0061518363654613495,14080.0,7168.0
TCGA-4Z-AA7N,94,140,0.006146865431219339,25088.0,16384.0
TCGA-4Z-AA7N,84,141,0.00614510802552104,20736.0,17664.0
TCGA-4Z-AA7N,146,142,0.006143869366496801,23808.0,6400.0
TCGA-4Z-AA7N,18,143,0.006142445374280214,11776.0,6144.0
TCGA-4Z-AA7N,19,144,0.006141846999526024,12544.0,16896.0
TCGA-4Z-AA7N,35,145,0.006137247197329998,23040.0,11008.0
TCGA-4Z-AA7N,54,146,0.006132317706942558,17664.0,13056.0
TCGA-4Z-AA7N,17,147,0.006114681717008352,14080.0,17664.0
TCGA-4Z-AA7O,5,1,0.120771624147892,23808.0,13056.0
TCGA-4Z-AA7O,27,2,0.1145179271697998,18688.0,6144.0
TCGA-4Z-AA7O,55,3,0.11372118443250656,21248.0,4608.0
TCGA-4Z-AA7O,4,4,0.11042015254497528,19456.0,5376.0
TCGA-4Z-AA7O,42,5,0.10848301649093628,18176.0,6656.0
TCGA-4Z-AA7O,50,6,0.10748732835054398,20224.0,11264.0
TCGA-4Z-AA7O,43,7,0.10708198696374893,22016.0,9216.0
TCGA-4Z-AA7O,26,8,0.0016127679264172912,13568.0,9728.0
TCGA-4Z-AA7O,123,9,0.0016125253168866038,22784.0,3072.0
TCGA-4Z-AA7O,85,10,0.0016121293883770704,13056.0,13312.0
TCGA-4Z-AA7O,87,11,0.001612100750207901,11264.0,11776.0
TCGA-4Z-AA7O,99,12,0.0016120723448693752,17408.0,12800.0
TCGA-4Z-AA7O,130,13,0.0016120575601235032,18176.0,16384.0
TCGA-4Z-AA7O,23,14,0.0016120263608172536,22528.0,1792.0
TCGA-4Z-AA7O,36,15,0.0016120095970109105,15872.0,14592.0
TCGA-4Z-AA7O,24,16,0.0016119939973577857,11008.0,10752.0
TCGA-4Z-AA7O,33,17,0.0016119383508339524,15872.0,15104.0
TCGA-4Z-AA7O,98,18,0.0016119220526888967,21504.0,6400.0
TCGA-4Z-AA7O,11,19,0.0016118909697979689,26624.0,3840.0
TCGA-4Z-AA7O,113,20,0.001611861283890903,24576.0,7168.0
TCGA-4Z-AA7O,35,21,0.0016118551138788462,18176.0,5888.0
TCGA-4Z-AA7O,135,22,0.0016118522034958005,21248.0,11776.0
TCGA-4Z-AA7O,25,23,0.001611832296475768,13056.0,11520.0
TCGA-4Z-AA7O,59,24,0.0016118119237944484,23552.0,6400.0
TCGA-4Z-AA7O,19,25,0.001611807500012219,18432.0,9728.0
TCGA-4Z-AA7O,88,26,0.0016117844497784972,13568.0,9472.0
TCGA-4Z-AA7O,96,27,0.0016117828199639916,13312.0,15360.0
TCGA-4Z-AA7O,97,28,0.0016117824707180262,24320.0,7168.0
TCGA-4Z-AA7O,117,29,0.0016117756022140384,17664.0,9472.0
TCGA-4Z-AA7O,114,30,0.001611756975762546,16640.0,17152.0
TCGA-4Z-AA7O,86,31,0.0016117565101012588,27136.0,512.0
TCGA-4Z-AA7O,0,32,0.0016117518534883857,9472.0,16384.0
TCGA-4Z-AA7O,116,33,0.0016117406776174903,11520.0,15104.0
TCGA-4Z-AA7O,44,34,0.0016117248451337218,20224.0,4352.0
TCGA-4Z-AA7O,138,35,0.001611724030226469,26368.0,5120.0
TCGA-4Z-AA7O,78,36,0.0016117142513394356,18432.0,13056.0
TCGA-4Z-AA7O,115,37,0.0016117100603878498,23296.0,10752.0
TCGA-4Z-AA7O,89,38,0.0016117076156660914,14592.0,15616.0
TCGA-4Z-AA7O,38,39,0.0016117028426378965,22016.0,7680.0
TCGA-4Z-AA7O,121,40,0.0016116996994242072,10752.0,9984.0
TCGA-4Z-AA7O,70,41,0.0016116860788315535,19456.0,17664.0
TCGA-4Z-AA7O,91,42,0.0016116696642711759,20224.0,8704.0
TCGA-4Z-AA7O,65,43,0.001611662795767188,11776.0,14848.0
TCGA-4Z-AA7O,73,44,0.0016116573242470622,18432.0,15360.0
TCGA-4Z-AA7O,140,45,0.001611653482541442,23808.0,10496.0
TCGA-4Z-AA7O,30,46,0.0016116313636302948,19456.0,16896.0
TCGA-4Z-AA7O,34,47,0.00161162787117064,11008.0,14848.0
TCGA-4Z-AA7O,131,48,0.00161162787117064,22784.0,5888.0
TCGA-4Z-AA7O,22,49,0.0016116108745336533,20480.0,11776.0
TCGA-4Z-AA7O,100,50,0.001611605635844171,18688.0,12032.0
TCGA-4Z-AA7O,119,51,0.001611600979231298,12288.0,10496.0
TCGA-4Z-AA7O,47,52,0.0016115843318402767,22272.0,13568.0
TCGA-4Z-AA7O,93,53,0.0016115818871185184,14080.0,4096.0
TCGA-4Z-AA7O,10,54,0.0016115676844492555,14848.0,17664.0
TCGA-4Z-AA7O,106,55,0.001611556624993682,26880.0,1024.0
TCGA-4Z-AA7O,95,56,0.001611554529517889,22272.0,5376.0
TCGA-4Z-AA7O,108,57,0.0016115379985421896,26880.0,7680.0
TCGA-4Z-AA7O,45,58,0.001611530315130949,20480.0,14336.0
TCGA-4Z-AA7O,80,59,0.0016115265898406506,24320.0,3584.0
TCGA-4Z-AA7O,133,60,0.001611514249816537,16384.0,13312.0
TCGA-4Z-AA7O,109,61,0.0016114873578771949,14336.0,11520.0
TCGA-4Z-AA7O,53,62,0.001611479208804667,20992.0,10752.0
TCGA-4Z-AA7O,94,63,0.0016114780446514487,8704.0,10752.0
TCGA-4Z-AA7O,64,64,0.001611471874639392,16384.0,16384.0
TCGA-4Z-AA7O,128,65,0.0016114669851958752,22016.0,3328.0
TCGA-4Z-AA7O,104,66,0.0016114631434902549,21504.0,9216.0
TCGA-4Z-AA7O,57,67,0.0016114504542201757,23296.0,8704.0
TCGA-4Z-AA7O,120,68,0.001611441490240395,10496.0,9984.0
TCGA-4Z-AA7O,51,69,0.0016114392783492804,20736.0,13312.0
TCGA-4Z-AA7O,31,70,0.0016114229802042246,28416.0,512.0
TCGA-4Z-AA7O,1,71,0.0016114081954583526,19200.0,7424.0
TCGA-4Z-AA7O,67,72,0.0016114073805510998,25856.0,7936.0
TCGA-4Z-AA7O,58,73,0.0016113976016640663,23808.0,8192.0
TCGA-4Z-AA7O,68,74,0.0016113899182528257,21504.0,14336.0
TCGA-4Z-AA7O,134,75,0.0016113618621602654,20992.0,14848.0
TCGA-4Z-AA7O,66,76,0.001611355459317565,13312.0,15872.0
TCGA-4Z-AA7O,118,77,0.0016113421879708767,18176.0,8704.0
TCGA-4Z-AA7O,102,78,0.001611331244930625,24832.0,5120.0
TCGA-4Z-AA7O,40,79,0.0016113163437694311,768.0,9472.0
TCGA-4Z-AA7O,127,80,0.001611315063200891,13056.0,15872.0
TCGA-4Z-AA7O,90,81,0.0016112987650558352,22528.0,8704.0
TCGA-4Z-AA7O,41,82,0.0016112483572214842,20992.0,9472.0
TCGA-4Z-AA7O,122,83,0.0016112088924273849,17408.0,16896.0
TCGA-4Z-AA7O,28,84,0.0016112058656290174,10752.0,17664.0
TCGA-4Z-AA7O,20,85,0.001611195271834731,20224.0,10496.0
TCGA-4Z-AA7O,17,86,0.0016111904988065362,18944.0,11008.0
TCGA-4Z-AA7O,79,87,0.0016111881705000997,13568.0,3840.0
TCGA-4Z-AA7O,56,88,0.001611174549907446,23296.0,14336.0
TCGA-4Z-AA7O,76,89,0.0016111715231090784,27136.0,7936.0
TCGA-4Z-AA7O,101,90,0.0016111676814034581,14592.0,17664.0
TCGA-4Z-AA7O,13,91,0.0016111616278067231,13056.0,17152.0
TCGA-4Z-AA7O,92,92,0.0016111609293147922,18432.0,12544.0
TCGA-4Z-AA7O,8,93,0.0016111587174236774,25600.0,5632.0
TCGA-4Z-AA7O,126,94,0.001611140905879438,25088.0,3584.0
TCGA-4Z-AA7O,12,95,0.0016111242584884167,21760.0,4864.0
TCGA-4Z-AA7O,84,96,0.0016111080767586827,14848.0,16896.0
TCGA-4Z-AA7O,132,97,0.001611099811270833,12288.0,14336.0
TCGA-4Z-AA7O,141,98,0.0016110664000734687,5376.0,17152.0
TCGA-4Z-AA7O,69,99,0.0016110589494928718,22016.0,12288.0
TCGA-4Z-AA7O,107,100,0.0016110391588881612,25856.0,5888.0
TCGA-4Z-AA7O,60,101,0.0016110389260575175,22016.0,12032.0
TCGA-4Z-AA7O,7,102,0.0016110189026221633,20736.0,6656.0
TCGA-4Z-AA7O,21,103,0.0016110105207189918,20480.0,11008.0
TCGA-4Z-AA7O,71,104,0.0016109959688037634,22528.0,7168.0
TCGA-4Z-AA7O,9,105,0.00161098618991673,22784.0,4608.0
TCGA-4Z-AA7O,129,106,0.0016109789721667767,16128.0,18432.0
TCGA-4Z-AA7O,112,107,0.001610977458767593,27648.0,9728.0
TCGA-4Z-AA7O,61,108,0.001610971405170858,17920.0,11520.0
TCGA-4Z-AA7O,83,109,0.0016109654679894447,19200.0,10752.0
TCGA-4Z-AA7O,74,110,0.0016109589487314224,18688.0,13824.0
TCGA-4Z-AA7O,75,111,0.0016109580174088478,24320.0,12288.0
TCGA-4Z-AA7O,2,112,0.0016109265852719545,11776.0,15360.0
TCGA-4Z-AA7O,3,113,0.0016109118005260825,15872.0,13056.0
TCGA-4Z-AA7O,136,114,0.0016108854906633496,19200.0,12800.0
TCGA-4Z-AA7O,62,115,0.0016108755953609943,22272.0,13824.0
TCGA-4Z-AA7O,77,116,0.0016108464915305376,21248.0,2560.0
TCGA-4Z-AA7O,29,117,0.0016108235577121377,23040.0,13568.0
TCGA-4Z-AA7O,52,118,0.0016107429983094335,12544.0,15872.0
TCGA-4Z-AA7O,54,119,0.001610733917914331,15360.0,15104.0
TCGA-4Z-AA7O,39,120,0.0016107300762087107,20992.0,10240.0
TCGA-4Z-AA7O,111,121,0.0016106668626889586,18176.0,12032.0
TCGA-4Z-AA7O,125,122,0.00161066185683012,21504.0,12032.0
TCGA-4Z-AA7O,46,123,0.0016106599941849709,23808.0,5888.0
TCGA-4Z-AA7O,137,124,0.0016106548719108105,15104.0,16640.0
TCGA-4Z-AA7O,105,125,0.001610556966625154,12288.0,15104.0
TCGA-4Z-AA7O,124,126,0.001610492472536862,19456.0,9216.0
TCGA-4Z-AA7O,139,127,0.001610481645911932,18944.0,16128.0
TCGA-4Z-AA7O,72,128,0.0016104072565212846,20992.0,9728.0
TCGA-4Z-AA7O,48,129,0.001610399573110044,26624.0,6144.0
TCGA-4Z-AA7O,63,130,0.0016103339148685336,24832.0,3584.0
TCGA-4Z-AA7O,103,131,0.0016103017842397094,13056.0,18176.0
TCGA-4Z-AA7O,49,132,0.0016101778019219637,26112.0,5632.0
TCGA-4Z-AA7O,18,133,0.0016100674401968718,20736.0,10496.0
TCGA-4Z-AA7O,82,134,0.0016100065549835563,18944.0,7680.0
TCGA-4Z-AA7O,110,135,0.0016099767526611686,18944.0,10752.0
TCGA-4Z-AA7O,6,136,0.0016098017804324627,24832.0,8704.0
TCGA-4Z-AA7O,16,137,0.0016097082989290357,23808.0,14080.0
TCGA-4Z-AA7O,15,138,0.0016097029438242316,21504.0,9472.0
TCGA-4Z-AA7O,37,139,0.0016096350736916065,18688.0,8448.0
TCGA-4Z-AA7O,14,140,0.0016095207538455725,19200.0,7168.0
TCGA-4Z-AA7O,81,141,0.001609485480003059,23808.0,7680.0
TCGA-4Z-AA7O,32,142,0.0016087886178866029,27648.0,2560.0
TCGA-4Z-AA7Q,8,1,0.010024924762547016,13568.0,3584.0
TCGA-4Z-AA7Q,28,2,0.010015166364610195,4864.0,5376.0
TCGA-4Z-AA7Q,38,3,0.010010839439928532,6912.0,5376.0
TCGA-4Z-AA7Q,4,4,0.010009335353970528,4352.0,14336.0
TCGA-4Z-AA7Q,24,5,0.010008768178522587,8448.0,7168.0
TCGA-4Z-AA7Q,31,6,0.010007458738982677,5632.0,7168.0
TCGA-4Z-AA7Q,7,7,0.010006734170019627,1792.0,13056.0
TCGA-4Z-AA7Q,59,8,0.010006469674408436,8960.0,4608.0
TCGA-4Z-AA7Q,56,9,0.010006190277636051,8192.0,9728.0
TCGA-4Z-AA7Q,46,10,0.010005991905927658,16128.0,4608.0
TCGA-4Z-AA7Q,39,11,0.010005642659962177,3584.0,3840.0
TCGA-4Z-AA7Q,49,12,0.010005529038608074,5888.0,7680.0
TCGA-4Z-AA7Q,23,13,0.01000548992305994,5376.0,11008.0
TCGA-4Z-AA7Q,92,14,0.010005034506320953,11008.0,7168.0
TCGA-4Z-AA7Q,6,15,0.010004930198192596,6912.0,9472.0
TCGA-4Z-AA7Q,82,16,0.010004798881709576,8448.0,8960.0
TCGA-4Z-AA7Q,66,17,0.010004562325775623,2048.0,3584.0
TCGA-4Z-AA7Q,18,18,0.010004059411585331,8448.0,10496.0
TCGA-4Z-AA7Q,37,19,0.010004059411585331,1280.0,15872.0
TCGA-4Z-AA7Q,63,20,0.010004034265875816,5120.0,8192.0
TCGA-4Z-AA7Q,45,21,0.010003526695072651,7168.0,6144.0
TCGA-4Z-AA7Q,53,22,0.010003448463976383,4864.0,11008.0
TCGA-4Z-AA7Q,58,23,0.01000343356281519,14336.0,4352.0
TCGA-4Z-AA7Q,41,24,0.010003292001783848,2304.0,11776.0
TCGA-4Z-AA7Q,27,25,0.010003260336816311,20224.0,9728.0
TCGA-4Z-AA7Q,16,26,0.01000312902033329,6656.0,5120.0
TCGA-4Z-AA7Q,29,27,0.010003053583204746,5632.0,12544.0
TCGA-4Z-AA7Q,81,28,0.010002932511270046,6144.0,13056.0
TCGA-4Z-AA7Q,57,29,0.010002807714045048,3840.0,3840.0
TCGA-4Z-AA7Q,21,30,0.01000275183469057,7168.0,7936.0
TCGA-4Z-AA7Q,5,31,0.010002675466239452,15104.0,3584.0
TCGA-4Z-AA7Q,48,32,0.010002506896853447,1536.0,14848.0
TCGA-4Z-AA7Q,74,33,0.010002408176660538,7936.0,5376.0
TCGA-4Z-AA7Q,3,34,0.010002387687563896,8448.0,6144.0
TCGA-4Z-AA7Q,54,35,0.0100017124786973,1536.0,15872.0
TCGA-4Z-AA7Q,26,36,0.010001556016504765,9216.0,18432.0
TCGA-4Z-AA7Q,2,37,0.0100015327334404,4864.0,9472.0
TCGA-4Z-AA7Q,13,38,0.010001327842473984,11520.0,6400.0
TCGA-4Z-AA7Q,71,39,0.01000120211392641,5376.0,9472.0
TCGA-4Z-AA7Q,22,40,0.010001123882830143,9984.0,6400.0
TCGA-4Z-AA7Q,20,41,0.010000713169574738,11776.0,5632.0
TCGA-4Z-AA7Q,90,42,0.010000646114349365,6400.0,5120.0
TCGA-4Z-AA7Q,40,43,0.010000644251704216,7424.0,5376.0
TCGA-4Z-AA7Q,75,44,0.010000444017350674,14080.0,3328.0
TCGA-4Z-AA7Q,68,45,0.010000173933804035,12800.0,4096.0
TCGA-4Z-AA7Q,44,46,0.010000050999224186,6400.0,6144.0
TCGA-4Z-AA7Q,36,47,0.009999951347708702,11264.0,5120.0
TCGA-4Z-AA7Q,34,48,0.00999994296580553,5888.0,11776.0
TCGA-4Z-AA7Q,17,49,0.009999562054872513,5120.0,4864.0
TCGA-4Z-AA7Q,52,50,0.009999478235840797,17920.0,15104.0
TCGA-4Z-AA7Q,83,51,0.009999453090131283,12800.0,4608.0
TCGA-4Z-AA7Q,64,52,0.009998816065490246,4096.0,9728.0
TCGA-4Z-AA7Q,79,53,0.009998751804232597,7424.0,10496.0
TCGA-4Z-AA7Q,15,54,0.009998737834393978,2560.0,11776.0
TCGA-4Z-AA7Q,47,55,0.009998715482652187,12800.0,20224.0
TCGA-4Z-AA7Q,11,56,0.009998603723943233,9472.0,10752.0
TCGA-4Z-AA7Q,32,57,0.009998581372201443,3840.0,10496.0
TCGA-4Z-AA7Q,55,58,0.009998316876590252,12288.0,4352.0
TCGA-4Z-AA7Q,65,59,0.009998051449656487,3840.0,4864.0
TCGA-4Z-AA7Q,67,60,0.009997903369367123,5888.0,12032.0
TCGA-4Z-AA7Q,19,61,0.009997793473303318,5632.0,13824.0
TCGA-4Z-AA7Q,69,62,0.009997779503464699,12544.0,4096.0
TCGA-4Z-AA7Q,1,63,0.00999773945659399,16384.0,19456.0
TCGA-4Z-AA7Q,80,64,0.009997718036174774,5120.0,9984.0
TCGA-4Z-AA7Q,76,65,0.009997605346143246,14336.0,3584.0
TCGA-4Z-AA7Q,73,66,0.009997513145208359,13056.0,4096.0
TCGA-4Z-AA7Q,62,67,0.009997489862143993,19200.0,5888.0
TCGA-4Z-AA7Q,12,68,0.009997296147048473,16384.0,4608.0
TCGA-4Z-AA7Q,30,69,0.009997138753533363,12032.0,4352.0
TCGA-4Z-AA7Q,72,70,0.009996806271374226,2816.0,15616.0
TCGA-4Z-AA7Q,9,71,0.009996624663472176,7424.0,5888.0
TCGA-4Z-AA7Q,61,72,0.0099965650588274,2048.0,12800.0
TCGA-4Z-AA7Q,94,73,0.009996439330279827,2560.0,14592.0
TCGA-4Z-AA7Q,95,74,0.009996425360441208,3328.0,14848.0
TCGA-4Z-AA7Q,50,75,0.009996416978538036,17920.0,5120.0
TCGA-4Z-AA7Q,78,76,0.009996278211474419,9728.0,8192.0
TCGA-4Z-AA7Q,93,77,0.009996016509830952,4608.0,12800.0
TCGA-4Z-AA7Q,43,78,0.00999597180634737,3328.0,10752.0
TCGA-4Z-AA7Q,96,79,0.009995506145060062,19456.0,5888.0
TCGA-4Z-AA7Q,60,80,0.00999547354876995,21504.0,9216.0
TCGA-4Z-AA7Q,98,81,0.00999542884528637,13312.0,20224.0
TCGA-4Z-AA7Q,70,82,0.00999532826244831,7168.0,9728.0
TCGA-4Z-AA7Q,91,83,0.009995294734835625,22528.0,7936.0
TCGA-4Z-AA7Q,42,84,0.00999521929770708,2304.0,13056.0
TCGA-4Z-AA7Q,33,85,0.00999519880861044,3840.0,15616.0
TCGA-4Z-AA7Q,14,86,0.009995116852223873,4864.0,8960.0
TCGA-4Z-AA7Q,10,87,0.009995036758482456,3584.0,12544.0
TCGA-4Z-AA7Q,88,88,0.009995030239224434,3328.0,13312.0
TCGA-4Z-AA7Q,85,89,0.009994986467063427,22272.0,7424.0
TCGA-4Z-AA7Q,84,90,0.009994921274483204,19456.0,6144.0
TCGA-4Z-AA7Q,35,91,0.009994758293032646,8192.0,9472.0
TCGA-4Z-AA7Q,86,92,0.009994466789066792,6144.0,12800.0
TCGA-4Z-AA7Q,89,93,0.00999413151293993,10240.0,6144.0
TCGA-4Z-AA7Q,99,94,0.009994051419198513,7936.0,5632.0
TCGA-4Z-AA7Q,77,95,0.009993631392717361,17920.0,5376.0
TCGA-4Z-AA7Q,0,96,0.009993457235395908,9472.0,5376.0
TCGA-4Z-AA7Q,51,97,0.009992974810302258,17152.0,13568.0
TCGA-4Z-AA7Q,25,98,0.009991406463086605,21760.0,15872.0
TCGA-4Z-AA7Q,97,99,0.009989875368773937,3840.0,15872.0
TCGA-4Z-AA7Q,87,100,0.009985447861254215,4864.0,12544.0
TCGA-4Z-AA7R,43,1,0.009267479181289673,14336.0,5888.0
TCGA-4Z-AA7R,89,2,0.009267293848097324,18944.0,10496.0
TCGA-4Z-AA7R,63,3,0.009267010726034641,5120.0,8192.0
TCGA-4Z-AA7R,26,4,0.009265575557947159,11776.0,5632.0
TCGA-4Z-AA7R,45,5,0.009265252389013767,14592.0,11008.0
TCGA-4Z-AA7R,60,6,0.009260332211852074,3072.0,9984.0
TCGA-4Z-AA7R,44,7,0.009259089827537537,18688.0,12544.0
TCGA-4Z-AA7R,91,8,0.009258643724024296,768.0,16896.0
TCGA-4Z-AA7R,88,9,0.009257842786610126,6912.0,4352.0
TCGA-4Z-AA7R,15,10,0.009257115423679352,7424.0,4096.0
TCGA-4Z-AA7R,7,11,0.00925560761243105,6400.0,6912.0
TCGA-4Z-AA7R,105,12,0.009254698641598225,768.0,9728.0
TCGA-4Z-AA7R,115,13,0.00925435870885849,3328.0,12544.0
TCGA-4Z-AA7R,4,14,0.009253595024347305,1536.0,10752.0
TCGA-4Z-AA7R,9,15,0.009253141470253468,13312.0,3840.0
TCGA-4Z-AA7R,66,16,0.00925291609019041,17408.0,1280.0
TCGA-4Z-AA7R,30,17,0.009252838790416718,3584.0,14336.0
TCGA-4Z-AA7R,93,18,0.009252707473933697,256.0,12288.0
TCGA-4Z-AA7R,8,19,0.009251734241843224,14848.0,3328.0
TCGA-4Z-AA7R,37,20,0.0092515479773283,10240.0,6400.0
TCGA-4Z-AA7R,113,21,0.009250711649656296,12544.0,7680.0
TCGA-4Z-AA7R,51,22,0.009248494170606136,3840.0,8960.0
TCGA-4Z-AA7R,94,23,0.009248396381735802,1024.0,12544.0
TCGA-4Z-AA7R,72,24,0.009248088113963604,3840.0,11008.0
TCGA-4Z-AA7R,114,25,0.009248066693544388,11520.0,7168.0
TCGA-4Z-AA7R,68,26,0.00924721546471119,3072.0,17152.0
TCGA-4Z-AA7R,62,27,0.009247129783034325,7168.0,7680.0
TCGA-4Z-AA7R,10,28,0.009246617555618286,14080.0,3584.0
TCGA-4Z-AA7R,14,29,0.009245283901691437,4864.0,9728.0
TCGA-4Z-AA7R,90,30,0.009244262240827084,10752.0,5632.0
TCGA-4Z-AA7R,69,31,0.009244011715054512,2304.0,12544.0
TCGA-4Z-AA7R,67,32,0.009243904612958431,17408.0,12032.0
TCGA-4Z-AA7R,104,33,0.009243137203156948,7168.0,7168.0
TCGA-4Z-AA7R,38,34,0.009241955354809761,4608.0,9984.0
TCGA-4Z-AA7R,31,35,0.009241485968232155,4352.0,5888.0
TCGA-4Z-AA7R,27,36,0.009241434745490551,14592.0,4864.0
TCGA-4Z-AA7R,87,37,0.00924060307443142,4608.0,6656.0
TCGA-4Z-AA7R,36,38,0.009240062907338142,9728.0,7424.0
TCGA-4Z-AA7R,95,39,0.00923993345350027,768.0,13056.0
TCGA-4Z-AA7R,70,40,0.009239675477147102,7680.0,8192.0
TCGA-4Z-AA7R,24,41,0.009239059872925282,4864.0,8704.0
TCGA-4Z-AA7R,86,42,0.00923902727663517,1024.0,16128.0
TCGA-4Z-AA7R,106,43,0.009237621910870075,1024.0,10496.0
TCGA-4Z-AA7R,55,44,0.009237421676516533,7680.0,4096.0
TCGA-4Z-AA7R,28,45,0.009236776269972324,256.0,16640.0
TCGA-4Z-AA7R,40,46,0.009236162528395653,4352.0,8448.0
TCGA-4Z-AA7R,25,47,0.009235726669430733,6400.0,8704.0
TCGA-4Z-AA7R,50,48,0.009235654026269913,6400.0,6656.0
TCGA-4Z-AA7R,49,49,0.009235624223947525,2816.0,13312.0
TCGA-4Z-AA7R,5,50,0.009234347380697727,1792.0,16640.0
TCGA-4Z-AA7R,92,51,0.00923394039273262,4096.0,11776.0
TCGA-4Z-AA7R,61,52,0.00923307053744793,9984.0,7424.0
TCGA-4Z-AA7R,53,53,0.009232809767127037,8192.0,7680.0
TCGA-4Z-AA7R,110,54,0.00923242885619402,14848.0,5120.0
TCGA-4Z-AA7R,85,55,0.009231919422745705,3328.0,17920.0
TCGA-4Z-AA7R,29,56,0.009231232106685638,18176.0,2560.0
TCGA-4Z-AA7R,48,57,0.00923076644539833,7680.0,3584.0
TCGA-4Z-AA7R,19,58,0.009230485185980797,16128.0,2816.0
TCGA-4Z-AA7R,116,59,0.009229824878275394,16896.0,3072.0
TCGA-4Z-AA7R,20,60,0.009228928945958614,3072.0,10496.0
TCGA-4Z-AA7R,108,61,0.009228551760315895,16896.0,1280.0
TCGA-4Z-AA7R,117,62,0.009227975271642208,7168.0,6912.0
TCGA-4Z-AA7R,58,63,0.009226923808455467,10752.0,6656.0
TCGA-4Z-AA7R,3,64,0.009226296097040176,1024.0,11008.0
TCGA-4Z-AA7R,109,65,0.009224778041243553,4864.0,6400.0
TCGA-4Z-AA7R,84,66,0.009224120527505875,10496.0,5888.0
TCGA-4Z-AA7R,56,67,0.009223303757607937,12032.0,7424.0
TCGA-4Z-AA7R,103,68,0.00922283437103033,10240.0,5888.0
TCGA-4Z-AA7R,73,69,0.009222351014614105,17152.0,2816.0
TCGA-4Z-AA7R,39,70,0.00922167394310236,4608.0,5376.0
TCGA-4Z-AA7R,2,71,0.009221472777426243,1792.0,11008.0
TCGA-4Z-AA7R,71,72,0.009221299551427364,15104.0,3328.0
TCGA-4Z-AA7R,57,73,0.009219996631145477,13056.0,6912.0
TCGA-4Z-AA7R,46,74,0.009219110943377018,13312.0,4352.0
TCGA-4Z-AA7R,111,75,0.009218296967446804,5120.0,9728.0
TCGA-4Z-AA7R,18,76,0.009218127466738224,3328.0,17152.0
TCGA-4Z-AA7R,21,77,0.00921723898500204,1792.0,13056.0
TCGA-4Z-AA7R,52,78,0.009213580749928951,18176.0,2816.0
TCGA-4Z-AA7R,107,79,0.00921060610562563,256.0,16384.0
TCGA-4Z-AA7R,65,80,0.009210411459207535,2048.0,6400.0
TCGA-4Z-AA7R,102,81,0.009208470582962036,3328.0,6912.0
TCGA-4Z-AA7R,35,82,0.009208254516124725,4864.0,7424.0
TCGA-4Z-AA7R,64,83,0.009207113645970821,11776.0,5888.0
TCGA-4Z-AA7R,6,84,0.009202303364872932,17664.0,1536.0
TCGA-4Z-AA7R,34,85,0.009199381805956364,9472.0,6912.0
TCGA-4Z-AA7R,78,86,0.009197159670293331,12288.0,6656.0
TCGA-4Z-AA7R,99,87,0.009186718612909317,2304.0,10240.0
TCGA-4Z-AA7R,76,88,0.009175091981887817,11520.0,5120.0
TCGA-4Z-AA7R,17,89,0.009174074046313763,1024.0,7680.0
TCGA-4Z-AA7R,16,90,0.009173932485282421,512.0,8960.0
TCGA-4Z-AA7R,112,91,0.009172695688903332,1280.0,11264.0
TCGA-4Z-AA7R,81,92,0.009170478209853172,9728.0,7936.0
TCGA-4Z-AA7R,75,93,0.009169875644147396,4096.0,5632.0
TCGA-4Z-AA7R,54,94,0.009166644886136055,5120.0,14080.0
TCGA-4Z-AA7R,100,95,0.00916455127298832,2816.0,11264.0
TCGA-4Z-AA7R,101,96,0.009161494672298431,11776.0,6912.0
TCGA-4Z-AA7R,77,97,0.00916068535298109,2560.0,6656.0
TCGA-4Z-AA7R,83,98,0.009159068576991558,14848.0,3840.0
TCGA-4Z-AA7R,32,99,0.009155611507594585,12288.0,6400.0
TCGA-4Z-AA7R,80,100,0.009153959341347218,3072.0,11520.0
TCGA-4Z-AA7R,74,101,0.009153935126960278,17408.0,256.0
TCGA-4Z-AA7R,0,102,0.00915201473981142,4096.0,5376.0
TCGA-4Z-AA7R,82,103,0.009148864075541496,4096.0,9728.0
TCGA-4Z-AA7R,13,104,0.00912991538643837,2048.0,6912.0
TCGA-4Z-AA7R,12,105,0.009119123220443726,4864.0,11776.0
TCGA-4Z-AA7R,41,106,0.009105651639401913,4096.0,12288.0
TCGA-4Z-AA7R,98,107,0.001961594447493553,3584.0,5888.0
TCGA-4Z-AA7R,23,108,0.001953484956175089,0.0,8704.0
TCGA-4Z-AA7R,22,109,0.0019511519931256771,1024.0,8704.0
TCGA-4Z-AA7R,97,110,0.0019341451115906239,1536.0,6912.0
TCGA-4Z-AA7R,47,111,0.001932785613462329,1280.0,8448.0
TCGA-4Z-AA7R,59,112,0.0019180781673640013,4608.0,5120.0
TCGA-4Z-AA7R,33,113,0.0018872329965233803,17408.0,512.0
TCGA-4Z-AA7R,1,114,0.0018749593291431665,3328.0,6144.0
TCGA-4Z-AA7R,96,115,0.0018749472219496965,5632.0,4352.0
TCGA-4Z-AA7R,42,116,0.0018263983074575663,5376.0,4608.0
TCGA-4Z-AA7R,79,117,0.0017673126421868801,0.0,16896.0
TCGA-4Z-AA7R,11,118,0.001589813269674778,14336.0,4096.0
TCGA-4Z-AA7S,72,1,0.006270900368690491,15616.0,9984.0
TCGA-4Z-AA7S,47,2,0.006268874742090702,3584.0,8704.0
TCGA-4Z-AA7S,63,3,0.006268780212849379,14336.0,13568.0
TCGA-4Z-AA7S,123,4,0.0062670353800058365,6656.0,4608.0
TCGA-4Z-AA7S,111,5,0.00626591918990016,14848.0,15872.0
TCGA-4Z-AA7S,145,6,0.006265784613788128,2048.0,9728.0
TCGA-4Z-AA7S,110,7,0.006265424191951752,3072.0,13824.0
TCGA-4Z-AA7S,78,8,0.006264851428568363,12800.0,7168.0
TCGA-4Z-AA7S,70,9,0.006263974122703075,5376.0,6144.0
TCGA-4Z-AA7S,158,10,0.006263659801334143,13312.0,15104.0
TCGA-4Z-AA7S,143,11,0.006263375282287598,2048.0,7936.0
TCGA-4Z-AA7S,11,12,0.006263065151870251,14336.0,15104.0
TCGA-4Z-AA7S,144,13,0.006261820439249277,4608.0,9472.0
TCGA-4Z-AA7S,80,14,0.0062616243958473206,14336.0,7424.0
TCGA-4Z-AA7S,30,15,0.006261098198592663,13568.0,9728.0
TCGA-4Z-AA7S,75,16,0.006260779686272144,7680.0,17920.0
TCGA-4Z-AA7S,159,17,0.006260713562369347,14336.0,14848.0
TCGA-4Z-AA7S,161,18,0.006260653957724571,7424.0,10752.0
TCGA-4Z-AA7S,131,19,0.0062606059946119785,6656.0,12544.0
TCGA-4Z-AA7S,60,20,0.006260402966290712,5120.0,10496.0
TCGA-4Z-AA7S,138,21,0.006260187830775976,11008.0,16384.0
TCGA-4Z-AA7S,79,22,0.00625989306718111,5120.0,3840.0
TCGA-4Z-AA7S,109,23,0.006259891204535961,10240.0,5376.0
TCGA-4Z-AA7S,113,24,0.006259683053940535,16384.0,8448.0
TCGA-4Z-AA7S,105,25,0.006259401794523001,6144.0,9984.0
TCGA-4Z-AA7S,59,26,0.006259361747652292,9472.0,10496.0
TCGA-4Z-AA7S,160,27,0.006259256042540073,4608.0,5120.0
TCGA-4Z-AA7S,108,28,0.006259114947170019,9216.0,12800.0
TCGA-4Z-AA7S,62,29,0.0062587568536400795,8448.0,16128.0
TCGA-4Z-AA7S,73,30,0.006258596200495958,14592.0,16640.0
TCGA-4Z-AA7S,114,31,0.006258560810238123,17664.0,6912.0
TCGA-4Z-AA7S,133,32,0.006258441135287285,6656.0,5376.0
TCGA-4Z-AA7S,69,33,0.006258196197450161,13056.0,8704.0
TCGA-4Z-AA7S,112,34,0.00625817384570837,16384.0,14336.0
TCGA-4Z-AA7S,65,35,0.006257222034037113,7936.0,13824.0
TCGA-4Z-AA7S,121,36,0.006256932392716408,5120.0,10752.0
TCGA-4Z-AA7S,89,37,0.0062568532302975655,12032.0,12544.0
TCGA-4Z-AA7S,48,38,0.006256801541894674,3584.0,9728.0
TCGA-4Z-AA7S,71,39,0.00625674007460475,11264.0,8192.0
TCGA-4Z-AA7S,104,40,0.006256584078073502,8192.0,13312.0
TCGA-4Z-AA7S,9,41,0.006256487220525742,8960.0,17664.0
TCGA-4Z-AA7S,50,42,0.006255952175706625,3072.0,16384.0
TCGA-4Z-AA7S,49,43,0.006255946587771177,2304.0,15360.0
TCGA-4Z-AA7S,88,44,0.006255694665014744,9984.0,3584.0
TCGA-4Z-AA7S,43,45,0.006255300249904394,8448.0,2816.0
TCGA-4Z-AA7S,87,46,0.006255236454308033,7424.0,8192.0
TCGA-4Z-AA7S,27,47,0.006255136802792549,5632.0,6656.0
TCGA-4Z-AA7S,8,48,0.006255050655454397,6656.0,16128.0
TCGA-4Z-AA7S,76,49,0.006254975683987141,2048.0,16896.0
TCGA-4Z-AA7S,66,50,0.006254698149859905,10496.0,14848.0
TCGA-4Z-AA7S,134,51,0.006254694890230894,6400.0,14848.0
TCGA-4Z-AA7S,146,52,0.006254653912037611,2048.0,7424.0
TCGA-4Z-AA7S,68,53,0.006254411302506924,6912.0,17920.0
TCGA-4Z-AA7S,107,54,0.006254294887185097,7168.0,5120.0
TCGA-4Z-AA7S,74,55,0.006254279520362616,1792.0,15616.0
TCGA-4Z-AA7S,77,56,0.006253482308238745,1792.0,16128.0
TCGA-4Z-AA7S,36,57,0.006252709776163101,8448.0,5632.0
TCGA-4Z-AA7S,10,58,0.006252624094486237,8704.0,17664.0
TCGA-4Z-AA7S,64,59,0.006252540275454521,10496.0,14592.0
TCGA-4Z-AA7S,150,60,0.006252432242035866,5376.0,5888.0
TCGA-4Z-AA7S,28,61,0.006252077873796225,13568.0,8704.0
TCGA-4Z-AA7S,67,62,0.006252019200474024,11776.0,10496.0
TCGA-4Z-AA7S,58,63,0.006251893471926451,5120.0,9984.0
TCGA-4Z-AA7S,106,64,0.006251851562410593,8704.0,14080.0
TCGA-4Z-AA7S,19,65,0.006251748651266098,4864.0,11520.0
TCGA-4Z-AA7S,16,66,0.0062510729767382145,9216.0,4864.0
TCGA-4Z-AA7S,61,67,0.006250886712223291,7680.0,18432.0
TCGA-4Z-AA7S,45,68,0.006250303238630295,9984.0,9984.0
TCGA-4Z-AA7S,86,69,0.0062502967193722725,14080.0,15616.0
TCGA-4Z-AA7S,153,70,0.0062499456107616425,6144.0,9216.0
TCGA-4Z-AA7S,132,71,0.006249625235795975,11008.0,13056.0
TCGA-4Z-AA7S,17,72,0.006249560043215752,5376.0,3072.0
TCGA-4Z-AA7S,44,73,0.006249177735298872,8448.0,6144.0
TCGA-4Z-AA7S,29,74,0.006249113939702511,11520.0,6656.0
TCGA-4Z-AA7S,57,75,0.00624783243983984,8704.0,12544.0
TCGA-4Z-AA7S,142,76,0.006247649900615215,14848.0,6144.0
TCGA-4Z-AA7S,136,77,0.006247617304325104,5888.0,11264.0
TCGA-4Z-AA7S,140,78,0.006247412879019976,6400.0,12544.0
TCGA-4Z-AA7S,122,79,0.006247283890843391,15104.0,13312.0
TCGA-4Z-AA7S,135,80,0.006245973985642195,6400.0,6656.0
TCGA-4Z-AA7S,37,81,0.006244436837732792,10240.0,5888.0
TCGA-4Z-AA7S,93,82,0.006244221702218056,11008.0,17408.0
TCGA-4Z-AA7S,94,83,0.006243967451155186,9216.0,6400.0
TCGA-4Z-AA7S,124,84,0.006243821699172258,6144.0,12032.0
TCGA-4Z-AA7S,137,85,0.006243208423256874,8704.0,13056.0
TCGA-4Z-AA7S,18,86,0.006243004463613033,5888.0,6144.0
TCGA-4Z-AA7S,103,87,0.0062429169192910194,10496.0,11776.0
TCGA-4Z-AA7S,151,88,0.006242695730179548,11264.0,17664.0
TCGA-4Z-AA7S,90,89,0.0062426053918898106,7424.0,9216.0
TCGA-4Z-AA7S,91,90,0.0062425509095191956,5376.0,9216.0
TCGA-4Z-AA7S,115,91,0.006241858005523682,6656.0,5120.0
TCGA-4Z-AA7S,117,92,0.006241851020604372,5120.0,12800.0
TCGA-4Z-AA7S,35,93,0.006241329479962587,4608.0,3840.0
TCGA-4Z-AA7S,141,94,0.006241179071366787,8192.0,3328.0
TCGA-4Z-AA7S,130,95,0.00624009920284152,8192.0,11776.0
TCGA-4Z-AA7S,38,96,0.006237538997083902,10496.0,6656.0
TCGA-4Z-AA7S,1,97,0.006236518733203411,5888.0,15104.0
TCGA-4Z-AA7S,46,98,0.006235858425498009,4864.0,12800.0
TCGA-4Z-AA7S,23,99,0.006235226988792419,4608.0,1024.0
TCGA-4Z-AA7S,139,100,0.006235058419406414,6656.0,13056.0
TCGA-4Z-AA7S,3,101,0.006235015112906694,11264.0,14080.0
TCGA-4Z-AA7S,0,102,0.0062349047511816025,6144.0,10496.0
TCGA-4Z-AA7S,152,103,0.006234434433281422,11264.0,5888.0
TCGA-4Z-AA7S,99,104,0.006234083790332079,14080.0,9216.0
TCGA-4Z-AA7S,92,105,0.006233718246221542,7680.0,11520.0
TCGA-4Z-AA7S,15,106,0.006233416497707367,4608.0,6912.0
TCGA-4Z-AA7S,2,107,0.006233198568224907,12032.0,7936.0
TCGA-4Z-AA7S,53,108,0.006232902407646179,9728.0,10496.0
TCGA-4Z-AA7S,118,109,0.006231950595974922,1024.0,15360.0
TCGA-4Z-AA7S,55,110,0.0062316590920090675,11008.0,4608.0
TCGA-4Z-AA7S,14,111,0.006230751518160105,11264.0,5632.0
TCGA-4Z-AA7S,96,112,0.006230742670595646,9984.0,12800.0
TCGA-4Z-AA7S,95,113,0.006230600643903017,8448.0,5376.0
TCGA-4Z-AA7S,128,114,0.00622966792434454,5376.0,15104.0
TCGA-4Z-AA7S,97,115,0.006229296326637268,7168.0,13568.0
TCGA-4Z-AA7S,129,116,0.006228890269994736,5120.0,12544.0
TCGA-4Z-AA7S,13,117,0.0062284874729812145,11520.0,3584.0
TCGA-4Z-AA7S,116,118,0.006227561738342047,5632.0,15104.0
TCGA-4Z-AA7S,102,119,0.006227076053619385,10496.0,5888.0
TCGA-4Z-AA7S,22,120,0.006226836238056421,4864.0,2560.0
TCGA-4Z-AA7S,127,121,0.0062239645048975945,9472.0,9472.0
TCGA-4Z-AA7S,21,122,0.0062232064083218575,9472.0,3072.0
TCGA-4Z-AA7S,12,123,0.006223014555871487,12288.0,11520.0
TCGA-4Z-AA7S,154,124,0.00622191745787859,8192.0,9984.0
TCGA-4Z-AA7S,56,125,0.006220006383955479,3584.0,3328.0
TCGA-4Z-AA7S,85,126,0.006219940725713968,17152.0,14592.0
TCGA-4Z-AA7S,83,127,0.006219477392733097,16896.0,5888.0
TCGA-4Z-AA7S,147,128,0.006219284608960152,8704.0,5376.0
TCGA-4Z-AA7S,100,129,0.006218562368303537,5376.0,1280.0
TCGA-4Z-AA7S,26,130,0.0062184720300138,9216.0,11520.0
TCGA-4Z-AA7S,101,131,0.006215968634933233,5632.0,4352.0
TCGA-4Z-AA7S,148,132,0.006215606816112995,4096.0,14592.0
TCGA-4Z-AA7S,82,133,0.00621421355754137,7168.0,10496.0
TCGA-4Z-AA7S,54,134,0.0062108226120471954,8704.0,9728.0
TCGA-4Z-AA7S,84,135,0.006209749262779951,9728.0,9472.0
TCGA-4Z-AA7S,119,136,0.006207676138728857,7424.0,8704.0
TCGA-4Z-AA7S,24,137,0.006206642370671034,10496.0,6912.0
TCGA-4Z-AA7S,25,138,0.006204146426171064,9216.0,13312.0
TCGA-4Z-AA7S,155,139,0.006202976685017347,17152.0,5888.0
TCGA-4Z-AA7S,120,140,0.006200646981596947,7680.0,8704.0
TCGA-4Z-AA7S,5,141,0.006036403588950634,6400.0,10752.0
TCGA-4Z-AA7S,52,142,0.005995143670588732,2816.0,16128.0
TCGA-4Z-AA7S,98,143,0.00593588687479496,13568.0,15104.0
TCGA-4Z-AA7S,51,144,0.005879625212401152,3584.0,3840.0
TCGA-4Z-AA7S,41,145,0.0058274646289646626,14848.0,4352.0
TCGA-4Z-AA7S,39,146,0.005827039014548063,10752.0,6656.0
TCGA-4Z-AA7S,6,147,0.005812613759189844,5376.0,13568.0
TCGA-4Z-AA7S,7,148,0.005809891037642956,8960.0,12032.0
TCGA-4Z-AA7S,149,149,0.005764700938016176,7424.0,9984.0
TCGA-4Z-AA7S,125,150,0.005762354005128145,8960.0,4864.0
TCGA-4Z-AA7S,42,151,0.005740223452448845,15104.0,4608.0
TCGA-4Z-AA7S,4,152,0.0057279011234641075,8960.0,9216.0
TCGA-4Z-AA7S,33,153,0.005689806770533323,5120.0,8704.0
TCGA-4Z-AA7S,157,154,0.005675205495208502,11520.0,11008.0
TCGA-4Z-AA7S,126,155,0.005674743093550205,11008.0,5632.0
TCGA-4Z-AA7S,34,156,0.0056566898711025715,7936.0,3328.0
TCGA-4Z-AA7S,81,157,0.005608540493994951,5888.0,9216.0
TCGA-4Z-AA7S,32,158,0.005606973078101873,10496.0,4608.0
TCGA-4Z-AA7S,40,159,0.005571967922151089,9216.0,14592.0
TCGA-4Z-AA7S,31,160,0.005547997076064348,13824.0,8960.0
TCGA-4Z-AA7S,156,161,0.005545854102820158,6400.0,3840.0
TCGA-4Z-AA7S,20,162,0.005029602907598019,10240.0,3328.0
TCGA-4Z-AA7W,26,1,0.04010516777634621,16896.0,13056.0
TCGA-4Z-AA7W,122,2,0.03946750983595848,11520.0,12800.0
TCGA-4Z-AA7W,81,3,0.0393918938934803,17152.0,6656.0
TCGA-4Z-AA7W,4,4,0.03930841386318207,11264.0,10752.0
TCGA-4Z-AA7W,115,5,0.039019592106342316,16384.0,13312.0
TCGA-4Z-AA7W,27,6,0.0383894145488739,15616.0,4096.0
TCGA-4Z-AA7W,18,7,0.03821196407079697,13312.0,14848.0
TCGA-4Z-AA7W,82,8,0.038169700652360916,14080.0,11776.0
TCGA-4Z-AA7W,50,9,0.03814088925719261,5632.0,4096.0
TCGA-4Z-AA7W,51,10,0.03812041133642197,13056.0,11264.0
TCGA-4Z-AA7W,49,11,0.0379522331058979,15360.0,16640.0
TCGA-4Z-AA7W,96,12,0.03757079318165779,1536.0,16128.0
TCGA-4Z-AA7W,37,13,0.03722348436713219,13824.0,16384.0
TCGA-4Z-AA7W,11,14,0.03653496876358986,13824.0,15872.0
TCGA-4Z-AA7W,36,15,0.035563211888074875,12800.0,13568.0
TCGA-4Z-AA7W,63,16,0.003958842717111111,17664.0,9216.0
TCGA-4Z-AA7W,43,17,0.003958746790885925,3584.0,4864.0
TCGA-4Z-AA7W,42,18,0.003958224784582853,21760.0,14336.0
TCGA-4Z-AA7W,60,19,0.003958108369261026,4608.0,19200.0
TCGA-4Z-AA7W,72,20,0.00395709415897727,16640.0,9984.0
TCGA-4Z-AA7W,44,21,0.003957042470574379,2560.0,6144.0
TCGA-4Z-AA7W,55,22,0.003956895787268877,4096.0,8704.0
TCGA-4Z-AA7W,53,23,0.003956816624850035,11776.0,17408.0
TCGA-4Z-AA7W,15,24,0.003956743981689215,13568.0,10752.0
TCGA-4Z-AA7W,110,25,0.00395651301369071,21504.0,17408.0
TCGA-4Z-AA7W,105,26,0.003956098575145006,11520.0,7936.0
TCGA-4Z-AA7W,14,27,0.003955888096243143,8704.0,6656.0
TCGA-4Z-AA7W,87,28,0.003955865278840065,22272.0,21248.0
TCGA-4Z-AA7W,99,29,0.003955812659114599,13312.0,12544.0
TCGA-4Z-AA7W,35,30,0.003955577500164509,10496.0,3072.0
TCGA-4Z-AA7W,62,31,0.00395548902451992,13312.0,4096.0
TCGA-4Z-AA7W,41,32,0.00395545968785882,20736.0,20736.0
TCGA-4Z-AA7W,111,33,0.003955456893891096,9728.0,1792.0
TCGA-4Z-AA7W,70,34,0.003955422434955835,11776.0,9472.0
TCGA-4Z-AA7W,65,35,0.003955226391553879,15872.0,4608.0
TCGA-4Z-AA7W,119,36,0.003955218940973282,12544.0,6144.0
TCGA-4Z-AA7W,59,37,0.003955090418457985,13568.0,5632.0
TCGA-4Z-AA7W,93,38,0.003954989369958639,2048.0,12288.0
TCGA-4Z-AA7W,109,39,0.0039549353532493114,7680.0,19712.0
TCGA-4Z-AA7W,98,40,0.003954901825636625,9984.0,7168.0
TCGA-4Z-AA7W,102,41,0.003954889718443155,11264.0,4864.0
TCGA-4Z-AA7W,108,42,0.003954834304749966,16896.0,10240.0
TCGA-4Z-AA7W,34,43,0.003954687621444464,14336.0,1536.0
TCGA-4Z-AA7W,104,44,0.003954505547881126,16128.0,8192.0
TCGA-4Z-AA7W,66,45,0.003954384475946426,22016.0,14336.0
TCGA-4Z-AA7W,75,46,0.003954363986849785,21504.0,18944.0
TCGA-4Z-AA7W,23,47,0.003954297862946987,17920.0,8448.0
TCGA-4Z-AA7W,121,48,0.003954220097512007,19456.0,20992.0
TCGA-4Z-AA7W,94,49,0.003954167943447828,12032.0,16128.0
TCGA-4Z-AA7W,52,50,0.003954009618610144,2560.0,4864.0
TCGA-4Z-AA7W,33,51,0.003953844774514437,15872.0,18176.0
TCGA-4Z-AA7W,16,52,0.003953815437853336,13312.0,9216.0
TCGA-4Z-AA7W,113,53,0.003953755833208561,8704.0,3840.0
TCGA-4Z-AA7W,61,54,0.003953753504902124,16640.0,7936.0
TCGA-4Z-AA7W,47,55,0.003953731618821621,12288.0,19968.0
TCGA-4Z-AA7W,17,56,0.003953688312321901,12288.0,18688.0
TCGA-4Z-AA7W,73,57,0.003953668754547834,17408.0,16896.0
TCGA-4Z-AA7W,118,58,0.003953664097934961,14848.0,9984.0
TCGA-4Z-AA7W,86,59,0.003953601233661175,1280.0,11008.0
TCGA-4Z-AA7W,67,60,0.003953597042709589,10496.0,16384.0
TCGA-4Z-AA7W,69,61,0.003953597042709589,0.0,18432.0
TCGA-4Z-AA7W,85,62,0.003953572362661362,19200.0,14080.0
TCGA-4Z-AA7W,112,63,0.0039535630494356155,18944.0,11520.0
TCGA-4Z-AA7W,1,64,0.003953482955694199,20992.0,20480.0
TCGA-4Z-AA7W,45,65,0.003953397274017334,12288.0,6656.0
TCGA-4Z-AA7W,32,66,0.003953387960791588,7424.0,2560.0
TCGA-4Z-AA7W,58,67,0.00395337026566267,9472.0,4096.0
TCGA-4Z-AA7W,95,68,0.003953293897211552,1024.0,13056.0
TCGA-4Z-AA7W,76,69,0.00395316444337368,18176.0,18176.0
TCGA-4Z-AA7W,64,70,0.003953138366341591,15104.0,3584.0
TCGA-4Z-AA7W,100,71,0.003953097853809595,11776.0,6656.0
TCGA-4Z-AA7W,3,72,0.003953082486987114,11776.0,6912.0
TCGA-4Z-AA7W,114,73,0.003953006584197283,14592.0,9216.0
TCGA-4Z-AA7W,97,74,0.003952981438487768,12800.0,9728.0
TCGA-4Z-AA7W,24,75,0.003952956758439541,13824.0,14080.0
TCGA-4Z-AA7W,25,76,0.003952919039875269,13824.0,2560.0
TCGA-4Z-AA7W,71,77,0.003952862694859505,15616.0,19968.0
TCGA-4Z-AA7W,0,78,0.003952857572585344,19200.0,17408.0
TCGA-4Z-AA7W,107,79,0.003952646628022194,22528.0,18176.0
TCGA-4Z-AA7W,30,80,0.003952644765377045,19712.0,19968.0
TCGA-4Z-AA7W,117,81,0.003952628001570702,10752.0,4864.0
TCGA-4Z-AA7W,89,82,0.00395254697650671,18944.0,12288.0
TCGA-4Z-AA7W,2,83,0.0039525460451841354,9728.0,8704.0
TCGA-4Z-AA7W,56,84,0.003952539060264826,14336.0,5632.0
TCGA-4Z-AA7W,120,85,0.003952490631490946,16896.0,10752.0
TCGA-4Z-AA7W,57,86,0.003952154889702797,14848.0,10752.0
TCGA-4Z-AA7W,88,87,0.003952111583203077,16896.0,6144.0
TCGA-4Z-AA7W,22,88,0.003952100872993469,1792.0,11776.0
TCGA-4Z-AA7W,9,89,0.003952098079025745,10752.0,15104.0
TCGA-4Z-AA7W,31,90,0.003951796796172857,11008.0,15872.0
TCGA-4Z-AA7W,84,91,0.003951787482947111,1536.0,19456.0
TCGA-4Z-AA7W,74,92,0.003951697144657373,17408.0,14336.0
TCGA-4Z-AA7W,92,93,0.003951676189899445,11776.0,13824.0
TCGA-4Z-AA7W,7,94,0.003951664548367262,17408.0,12800.0
TCGA-4Z-AA7W,8,95,0.003951392602175474,13824.0,3840.0
TCGA-4Z-AA7W,103,96,0.003951185382902622,18176.0,7680.0
TCGA-4Z-AA7W,54,97,0.003950892481952906,11264.0,12288.0
TCGA-4Z-AA7W,6,98,0.003950879443436861,16384.0,4864.0
TCGA-4Z-AA7W,78,99,0.00395063403993845,18944.0,18944.0
TCGA-4Z-AA7W,28,100,0.0039503807201981544,9984.0,12800.0
TCGA-4Z-AA7W,48,101,0.003950182348489761,15360.0,4608.0
TCGA-4Z-AA7W,90,102,0.003949994686990976,19456.0,9984.0
TCGA-4Z-AA7W,29,103,0.003949516918510199,12288.0,13824.0
TCGA-4Z-AA7W,79,104,0.003949368372559547,12800.0,1280.0
TCGA-4Z-AA7W,116,105,0.0039491173811256886,5120.0,3840.0
TCGA-4Z-AA7W,106,106,0.003949092235416174,11264.0,10496.0
TCGA-4Z-AA7W,20,107,0.003948669880628586,14848.0,15616.0
TCGA-4Z-AA7W,19,108,0.0039481669664382935,16640.0,15104.0
TCGA-4Z-AA7W,13,109,0.003947933670133352,16128.0,3840.0
TCGA-4Z-AA7W,46,110,0.003947805613279343,13824.0,12288.0
TCGA-4Z-AA7W,83,111,0.003947359975427389,12544.0,9216.0
TCGA-4Z-AA7W,12,112,0.003947016783058643,12800.0,16128.0
TCGA-4Z-AA7W,77,113,0.003946935757994652,8704.0,2304.0
TCGA-4Z-AA7W,38,114,0.003946804907172918,13056.0,18944.0
TCGA-4Z-AA7W,80,115,0.0039464496076107025,13824.0,13056.0
TCGA-4Z-AA7W,91,116,0.003945804666727781,13824.0,3584.0
TCGA-4Z-AA7W,40,117,0.003944394178688526,16384.0,14848.0
TCGA-4Z-AA7W,5,118,0.003941747359931469,7936.0,3584.0
TCGA-4Z-AA7W,68,119,0.003941177390515804,15872.0,4864.0
TCGA-4Z-AA7W,101,120,0.003940540831536055,15872.0,17664.0
TCGA-4Z-AA7W,21,121,0.003939203452318907,11520.0,15616.0
TCGA-4Z-AA7W,10,122,0.003933712840080261,11008.0,16128.0
TCGA-4Z-AA7W,39,123,0.003933187574148178,12032.0,8192.0
TCGA-4Z-AA7Y,5,1,0.03516542911529541,11264.0,3072.0
TCGA-4Z-AA7Y,84,2,0.03510606661438942,10496.0,3072.0
TCGA-4Z-AA7Y,132,3,0.03455197066068649,10752.0,6912.0
TCGA-4Z-AA7Y,87,4,0.03438204154372215,6656.0,8960.0
TCGA-4Z-AA7Y,85,5,0.033648740500211716,7424.0,11776.0
TCGA-4Z-AA7Y,131,6,0.033146537840366364,8448.0,8448.0
TCGA-4Z-AA7Y,86,7,0.0331408753991127,7936.0,1536.0
TCGA-4Z-AA7Y,135,8,0.03279213234782219,11776.0,7680.0
TCGA-4Z-AA7Y,105,9,0.032652173191308975,9216.0,9472.0
TCGA-4Z-AA7Y,107,10,0.03261861577630043,6400.0,15616.0
TCGA-4Z-AA7Y,133,11,0.032472603023052216,12288.0,7680.0
TCGA-4Z-AA7Y,74,12,0.03226339444518089,11776.0,9728.0
TCGA-4Z-AA7Y,6,13,0.032250359654426575,6400.0,6144.0
TCGA-4Z-AA7Y,7,14,0.03215837478637695,5888.0,8960.0
TCGA-4Z-AA7Y,134,15,0.031920671463012695,13312.0,3072.0
TCGA-4Z-AA7Y,31,16,0.0317755788564682,9216.0,20224.0
TCGA-4Z-AA7Y,106,17,0.03173498064279556,7936.0,15104.0
TCGA-4Z-AA7Y,4,18,0.031436286866664886,8448.0,15104.0
TCGA-4Z-AA7Y,140,19,0.030643239617347717,12288.0,6656.0
TCGA-4Z-AA7Y,73,20,0.03021988272666931,7680.0,2048.0
TCGA-4Z-AA7Y,62,21,0.029464198276400566,4096.0,13056.0
TCGA-4Z-AA7Y,61,22,0.0294183399528265,13056.0,7424.0
TCGA-4Z-AA7Y,29,23,0.029345722869038582,11776.0,7168.0
TCGA-4Z-AA7Y,30,24,0.02921304851770401,4352.0,13824.0
TCGA-4Z-AA7Y,75,25,0.02896915376186371,4352.0,8704.0
TCGA-4Z-AA7Y,72,26,0.028235089033842087,10240.0,7936.0
TCGA-4Z-AA7Y,26,27,0.0012894019018858671,14592.0,14336.0
TCGA-4Z-AA7Y,80,28,0.0012892100494354963,11520.0,14592.0
TCGA-4Z-AA7Y,158,29,0.0012891788501292467,15616.0,17920.0
TCGA-4Z-AA7Y,138,30,0.0012890684884041548,7680.0,10496.0
TCGA-4Z-AA7Y,81,31,0.001288970117457211,14848.0,19968.0
TCGA-4Z-AA7Y,115,32,0.001288922387175262,10752.0,19456.0
TCGA-4Z-AA7Y,113,33,0.0012889002682641149,15104.0,3584.0
TCGA-4Z-AA7Y,130,34,0.0012888521887362003,3840.0,9216.0
TCGA-4Z-AA7Y,114,35,0.0012888441560789943,6656.0,19200.0
TCGA-4Z-AA7Y,116,36,0.0012888133060187101,17664.0,9472.0
TCGA-4Z-AA7Y,99,37,0.001288781058974564,2816.0,14080.0
TCGA-4Z-AA7Y,60,38,0.001288771629333496,7936.0,5632.0
TCGA-4Z-AA7Y,42,39,0.0012887706980109215,6144.0,8960.0
TCGA-4Z-AA7Y,24,40,0.001288755564019084,8704.0,20480.0
TCGA-4Z-AA7Y,45,41,0.0012887493940070271,13568.0,19456.0
TCGA-4Z-AA7Y,91,42,0.0012887418270111084,6400.0,3072.0
TCGA-4Z-AA7Y,89,43,0.00128873938228935,6912.0,7680.0
TCGA-4Z-AA7Y,78,44,0.0012887334451079369,6656.0,6144.0
TCGA-4Z-AA7Y,47,45,0.0012887236662209034,13312.0,20736.0
TCGA-4Z-AA7Y,117,46,0.0012887140037491918,9216.0,19456.0
TCGA-4Z-AA7Y,98,47,0.0012887069024145603,11776.0,6912.0
TCGA-4Z-AA7Y,82,48,0.0012887018965557218,18176.0,10752.0
TCGA-4Z-AA7Y,59,49,0.0012886684853583574,8448.0,9728.0
TCGA-4Z-AA7Y,83,50,0.0012886661570519209,10240.0,18944.0
TCGA-4Z-AA7Y,119,51,0.0012886625481769443,17408.0,12032.0
TCGA-4Z-AA7Y,43,52,0.001288644503802061,4864.0,9216.0
TCGA-4Z-AA7Y,96,53,0.0012886374024674296,7936.0,9728.0
TCGA-4Z-AA7Y,150,54,0.0012886038748547435,9984.0,10496.0
TCGA-4Z-AA7Y,97,55,0.0012886036420240998,9728.0,14080.0
TCGA-4Z-AA7Y,123,56,0.0012885995674878359,5376.0,14592.0
TCGA-4Z-AA7Y,25,57,0.0012885957257822156,16896.0,9728.0
TCGA-4Z-AA7Y,36,58,0.0012885950272902846,13312.0,16896.0
TCGA-4Z-AA7Y,145,59,0.0012885769829154015,3328.0,8704.0
TCGA-4Z-AA7Y,44,60,0.0012885681353509426,6144.0,17664.0
TCGA-4Z-AA7Y,88,61,0.0012885354226455092,10496.0,19200.0
TCGA-4Z-AA7Y,137,62,0.0012885297182947397,8960.0,20480.0
TCGA-4Z-AA7Y,156,63,0.0012885105097666383,12800.0,20480.0
TCGA-4Z-AA7Y,48,64,0.0012884982861578465,18176.0,14848.0
TCGA-4Z-AA7Y,136,65,0.0012884588213637471,10240.0,19456.0
TCGA-4Z-AA7Y,128,66,0.0012884284369647503,9216.0,4352.0
TCGA-4Z-AA7Y,38,67,0.001288422616198659,11520.0,6656.0
TCGA-4Z-AA7Y,27,68,0.0012884085299447179,12544.0,17920.0
TCGA-4Z-AA7Y,112,69,0.001288380823098123,7168.0,1792.0
TCGA-4Z-AA7Y,57,70,0.0012883804738521576,15360.0,9216.0
TCGA-4Z-AA7Y,155,71,0.001288380241021514,9472.0,20480.0
TCGA-4Z-AA7Y,118,72,0.0012883753515779972,13312.0,20480.0
TCGA-4Z-AA7Y,0,73,0.0012883702293038368,9984.0,12288.0
TCGA-4Z-AA7Y,93,74,0.0012883581221103668,6912.0,6400.0
TCGA-4Z-AA7Y,41,75,0.0012883453164249659,3072.0,9984.0
TCGA-4Z-AA7Y,19,76,0.0012883368181064725,4864.0,6656.0
TCGA-4Z-AA7Y,58,77,0.0012883271556347609,4352.0,15104.0
TCGA-4Z-AA7Y,22,78,0.0012883221497759223,10240.0,7168.0
TCGA-4Z-AA7Y,90,79,0.0012882802402600646,5888.0,11776.0
TCGA-4Z-AA7Y,79,80,0.0012882720911875367,14848.0,8448.0
TCGA-4Z-AA7Y,94,81,0.001288263825699687,14080.0,4864.0
TCGA-4Z-AA7Y,157,82,0.0012882495066151023,13568.0,9472.0
TCGA-4Z-AA7Y,95,83,0.0012882332084700465,7168.0,1536.0
TCGA-4Z-AA7Y,77,84,0.0012882264563813806,9216.0,1536.0
TCGA-4Z-AA7Y,11,85,0.0012881868751719594,6144.0,2560.0
TCGA-4Z-AA7Y,144,86,0.0012881731381639838,7424.0,4352.0
TCGA-4Z-AA7Y,127,87,0.0012881712755188346,2816.0,13824.0
TCGA-4Z-AA7Y,92,88,0.001288162893615663,7168.0,14848.0
TCGA-4Z-AA7Y,37,89,0.0012881517177447677,7680.0,11264.0
TCGA-4Z-AA7Y,1,90,0.0012881280854344368,12544.0,3072.0
TCGA-4Z-AA7Y,147,91,0.0012881240108981729,5888.0,18688.0
TCGA-4Z-AA7Y,76,92,0.0012880846625193954,1280.0,9984.0
TCGA-4Z-AA7Y,139,93,0.0012880610302090645,12544.0,13056.0
TCGA-4Z-AA7Y,146,94,0.001288059283979237,3584.0,10496.0
TCGA-4Z-AA7Y,49,95,0.0012880505528301,14080.0,20224.0
TCGA-4Z-AA7Y,121,96,0.0012880486901849508,4096.0,14848.0
TCGA-4Z-AA7Y,149,97,0.0012880463618785143,4608.0,13056.0
TCGA-4Z-AA7Y,143,98,0.0012880333233624697,11264.0,6144.0
TCGA-4Z-AA7Y,142,99,0.001288028433918953,3072.0,14336.0
TCGA-4Z-AA7Y,14,100,0.0012879890855401754,7936.0,3584.0
TCGA-4Z-AA7Y,151,101,0.001287978608161211,7424.0,2560.0
TCGA-4Z-AA7Y,46,102,0.0012879393761977553,14336.0,19456.0
TCGA-4Z-AA7Y,129,103,0.0012879336718469858,4608.0,7936.0
TCGA-4Z-AA7Y,20,104,0.0012879332061856985,7424.0,9984.0
TCGA-4Z-AA7Y,2,105,0.0012878668494522572,9984.0,9472.0
TCGA-4Z-AA7Y,120,106,0.0012878485722467303,4864.0,7936.0
TCGA-4Z-AA7Y,141,107,0.0012878264533355832,8960.0,9216.0
TCGA-4Z-AA7Y,50,108,0.0012878142297267914,14592.0,20736.0
TCGA-4Z-AA7Y,21,109,0.0012878061970695853,13312.0,2304.0
TCGA-4Z-AA7Y,51,110,0.001287761377170682,17920.0,9216.0
TCGA-4Z-AA7Y,3,111,0.0012877603294327855,3584.0,8704.0
TCGA-4Z-AA7Y,122,112,0.001287730410695076,5632.0,6912.0
TCGA-4Z-AA7Y,148,113,0.0012876576511189342,6912.0,8704.0
TCGA-4Z-AA7Y,53,114,0.0012875692918896675,7168.0,4096.0
TCGA-4Z-AA7Y,39,115,0.0012875631218776107,14080.0,4096.0
TCGA-4Z-AA7Y,55,116,0.0012875429820269346,10752.0,4352.0
TCGA-4Z-AA7Y,154,117,0.0012875336688011885,4864.0,14336.0
TCGA-4Z-AA7Y,12,118,0.0012875184183940291,5376.0,6400.0
TCGA-4Z-AA7Y,13,119,0.0012874578824266791,6656.0,13824.0
TCGA-4Z-AA7Y,70,120,0.0012874153908342123,12544.0,6656.0
TCGA-4Z-AA7Y,153,121,0.0012874100357294083,8704.0,4096.0
TCGA-4Z-AA7Y,17,122,0.0012873158557340503,3584.0,13056.0
TCGA-4Z-AA7Y,68,123,0.001287201070226729,8192.0,2048.0
TCGA-4Z-AA7Y,56,124,0.00128708325792104,16128.0,17664.0
TCGA-4Z-AA7Y,69,125,0.0012869940837845206,6656.0,15360.0
TCGA-4Z-AA7Y,35,126,0.0012869411148130894,4096.0,13568.0
TCGA-4Z-AA7Y,52,127,0.0012869377387687564,12544.0,1792.0
TCGA-4Z-AA7Y,152,128,0.001286883489228785,7936.0,20736.0
TCGA-4Z-AA7Y,33,129,0.001286835060454905,4096.0,14336.0
TCGA-4Z-AA7Y,71,130,0.0012868312187492847,5888.0,14592.0
TCGA-4Z-AA7Y,67,131,0.001286829705350101,4352.0,13056.0
TCGA-4Z-AA7Y,54,132,0.0012868117773905396,6656.0,4608.0
TCGA-4Z-AA7Y,104,133,0.0012867067707702518,6912.0,17408.0
TCGA-4Z-AA7Y,32,134,0.0012866732431575656,6144.0,11776.0
TCGA-4Z-AA7Y,9,135,0.0012866692850366235,16896.0,7680.0
TCGA-4Z-AA7Y,8,136,0.0012866591569036245,12800.0,7680.0
TCGA-4Z-AA7Y,10,137,0.0012866464676335454,6912.0,3584.0
TCGA-4Z-AA7Y,111,138,0.001286619808524847,6656.0,4352.0
TCGA-4Z-AA7Y,18,139,0.0012865780154243112,5632.0,6144.0
TCGA-4Z-AA7Y,15,140,0.0012865560129284859,4608.0,13824.0
TCGA-4Z-AA7Y,110,141,0.0012865436729043722,12032.0,2304.0
TCGA-4Z-AA7Y,102,142,0.0012864867458119988,8704.0,2048.0
TCGA-4Z-AA7Y,63,143,0.0012864230666309595,8704.0,6400.0
TCGA-4Z-AA7Y,108,144,0.001286333310417831,9728.0,2048.0
TCGA-4Z-AA7Y,109,145,0.0012863187585026026,7936.0,1792.0
TCGA-4Z-AA7Y,34,146,0.001286251936107874,6912.0,15872.0
TCGA-4Z-AA7Y,65,147,0.0012861903524026275,10496.0,7936.0
TCGA-4Z-AA7Y,64,148,0.0012860995484516025,12800.0,7424.0
TCGA-4Z-AA7Y,28,149,0.0012860078131780028,15872.0,7936.0
TCGA-4Z-AA7Y,100,150,0.00128600571770221,14336.0,20736.0
TCGA-4Z-AA7Y,66,151,0.0012859682319685817,12544.0,5376.0
TCGA-4Z-AA7Y,103,152,0.0012859086273238063,8704.0,2304.0
TCGA-4Z-AA7Y,126,153,0.0012858647387474775,6912.0,4864.0
TCGA-4Z-AA7Y,101,154,0.0012858493719249964,10752.0,19200.0
TCGA-4Z-AA7Y,16,155,0.001285760896280408,13056.0,20480.0
TCGA-4Z-AA7Y,40,156,0.001285717822611332,12288.0,2048.0
TCGA-4Z-AA7Y,125,157,0.0012855675304308534,8192.0,2816.0
TCGA-4Z-AA7Y,124,158,0.0012854947708547115,9984.0,2560.0
TCGA-4Z-AA7Y,23,159,0.0012851860374212265,11264.0,12544.0
TCGA-4Z-AA80,5,1,0.010850864462554455,20224.0,12544.0
TCGA-4Z-AA80,17,2,0.01069476455450058,2816.0,6144.0
TCGA-4Z-AA80,4,3,0.010040582157671452,16640.0,12032.0
TCGA-4Z-AA80,30,4,0.009943880140781403,12032.0,768.0
TCGA-4Z-AA80,66,5,0.009910177439451218,3584.0,4096.0
TCGA-4Z-AA80,65,6,0.009906911291182041,3072.0,4096.0
TCGA-4Z-AA80,41,7,0.009843756444752216,19712.0,7680.0
TCGA-4Z-AA80,37,8,0.009801052510738373,2816.0,4864.0
TCGA-4Z-AA80,16,9,0.009441849775612354,5632.0,3840.0
TCGA-4Z-AA80,15,10,0.009133191779255867,11008.0,16896.0
TCGA-4Z-AA80,63,11,0.009131180122494698,11264.0,17408.0
TCGA-4Z-AA80,14,12,0.009125097654759884,9216.0,19968.0
TCGA-4Z-AA80,89,13,0.009120679460465908,11776.0,22016.0
TCGA-4Z-AA80,53,14,0.009119866415858269,14592.0,19712.0
TCGA-4Z-AA80,72,15,0.009119754657149315,1280.0,6912.0
TCGA-4Z-AA80,36,16,0.00911635346710682,21248.0,12800.0
TCGA-4Z-AA80,55,17,0.009116069413721561,18944.0,17408.0
TCGA-4Z-AA80,13,18,0.009115914814174175,11520.0,16640.0
TCGA-4Z-AA80,60,19,0.009115863591432571,1792.0,5120.0
TCGA-4Z-AA80,105,20,0.009115681052207947,2048.0,9472.0
TCGA-4Z-AA80,88,21,0.00911475345492363,19200.0,16640.0
TCGA-4Z-AA80,70,22,0.009112815372645855,15872.0,512.0
TCGA-4Z-AA80,62,23,0.00911256019026041,9472.0,16128.0
TCGA-4Z-AA80,26,24,0.009111507795751095,19968.0,1536.0
TCGA-4Z-AA80,23,25,0.009111039340496063,9472.0,22016.0
TCGA-4Z-AA80,81,26,0.009110640734434128,10240.0,16640.0
TCGA-4Z-AA80,99,27,0.009110230021178722,19456.0,16384.0
TCGA-4Z-AA80,59,28,0.009109296835958958,1024.0,10752.0
TCGA-4Z-AA80,98,29,0.009108076803386211,11008.0,1024.0
TCGA-4Z-AA80,91,30,0.00910694058984518,1024.0,14080.0
TCGA-4Z-AA80,80,31,0.009106355719268322,3584.0,15872.0
TCGA-4Z-AA80,83,32,0.009106033481657505,3072.0,9216.0
TCGA-4Z-AA80,93,33,0.009105948731303215,1280.0,14592.0
TCGA-4Z-AA80,35,34,0.009105383418500423,17152.0,512.0
TCGA-4Z-AA80,95,35,0.009104626253247261,9472.0,15872.0
TCGA-4Z-AA80,42,36,0.009104433469474316,4096.0,1792.0
TCGA-4Z-AA80,51,37,0.009104195050895214,1024.0,14848.0
TCGA-4Z-AA80,96,38,0.00910390168428421,13056.0,13056.0
TCGA-4Z-AA80,47,39,0.009103450924158096,512.0,11264.0
TCGA-4Z-AA80,108,40,0.009103001095354557,3072.0,3840.0
TCGA-4Z-AA80,79,41,0.009102837182581425,2816.0,1536.0
TCGA-4Z-AA80,86,42,0.00910097174346447,7680.0,6144.0
TCGA-4Z-AA80,25,43,0.009100833907723427,1536.0,16896.0
TCGA-4Z-AA80,43,44,0.009100749157369137,1024.0,12544.0
TCGA-4Z-AA80,52,45,0.00910036452114582,16384.0,21248.0
TCGA-4Z-AA80,34,46,0.009100085124373436,2304.0,14592.0
TCGA-4Z-AA80,31,47,0.009099820628762245,2304.0,14848.0
TCGA-4Z-AA80,24,48,0.009099303744733334,6144.0,5888.0
TCGA-4Z-AA80,106,49,0.009099282324314117,2048.0,6144.0
TCGA-4Z-AA80,33,50,0.009099059738218784,2048.0,14848.0
TCGA-4Z-AA80,64,51,0.009098801761865616,5120.0,10496.0
TCGA-4Z-AA80,69,52,0.009098655544221401,15872.0,19968.0
TCGA-4Z-AA80,58,53,0.00909845158457756,6912.0,4864.0
TCGA-4Z-AA80,78,54,0.009098151698708534,3584.0,1280.0
TCGA-4Z-AA80,82,55,0.009097566828131676,9728.0,19456.0
TCGA-4Z-AA80,22,56,0.0090973861515522,6912.0,6144.0
TCGA-4Z-AA80,97,57,0.009097190573811531,20480.0,13568.0
TCGA-4Z-AA80,94,58,0.00909683108329773,7424.0,4352.0
TCGA-4Z-AA80,40,59,0.00909626204520464,1536.0,8704.0
TCGA-4Z-AA80,28,60,0.009095899760723114,12032.0,1024.0
TCGA-4Z-AA80,85,61,0.009095794521272182,3584.0,11520.0
TCGA-4Z-AA80,75,62,0.0090956324711442,3840.0,15616.0
TCGA-4Z-AA80,27,63,0.00909506343305111,14336.0,14336.0
TCGA-4Z-AA80,87,64,0.009094823151826859,1536.0,16384.0
TCGA-4Z-AA80,102,65,0.009093916043639183,19712.0,15616.0
TCGA-4Z-AA80,92,66,0.009093386121094227,5632.0,5632.0
TCGA-4Z-AA80,32,67,0.009093143977224827,2560.0,15104.0
TCGA-4Z-AA80,19,68,0.009093099273741245,2816.0,1792.0
TCGA-4Z-AA80,3,69,0.00909285806119442,15360.0,19968.0
TCGA-4Z-AA80,20,70,0.0090928440913558,4608.0,768.0
TCGA-4Z-AA80,50,71,0.009092793799936771,1024.0,9216.0
TCGA-4Z-AA80,9,72,0.009092643857002258,5120.0,5376.0
TCGA-4Z-AA80,68,73,0.009092599153518677,11264.0,15872.0
TCGA-4Z-AA80,7,74,0.009092492051422596,2560.0,4864.0
TCGA-4Z-AA80,107,75,0.00909214187413454,5120.0,4864.0
TCGA-4Z-AA80,44,76,0.009092097170650959,3328.0,6400.0
TCGA-4Z-AA80,49,77,0.009091760031878948,2304.0,8448.0
TCGA-4Z-AA80,100,78,0.009091650135815144,7680.0,21248.0
TCGA-4Z-AA80,71,79,0.009091449901461601,10752.0,1024.0
TCGA-4Z-AA80,61,80,0.009091334417462349,1536.0,6656.0
TCGA-4Z-AA80,90,81,0.009089868515729904,1280.0,14336.0
TCGA-4Z-AA80,0,82,0.009089820086956024,17152.0,19456.0
TCGA-4Z-AA80,2,83,0.009089361876249313,14336.0,19712.0
TCGA-4Z-AA80,57,84,0.00908934697508812,9728.0,16384.0
TCGA-4Z-AA80,8,85,0.009089343249797821,1280.0,16896.0
TCGA-4Z-AA80,104,86,0.0090889697894454,3584.0,2560.0
TCGA-4Z-AA80,1,87,0.009088811464607716,8448.0,21760.0
TCGA-4Z-AA80,56,88,0.009088736958801746,9728.0,16640.0
TCGA-4Z-AA80,84,89,0.009088386781513691,7680.0,7680.0
TCGA-4Z-AA80,77,90,0.009087588638067245,1024.0,9472.0
TCGA-4Z-AA80,29,91,0.009086614474654198,15872.0,4608.0
TCGA-4Z-AA80,38,92,0.009086458012461662,12288.0,1024.0
TCGA-4Z-AA80,10,93,0.00908642914146185,5120.0,3584.0
TCGA-4Z-AA80,76,94,0.009086410515010357,2560.0,2560.0
TCGA-4Z-AA80,101,95,0.009085070341825485,19200.0,12544.0
TCGA-4Z-AA80,39,96,0.009084098041057587,1280.0,18688.0
TCGA-4Z-AA80,54,97,0.009079794399440289,5888.0,12288.0
TCGA-4Z-AA80,12,98,0.00907963514328003,3840.0,768.0
TCGA-4Z-AA80,67,99,0.009079163894057274,18176.0,18688.0
TCGA-4Z-AA80,21,100,0.009078619070351124,1536.0,7168.0
TCGA-4Z-AA80,74,101,0.009077705442905426,1792.0,4096.0
TCGA-4Z-AA80,48,102,0.00907470565289259,3328.0,512.0
TCGA-4Z-AA80,103,103,0.009065823629498482,3072.0,4608.0
TCGA-4Z-AA80,45,104,0.0090654781088233,6912.0,10496.0
TCGA-4Z-AA80,46,105,0.009064443409442902,768.0,15104.0
TCGA-4Z-AA80,6,106,0.009058167226612568,1280.0,12288.0
TCGA-4Z-AA80,73,107,0.009054441004991531,4608.0,1792.0
TCGA-4Z-AA80,18,108,0.00903159100562334,4352.0,1024.0
TCGA-4Z-AA80,11,109,0.009026416577398777,16384.0,12032.0
